customer_id,account_age_days,avg_transaction_amount,usual_location,transaction_frequency
C00001,1339,2485.94,Bengaluru,low
C00002,593,1645.29,Delhi,low
C00003,315,2742.26,Bengaluru,high
C00004,1146,4844.07,Bengaluru,high
C00005,894,1545.87,Hyderabad,low
C00006,221,1545.89,Delhi,low
C00007,1064,5024.24,Visakhapatnam,low
C00008,1179,2964.24,Delhi,high
C00009,1360,1326.61,Vijayawada,medium
C00010,481,2561.14,Ahmedabad,high
C00011,599,1331.84,Hyderabad,low
C00012,1459,1329.84,Kolkata,medium
C00013,599,2106.57,Mumbai,low
C00014,719,519.0,Bengaluru,low
C00015,808,586.6,Bengaluru,medium
C00016,734,1248.95,Visakhapatnam,medium
C00017,118,931.88,Ahmedabad,high
C00018,285,2207.91,Kolkata,low
C00019,1160,997.57,Chennai,high
C00020,1296,718.77,Pune,high
C00021,423,4666.73,Bengaluru,low
C00022,1384,1554.31,Delhi,medium
C00023,193,1880.77,Delhi,low
C00024,808,712.98,Chennai,medium
C00025,1331,1263.57,Pune,low
C00026,788,1934.57,Pune,low
C00027,1402,851.84,Chennai,high
C00028,1429,2297.89,Bengaluru,high
C00029,1330,1218.2,Mumbai,high
C00030,531,1489.12,Mumbai,medium
C00031,807,1217.35,Chennai,high
C00032,1439,6000.05,Vijayawada,low
C00033,1432,1784.28,Pune,low
C00034,499,905.09,Hyderabad,medium
C00035,851,3072.34,Chennai,low
C00036,462,814.03,Visakhapatnam,high
C00037,674,2061.74,Delhi,high
C00038,1052,503.59,Kolkata,high
C00039,969,759.17,Mumbai,medium
C00040,315,2045.71,Delhi,high
C00041,1179,2908.94,Vijayawada,medium
C00042,1227,2012.09,Kolkata,high
C00043,847,1669.65,Pune,low
C00044,313,1480.04,Vijayawada,medium
C00045,216,688.49,Hyderabad,low
C00046,343,1127.37,Mumbai,high
C00047,894,1334.25,Visakhapatnam,low
C00048,818,3578.4,Kolkata,high
C00049,988,2250.47,Vijayawada,medium
C00050,1163,572.24,Hyderabad,high
C00051,264,2222.07,Vijayawada,medium
C00052,1342,1401.42,Pune,low
C00053,631,1159.27,Kolkata,low
C00054,959,2678.82,Hyderabad,high
C00055,569,3518.15,Vijayawada,low
C00056,1069,3297.35,Bengaluru,high
C00057,641,1043.2,Vijayawada,high
C00058,437,1472.26,Mumbai,medium
C00059,360,2232.47,Vijayawada,high
C00060,31,3393.6,Visakhapatnam,medium
C00061,1030,1318.27,Hyderabad,low
C00062,773,1595.37,Chennai,low
C00063,148,876.93,Delhi,high
C00064,191,827.17,Bengaluru,high
C00065,1025,3052.4,Bengaluru,high
C00066,287,4346.38,Mumbai,high
C00067,1003,1717.69,Vijayawada,low
C00068,572,3455.9,Vijayawada,high
C00069,896,2276.98,Delhi,high
C00070,1442,1183.48,Delhi,high
C00071,668,2276.62,Kolkata,high
C00072,1360,4891.56,Pune,medium
C00073,1089,1758.57,Ahmedabad,low
C00074,537,4976.89,Delhi,low
C00075,722,327.9,Hyderabad,high
C00076,1164,3071.06,Delhi,high
C00077,481,1904.78,Hyderabad,low
C00078,1479,1482.06,Hyderabad,low
C00079,168,1910.63,Hyderabad,medium
C00080,175,494.54,Vijayawada,low
C00081,600,1560.49,Ahmedabad,low
C00082,1134,2270.3,Mumbai,high
C00083,1199,4704.02,Visakhapatnam,medium
C00084,527,1285.2,Ahmedabad,medium
C00085,419,1064.25,Bengaluru,low
C00086,1379,1299.06,Kolkata,medium
C00087,897,3263.49,Kolkata,medium
C00088,140,2228.83,Bengaluru,low
C00089,854,1275.63,Pune,low
C00090,539,2512.83,Delhi,low
C00091,1128,1917.24,Ahmedabad,low
C00092,894,3378.41,Mumbai,medium
C00093,977,1140.48,Delhi,low
C00094,937,1454.71,Vijayawada,low
C00095,133,1395.03,Vijayawada,low
C00096,221,695.24,Delhi,low
C00097,862,2182.05,Ahmedabad,medium
C00098,467,2132.88,Kolkata,low
C00099,367,1805.99,Kolkata,low
C00100,829,1545.43,Chennai,medium
C00101,614,717.34,Kolkata,high
C00102,1168,1369.39,Ahmedabad,low
C00103,418,1440.55,Chennai,low
C00104,149,1068.55,Visakhapatnam,high
C00105,1140,1620.85,Hyderabad,high
C00106,672,2340.63,Hyderabad,low
C00107,1226,6133.76,Ahmedabad,high
C00108,1117,2016.3,Mumbai,low
C00109,1070,2128.03,Bengaluru,low
C00110,170,1714.97,Visakhapatnam,low
C00111,1412,517.15,Delhi,medium
C00112,275,1769.24,Visakhapatnam,low
C00113,1215,1871.87,Visakhapatnam,low
C00114,1298,8925.34,Bengaluru,medium
C00115,1376,1588.44,Visakhapatnam,high
C00116,1100,2189.76,Pune,medium
C00117,448,1759.84,Pune,low
C00118,573,842.1,Kolkata,low
C00119,1405,3783.39,Chennai,medium
C00120,677,2934.52,Bengaluru,low
C00121,968,3010.05,Visakhapatnam,high
C00122,234,996.69,Bengaluru,high
C00123,466,4479.91,Vijayawada,medium
C00124,301,723.67,Pune,low
C00125,530,2635.95,Pune,medium
C00126,353,7475.14,Ahmedabad,high
C00127,1470,945.48,Chennai,high
C00128,1369,1245.69,Vijayawada,low
C00129,1397,1920.45,Vijayawada,medium
C00130,1388,1297.61,Bengaluru,low
C00131,571,656.95,Bengaluru,low
C00132,1163,1882.03,Mumbai,medium
C00133,607,902.39,Visakhapatnam,low
C00134,1499,2448.86,Pune,low
C00135,1437,990.21,Chennai,high
C00136,1030,4929.53,Chennai,low
C00137,219,1081.85,Kolkata,medium
C00138,120,1460.01,Hyderabad,medium
C00139,297,3054.37,Chennai,low
C00140,934,808.74,Vijayawada,high
C00141,905,2086.81,Vijayawada,low
C00142,259,4209.86,Bengaluru,high
C00143,335,633.13,Vijayawada,low
C00144,786,2029.52,Visakhapatnam,high
C00145,333,2131.25,Kolkata,low
C00146,115,2992.09,Chennai,medium
C00147,111,805.55,Pune,low
C00148,1426,762.99,Delhi,high
C00149,240,2527.04,Pune,high
C00150,862,2183.28,Visakhapatnam,high
C00151,346,2118.29,Delhi,low
C00152,392,2254.61,Kolkata,low
C00153,397,1156.93,Pune,medium
C00154,1401,2093.32,Delhi,medium
C00155,356,2177.73,Bengaluru,medium
C00156,109,1131.4,Ahmedabad,low
C00157,438,6052.92,Ahmedabad,medium
C00158,655,2449.24,Delhi,low
C00159,78,829.81,Delhi,medium
C00160,702,2758.11,Chennai,low
C00161,601,955.27,Pune,high
C00162,1073,3002.34,Kolkata,high
C00163,1128,3822.38,Pune,low
C00164,266,1055.85,Chennai,low
C00165,1219,3366.86,Chennai,low
C00166,252,2353.95,Visakhapatnam,medium
C00167,737,3071.38,Pune,medium
C00168,1271,6176.19,Vijayawada,low
C00169,818,1534.62,Visakhapatnam,low
C00170,551,1102.81,Hyderabad,high
C00171,923,1009.65,Hyderabad,high
C00172,1132,1059.2,Delhi,medium
C00173,913,1712.01,Bengaluru,high
C00174,706,2246.86,Visakhapatnam,medium
C00175,1388,2154.67,Bengaluru,high
C00176,645,3081.62,Vijayawada,medium
C00177,1395,1815.28,Kolkata,medium
C00178,854,4630.12,Chennai,high
C00179,290,1515.52,Delhi,medium
C00180,1391,10547.58,Kolkata,high
C00181,386,2703.29,Visakhapatnam,high
C00182,646,1031.11,Kolkata,high
C00183,30,897.36,Chennai,medium
C00184,460,2463.03,Kolkata,high
C00185,1272,1556.65,Pune,medium
C00186,934,2863.05,Ahmedabad,high
C00187,467,2448.29,Vijayawada,medium
C00188,377,1716.78,Bengaluru,medium
C00189,1085,1038.08,Visakhapatnam,medium
C00190,221,672.43,Delhi,high
C00191,665,1346.56,Delhi,low
C00192,331,3140.7,Hyderabad,low
C00193,531,2068.76,Ahmedabad,high
C00194,179,800.96,Ahmedabad,medium
C00195,1319,2014.47,Visakhapatnam,low
C00196,1456,2312.3,Kolkata,medium
C00197,848,1013.37,Delhi,low
C00198,1373,1989.15,Hyderabad,low
C00199,900,1869.41,Delhi,low
C00200,1455,856.29,Vijayawada,medium
C00201,132,2271.29,Vijayawada,low
C00202,278,2591.65,Ahmedabad,low
C00203,981,3639.22,Vijayawada,high
C00204,1249,3570.69,Pune,medium
C00205,1284,735.14,Vijayawada,medium
C00206,1152,978.44,Ahmedabad,low
C00207,1002,2515.72,Ahmedabad,medium
C00208,536,2513.68,Chennai,high
C00209,1022,2515.74,Delhi,medium
C00210,930,22022.44,Bengaluru,high
C00211,615,2608.74,Delhi,medium
C00212,717,3765.59,Pune,high
C00213,195,3346.41,Mumbai,low
C00214,503,2748.87,Kolkata,high
C00215,342,1466.48,Delhi,low
C00216,879,2947.97,Kolkata,medium
C00217,1141,1089.21,Ahmedabad,medium
C00218,157,1543.19,Delhi,medium
C00219,827,1312.98,Visakhapatnam,high
C00220,70,1898.39,Visakhapatnam,medium
C00221,1006,8103.65,Hyderabad,medium
C00222,641,534.76,Kolkata,medium
C00223,1132,2811.89,Vijayawada,high
C00224,481,630.98,Ahmedabad,low
C00225,588,1324.49,Kolkata,medium
C00226,89,3653.2,Kolkata,medium
C00227,1399,1876.8,Kolkata,high
C00228,368,893.38,Ahmedabad,low
C00229,1304,1130.7,Vijayawada,low
C00230,836,2799.74,Visakhapatnam,high
C00231,1387,1119.69,Hyderabad,low
C00232,1346,2071.94,Kolkata,low
C00233,975,1854.12,Mumbai,low
C00234,562,1178.5,Kolkata,medium
C00235,463,7252.53,Ahmedabad,medium
C00236,721,2717.83,Kolkata,medium
C00237,893,482.61,Chennai,low
C00238,993,2031.92,Hyderabad,high
C00239,1134,1170.73,Hyderabad,medium
C00240,489,3132.62,Bengaluru,high
C00241,112,1075.35,Hyderabad,low
C00242,438,1670.64,Hyderabad,high
C00243,342,2499.34,Delhi,low
C00244,999,3159.86,Bengaluru,high
C00245,476,824.97,Ahmedabad,high
C00246,554,1448.26,Pune,low
C00247,1270,1321.9,Visakhapatnam,high
C00248,264,1177.18,Mumbai,medium
C00249,251,5670.81,Visakhapatnam,low
C00250,668,2342.05,Visakhapatnam,high
C00251,798,793.11,Kolkata,high
C00252,436,3268.71,Bengaluru,high
C00253,1444,7150.54,Delhi,low
C00254,1457,3521.51,Chennai,high
C00255,1259,670.45,Bengaluru,high
C00256,114,1313.95,Pune,high
C00257,907,4101.2,Pune,low
C00258,1066,1136.33,Pune,low
C00259,890,2401.92,Ahmedabad,low
C00260,917,2978.14,Pune,high
C00261,971,985.39,Mumbai,medium
C00262,390,1731.69,Vijayawada,high
C00263,583,218.92,Visakhapatnam,high
C00264,1020,924.9,Ahmedabad,medium
C00265,1243,1527.48,Chennai,medium
C00266,532,799.9,Bengaluru,medium
C00267,953,5201.02,Delhi,medium
C00268,1197,710.49,Visakhapatnam,high
C00269,806,1352.23,Pune,low
C00270,1042,1959.65,Pune,low
C00271,1028,4593.37,Delhi,medium
C00272,559,707.85,Pune,medium
C00273,1250,3833.75,Chennai,high
C00274,50,1812.01,Vijayawada,low
C00275,205,951.04,Delhi,high
C00276,862,2430.64,Ahmedabad,high
C00277,522,2048.64,Ahmedabad,high
C00278,1487,1218.53,Ahmedabad,medium
C00279,65,1883.55,Bengaluru,medium
C00280,483,1401.21,Kolkata,high
C00281,528,1937.84,Chennai,high
C00282,1221,2768.13,Pune,medium
C00283,1163,5046.51,Vijayawada,medium
C00284,901,805.1,Vijayawada,medium
C00285,750,7201.28,Ahmedabad,medium
C00286,657,506.07,Chennai,low
C00287,277,1630.89,Delhi,medium
C00288,274,2638.45,Vijayawada,high
C00289,409,2160.7,Delhi,low
C00290,1021,1200.85,Chennai,high
C00291,1237,1572.25,Vijayawada,high
C00292,609,1306.48,Bengaluru,low
C00293,636,1227.16,Delhi,medium
C00294,397,3126.86,Chennai,low
C00295,1480,2270.15,Vijayawada,low
C00296,591,1147.28,Hyderabad,low
C00297,1163,3230.14,Chennai,high
C00298,288,2197.96,Ahmedabad,low
C00299,55,3053.07,Visakhapatnam,medium
C00300,991,2710.26,Ahmedabad,medium
C00301,727,1050.16,Mumbai,low
C00302,547,1250.66,Ahmedabad,low
C00303,163,2925.68,Kolkata,medium
C00304,181,2676.55,Visakhapatnam,high
C00305,1435,1775.71,Hyderabad,low
C00306,335,1942.64,Visakhapatnam,medium
C00307,204,4129.96,Delhi,low
C00308,1172,1225.4,Kolkata,high
C00309,1250,2568.7,Visakhapatnam,low
C00310,1100,1578.32,Kolkata,medium
C00311,936,1562.51,Chennai,high
C00312,908,3676.61,Chennai,high
C00313,1301,3078.08,Hyderabad,high
C00314,233,3054.35,Delhi,high
C00315,462,4205.31,Chennai,high
C00316,196,1824.74,Mumbai,low
C00317,385,2804.03,Vijayawada,low
C00318,350,1471.25,Hyderabad,medium
C00319,952,2222.19,Visakhapatnam,medium
C00320,626,1654.0,Hyderabad,low
C00321,620,1917.14,Chennai,high
C00322,959,2650.21,Bengaluru,high
C00323,508,1057.54,Chennai,high
C00324,1237,7013.51,Delhi,medium
C00325,265,936.01,Vijayawada,low
C00326,1356,817.56,Mumbai,medium
C00327,321,3821.18,Bengaluru,low
C00328,369,3011.29,Chennai,high
C00329,1195,2700.57,Chennai,medium
C00330,284,2708.0,Ahmedabad,high
C00331,652,1785.73,Kolkata,medium
C00332,1054,1004.58,Vijayawada,medium
C00333,926,1890.91,Bengaluru,high
C00334,111,1159.09,Kolkata,high
C00335,690,3392.66,Visakhapatnam,medium
C00336,82,1635.91,Bengaluru,low
C00337,1410,1052.55,Visakhapatnam,high
C00338,72,1460.66,Chennai,high
C00339,112,2354.18,Mumbai,medium
C00340,1092,1247.78,Ahmedabad,medium
C00341,401,1054.79,Visakhapatnam,medium
C00342,1330,2108.94,Ahmedabad,low
C00343,992,2110.69,Pune,medium
C00344,712,1294.69,Pune,high
C00345,244,1325.26,Mumbai,medium
C00346,873,2093.04,Ahmedabad,medium
C00347,1386,702.25,Kolkata,high
C00348,105,721.04,Ahmedabad,low
C00349,674,1128.4,Chennai,medium
C00350,267,1566.82,Kolkata,high
C00351,32,2203.12,Vijayawada,medium
C00352,876,4696.27,Hyderabad,low
C00353,1091,3143.28,Pune,high
C00354,1050,1622.27,Ahmedabad,low
C00355,446,1777.89,Chennai,high
C00356,298,938.14,Chennai,medium
C00357,1460,1778.47,Ahmedabad,low
C00358,89,1492.06,Visakhapatnam,low
C00359,1483,2220.1,Mumbai,medium
C00360,1158,1051.36,Hyderabad,high
C00361,865,2522.78,Bengaluru,low
C00362,262,4874.74,Ahmedabad,low
C00363,1356,1677.14,Mumbai,medium
C00364,1497,2337.07,Chennai,high
C00365,1474,2818.99,Chennai,medium
C00366,1018,1386.79,Ahmedabad,low
C00367,965,2082.25,Vijayawada,low
C00368,815,1814.79,Delhi,high
C00369,1070,1917.99,Mumbai,low
C00370,595,1089.08,Kolkata,medium
C00371,1069,1828.91,Chennai,low
C00372,609,2488.02,Chennai,high
C00373,1217,4622.94,Ahmedabad,low
C00374,944,3357.89,Vijayawada,medium
C00375,736,7296.21,Pune,high
C00376,1142,1093.09,Kolkata,medium
C00377,689,3173.37,Delhi,high
C00378,519,2027.82,Visakhapatnam,medium
C00379,508,7471.97,Kolkata,low
C00380,681,1064.38,Ahmedabad,high
C00381,810,1042.86,Kolkata,high
C00382,1365,1219.18,Mumbai,medium
C00383,105,452.6,Mumbai,high
C00384,1238,1278.96,Pune,low
C00385,931,1098.94,Bengaluru,high
C00386,965,1984.85,Hyderabad,high
C00387,325,2247.75,Kolkata,high
C00388,346,6093.96,Bengaluru,medium
C00389,572,3338.64,Pune,high
C00390,1448,1237.14,Kolkata,high
C00391,194,1003.82,Pune,high
C00392,1122,2478.2,Kolkata,medium
C00393,1313,763.1,Ahmedabad,high
C00394,103,5919.4,Visakhapatnam,low
C00395,510,3874.52,Chennai,low
C00396,215,1326.87,Kolkata,low
C00397,1327,591.11,Bengaluru,medium
C00398,370,4339.69,Chennai,low
C00399,124,1670.86,Pune,low
C00400,630,4024.37,Pune,medium
C00401,912,638.53,Mumbai,low
C00402,1117,1219.2,Kolkata,high
C00403,1426,1806.15,Mumbai,low
C00404,388,1855.82,Bengaluru,high
C00405,813,1343.45,Visakhapatnam,high
C00406,523,2698.35,Ahmedabad,high
C00407,323,899.27,Delhi,medium
C00408,1336,1640.89,Chennai,medium
C00409,552,1946.39,Hyderabad,medium
C00410,619,2514.75,Vijayawada,low
C00411,181,2858.61,Ahmedabad,medium
C00412,1233,866.55,Chennai,high
C00413,898,664.06,Chennai,medium
C00414,648,4130.0,Delhi,medium
C00415,1019,2233.99,Bengaluru,low
C00416,811,1106.58,Visakhapatnam,medium
C00417,1207,4933.43,Chennai,high
C00418,634,1940.56,Hyderabad,high
C00419,840,3874.16,Chennai,low
C00420,1189,1880.76,Hyderabad,high
C00421,1047,6870.75,Chennai,low
C00422,1273,5633.65,Pune,low
C00423,1333,1531.06,Delhi,high
C00424,543,3384.84,Mumbai,high
C00425,228,2738.15,Hyderabad,medium
C00426,932,4381.53,Hyderabad,high
C00427,777,961.35,Mumbai,low
C00428,634,2811.51,Pune,high
C00429,880,3581.43,Mumbai,low
C00430,300,573.85,Vijayawada,medium
C00431,1117,834.16,Vijayawada,medium
C00432,366,478.21,Chennai,medium
C00433,634,1510.85,Pune,low
C00434,989,2869.65,Bengaluru,low
C00435,492,4779.42,Kolkata,high
C00436,779,1888.81,Bengaluru,medium
C00437,58,5188.2,Chennai,high
C00438,283,733.98,Ahmedabad,medium
C00439,1407,594.87,Chennai,high
C00440,810,1736.17,Pune,low
C00441,1412,2310.42,Delhi,medium
C00442,81,1762.15,Visakhapatnam,high
C00443,701,469.52,Visakhapatnam,low
C00444,1356,1698.69,Bengaluru,high
C00445,980,770.96,Chennai,high
C00446,866,2781.73,Bengaluru,low
C00447,122,2284.34,Hyderabad,medium
C00448,1038,977.13,Bengaluru,low
C00449,510,1288.88,Vijayawada,low
C00450,825,904.2,Ahmedabad,medium
C00451,1403,1728.14,Vijayawada,medium
C00452,1232,3348.89,Mumbai,medium
C00453,1371,948.44,Bengaluru,medium
C00454,1290,2497.82,Kolkata,medium
C00455,97,1275.22,Pune,low
C00456,938,1075.11,Ahmedabad,low
C00457,772,1679.03,Bengaluru,high
C00458,782,918.4,Vijayawada,high
C00459,764,1255.98,Hyderabad,medium
C00460,595,826.27,Delhi,low
C00461,961,6455.02,Bengaluru,high
C00462,464,1841.73,Visakhapatnam,low
C00463,133,1142.21,Pune,low
C00464,287,2068.6,Visakhapatnam,low
C00465,170,1673.26,Vijayawada,low
C00466,1230,1559.17,Delhi,low
C00467,702,2683.16,Mumbai,high
C00468,35,2945.17,Chennai,low
C00469,296,1275.02,Vijayawada,medium
C00470,387,1238.01,Bengaluru,high
C00471,82,1505.32,Mumbai,low
C00472,763,403.14,Delhi,high
C00473,693,672.28,Hyderabad,low
C00474,573,4376.52,Hyderabad,low
C00475,892,5243.64,Vijayawada,low
C00476,160,1530.99,Ahmedabad,medium
C00477,771,2618.36,Vijayawada,high
C00478,253,2203.62,Ahmedabad,high
C00479,483,13317.24,Visakhapatnam,low
C00480,1379,3726.65,Vijayawada,medium
C00481,968,1656.39,Hyderabad,low
C00482,1010,967.23,Kolkata,medium
C00483,1435,633.56,Bengaluru,medium
C00484,1488,2054.51,Ahmedabad,low
C00485,195,1100.93,Pune,high
C00486,333,714.14,Bengaluru,low
C00487,593,1182.36,Visakhapatnam,high
C00488,1228,891.17,Vijayawada,high
C00489,695,5389.37,Kolkata,high
C00490,1116,3192.65,Chennai,medium
C00491,1065,1790.7,Visakhapatnam,medium
C00492,233,4710.29,Bengaluru,high
C00493,1363,1892.84,Vijayawada,high
C00494,470,1028.35,Kolkata,medium
C00495,497,4844.37,Kolkata,medium
C00496,958,2555.07,Kolkata,medium
C00497,224,917.21,Pune,medium
C00498,670,1590.53,Chennai,medium
C00499,342,1018.81,Ahmedabad,low
C00500,216,732.69,Bengaluru,low
C00501,914,3286.43,Bengaluru,high
C00502,793,6227.08,Mumbai,high
C00503,152,725.22,Visakhapatnam,high
C00504,1180,2595.34,Pune,high
C00505,280,1179.24,Kolkata,medium
C00506,1392,1311.48,Kolkata,high
C00507,135,1224.74,Chennai,high
C00508,669,1026.54,Pune,low
C00509,1213,1857.68,Vijayawada,low
C00510,346,1048.82,Ahmedabad,low
C00511,251,2145.95,Pune,high
C00512,782,1742.17,Bengaluru,medium
C00513,1205,1541.06,Delhi,medium
C00514,1178,997.87,Visakhapatnam,high
C00515,1412,1237.24,Vijayawada,low
C00516,1277,2941.12,Chennai,low
C00517,399,2492.74,Chennai,high
C00518,662,953.49,Pune,medium
C00519,42,1920.05,Mumbai,low
C00520,1189,2933.48,Kolkata,low
C00521,320,608.15,Hyderabad,low
C00522,1116,2562.47,Delhi,medium
C00523,889,1170.09,Ahmedabad,medium
C00524,352,2608.24,Pune,medium
C00525,694,1096.0,Visakhapatnam,high
C00526,203,556.89,Hyderabad,low
C00527,352,624.93,Visakhapatnam,low
C00528,1410,1857.15,Bengaluru,medium
C00529,937,2131.03,Kolkata,medium
C00530,1273,999.98,Ahmedabad,medium
C00531,589,2726.1,Delhi,high
C00532,263,611.28,Pune,medium
C00533,257,1724.32,Chennai,high
C00534,1419,819.24,Visakhapatnam,medium
C00535,1109,1178.32,Chennai,low
C00536,481,1856.32,Kolkata,high
C00537,142,1028.93,Hyderabad,low
C00538,647,1401.9,Delhi,low
C00539,553,3462.11,Chennai,medium
C00540,275,1237.15,Hyderabad,medium
C00541,911,3098.71,Mumbai,low
C00542,808,863.71,Vijayawada,high
C00543,501,2539.99,Vijayawada,high
C00544,1398,4594.25,Pune,low
C00545,843,361.03,Hyderabad,medium
C00546,68,1072.3,Ahmedabad,low
C00547,671,2619.24,Visakhapatnam,medium
C00548,1204,1577.45,Kolkata,high
C00549,1341,2291.1,Kolkata,medium
C00550,265,1215.55,Kolkata,low
C00551,695,1904.22,Mumbai,high
C00552,972,1626.77,Pune,low
C00553,924,3845.27,Bengaluru,low
C00554,922,2123.7,Visakhapatnam,medium
C00555,1103,2241.69,Bengaluru,medium
C00556,665,1377.22,Pune,low
C00557,712,1311.07,Mumbai,low
C00558,1075,1358.83,Bengaluru,high
C00559,1074,2326.07,Delhi,medium
C00560,749,1369.09,Mumbai,low
C00561,240,2173.07,Mumbai,medium
C00562,434,6936.5,Mumbai,high
C00563,343,3170.91,Bengaluru,low
C00564,1316,1456.26,Ahmedabad,medium
C00565,1184,3929.75,Visakhapatnam,medium
C00566,1424,1380.63,Visakhapatnam,high
C00567,1331,478.55,Visakhapatnam,medium
C00568,1314,934.76,Pune,low
C00569,930,533.54,Bengaluru,medium
C00570,935,1432.33,Chennai,medium
C00571,1241,1821.68,Hyderabad,medium
C00572,1069,5352.0,Bengaluru,medium
C00573,975,2226.19,Ahmedabad,low
C00574,146,1561.07,Pune,medium
C00575,187,3086.08,Bengaluru,high
C00576,1246,427.65,Vijayawada,medium
C00577,977,2097.9,Visakhapatnam,high
C00578,114,2970.85,Ahmedabad,high
C00579,1364,688.46,Delhi,medium
C00580,1269,3785.68,Ahmedabad,high
C00581,338,2242.99,Hyderabad,medium
C00582,241,1374.17,Pune,high
C00583,202,2715.82,Vijayawada,high
C00584,383,7875.35,Hyderabad,low
C00585,1479,2025.87,Ahmedabad,medium
C00586,1103,2115.16,Vijayawada,high
C00587,355,1335.36,Pune,medium
C00588,609,1036.02,Kolkata,medium
C00589,722,3087.94,Visakhapatnam,low
C00590,1322,1031.83,Pune,low
C00591,705,1885.71,Bengaluru,high
C00592,1419,1319.57,Kolkata,medium
C00593,546,2457.45,Visakhapatnam,low
C00594,712,2235.95,Bengaluru,high
C00595,1389,3533.14,Mumbai,medium
C00596,665,1292.11,Kolkata,low
C00597,1248,1510.39,Bengaluru,medium
C00598,1174,952.74,Kolkata,high
C00599,702,1348.5,Mumbai,high
C00600,1469,2300.28,Vijayawada,low
C00601,1353,2944.18,Kolkata,high
C00602,771,988.45,Hyderabad,medium
C00603,662,3167.78,Mumbai,low
C00604,729,4344.68,Ahmedabad,low
C00605,493,2354.95,Mumbai,low
C00606,188,6096.43,Chennai,low
C00607,1069,1088.53,Vijayawada,high
C00608,1108,801.53,Hyderabad,high
C00609,719,566.44,Visakhapatnam,low
C00610,1253,4759.85,Kolkata,low
C00611,362,2754.19,Mumbai,high
C00612,1309,1736.13,Mumbai,high
C00613,926,2159.26,Hyderabad,medium
C00614,776,866.08,Delhi,medium
C00615,1280,8824.44,Chennai,high
C00616,949,1957.72,Delhi,high
C00617,519,1932.65,Chennai,medium
C00618,427,2885.03,Pune,high
C00619,1198,2460.69,Ahmedabad,medium
C00620,607,2081.96,Kolkata,high
C00621,1110,1076.78,Kolkata,low
C00622,438,2445.48,Visakhapatnam,low
C00623,542,6117.19,Hyderabad,high
C00624,1014,4315.92,Pune,high
C00625,240,5070.09,Vijayawada,low
C00626,613,1291.1,Bengaluru,low
C00627,588,946.05,Ahmedabad,high
C00628,331,1658.69,Kolkata,low
C00629,484,1866.39,Ahmedabad,medium
C00630,84,3665.67,Kolkata,low
C00631,841,599.11,Vijayawada,medium
C00632,512,4864.65,Kolkata,low
C00633,797,1624.31,Delhi,low
C00634,682,1363.85,Bengaluru,high
C00635,1361,932.32,Pune,low
C00636,311,613.93,Hyderabad,medium
C00637,997,3073.59,Mumbai,high
C00638,990,1887.86,Ahmedabad,high
C00639,40,778.27,Bengaluru,low
C00640,554,775.68,Delhi,low
C00641,1153,1447.05,Visakhapatnam,high
C00642,896,5326.27,Bengaluru,medium
C00643,516,1520.52,Chennai,low
C00644,127,677.56,Delhi,medium
C00645,1338,1534.27,Visakhapatnam,medium
C00646,158,1507.6,Bengaluru,medium
C00647,1252,311.86,Vijayawada,low
C00648,1324,1737.58,Vijayawada,high
C00649,525,1549.11,Mumbai,medium
C00650,909,2830.12,Hyderabad,high
C00651,752,5987.11,Delhi,high
C00652,883,3743.62,Mumbai,high
C00653,1398,1511.36,Bengaluru,high
C00654,768,876.82,Bengaluru,high
C00655,1144,9587.6,Vijayawada,high
C00656,1164,1870.64,Hyderabad,medium
C00657,992,1816.37,Hyderabad,high
C00658,822,1771.99,Pune,medium
C00659,63,2047.34,Pune,low
C00660,736,1638.78,Delhi,high
C00661,1375,1239.75,Bengaluru,high
C00662,710,1261.53,Mumbai,low
C00663,751,1762.08,Vijayawada,medium
C00664,1346,1264.35,Mumbai,high
C00665,981,1132.51,Ahmedabad,high
C00666,403,1928.93,Mumbai,low
C00667,1496,1525.09,Ahmedabad,low
C00668,630,4784.5,Delhi,low
C00669,438,321.31,Hyderabad,medium
C00670,665,3659.28,Vijayawada,medium
C00671,1142,4046.05,Ahmedabad,medium
C00672,104,467.71,Delhi,medium
C00673,761,1440.57,Hyderabad,high
C00674,709,1413.9,Chennai,low
C00675,783,721.01,Kolkata,medium
C00676,930,1085.68,Kolkata,medium
C00677,412,874.51,Ahmedabad,high
C00678,1048,5622.42,Pune,high
C00679,576,3306.79,Bengaluru,high
C00680,899,4113.6,Bengaluru,medium
C00681,1263,2877.36,Mumbai,high
C00682,631,864.07,Pune,low
C00683,193,1279.99,Pune,high
C00684,635,2474.11,Chennai,medium
C00685,1264,813.35,Kolkata,low
C00686,1442,2861.18,Ahmedabad,medium
C00687,945,1539.68,Hyderabad,high
C00688,752,1410.79,Visakhapatnam,medium
C00689,592,2857.4,Hyderabad,low
C00690,1404,2402.62,Kolkata,medium
C00691,1080,1423.56,Mumbai,low
C00692,322,3824.21,Visakhapatnam,high
C00693,927,891.45,Hyderabad,low
C00694,167,2686.25,Delhi,high
C00695,780,2646.67,Pune,medium
C00696,1191,1471.94,Hyderabad,high
C00697,344,2225.04,Ahmedabad,medium
C00698,791,798.17,Ahmedabad,low
C00699,1205,3281.84,Mumbai,high
C00700,781,1596.16,Kolkata,medium
C00701,1360,1281.48,Chennai,low
C00702,262,3559.58,Hyderabad,high
C00703,411,1138.79,Ahmedabad,high
C00704,822,720.57,Vijayawada,low
C00705,566,654.41,Chennai,high
C00706,943,2668.97,Delhi,high
C00707,614,783.1,Ahmedabad,low
C00708,281,5631.65,Mumbai,low
C00709,955,465.12,Mumbai,high
C00710,941,5422.1,Bengaluru,high
C00711,684,2064.62,Pune,high
C00712,162,1690.33,Vijayawada,high
C00713,624,1263.13,Chennai,low
C00714,1487,2333.16,Mumbai,medium
C00715,1071,1756.5,Delhi,low
C00716,441,3687.44,Mumbai,low
C00717,1041,1938.73,Hyderabad,medium
C00718,1164,1984.73,Visakhapatnam,medium
C00719,987,1421.11,Vijayawada,low
C00720,1283,1734.59,Bengaluru,low
C00721,663,2198.68,Kolkata,high
C00722,1010,592.25,Vijayawada,medium
C00723,868,749.36,Visakhapatnam,low
C00724,286,2918.03,Pune,high
C00725,181,2011.44,Ahmedabad,medium
C00726,1422,1597.11,Vijayawada,medium
C00727,292,1821.7,Vijayawada,high
C00728,1233,2256.27,Mumbai,low
C00729,916,1267.37,Vijayawada,low
C00730,284,1085.33,Vijayawada,low
C00731,652,2044.36,Mumbai,low
C00732,690,952.99,Delhi,medium
C00733,1092,2347.03,Chennai,low
C00734,543,595.18,Delhi,high
C00735,1158,3513.94,Chennai,low
C00736,1310,2447.27,Chennai,high
C00737,1122,2125.92,Bengaluru,high
C00738,1342,3409.4,Mumbai,high
C00739,1219,5314.0,Mumbai,low
C00740,1379,3480.33,Visakhapatnam,high
C00741,1269,544.01,Pune,high
C00742,114,783.54,Hyderabad,low
C00743,123,1199.2,Visakhapatnam,medium
C00744,1363,1830.79,Delhi,high
C00745,883,2520.02,Visakhapatnam,high
C00746,92,1123.06,Ahmedabad,high
C00747,1147,2032.33,Chennai,high
C00748,648,1101.63,Ahmedabad,low
C00749,1432,1209.61,Kolkata,medium
C00750,958,721.41,Bengaluru,high
C00751,152,987.76,Mumbai,medium
C00752,881,747.66,Ahmedabad,medium
C00753,447,954.54,Pune,high
C00754,324,3570.32,Pune,high
C00755,683,971.1,Pune,medium
C00756,297,9962.57,Pune,high
C00757,1180,2480.46,Bengaluru,medium
C00758,525,2029.79,Ahmedabad,low
C00759,577,1030.3,Ahmedabad,low
C00760,318,2837.68,Bengaluru,low
C00761,624,1238.15,Kolkata,high
C00762,886,1948.56,Delhi,low
C00763,700,9505.22,Visakhapatnam,high
C00764,670,1691.05,Delhi,low
C00765,1050,3799.29,Vijayawada,medium
C00766,1051,1139.65,Chennai,medium
C00767,77,1759.53,Bengaluru,medium
C00768,1065,5690.55,Ahmedabad,low
C00769,470,1197.53,Visakhapatnam,medium
C00770,129,5846.7,Hyderabad,medium
C00771,1043,2851.44,Visakhapatnam,high
C00772,1407,1248.8,Ahmedabad,medium
C00773,1129,2715.16,Hyderabad,low
C00774,912,3387.01,Mumbai,medium
C00775,779,2696.52,Kolkata,medium
C00776,122,648.65,Kolkata,low
C00777,1197,1122.04,Vijayawada,low
C00778,772,1532.5,Vijayawada,medium
C00779,180,1714.99,Kolkata,high
C00780,952,2694.53,Vijayawada,medium
C00781,1306,2020.39,Visakhapatnam,low
C00782,293,755.64,Bengaluru,medium
C00783,794,2304.62,Pune,high
C00784,778,2676.92,Mumbai,low
C00785,1263,2589.98,Vijayawada,medium
C00786,1054,3633.86,Hyderabad,low
C00787,109,3095.15,Mumbai,high
C00788,712,2426.02,Ahmedabad,high
C00789,965,1719.75,Mumbai,high
C00790,1085,611.5,Mumbai,medium
C00791,1285,2379.85,Pune,low
C00792,834,2060.16,Visakhapatnam,high
C00793,642,2147.52,Visakhapatnam,medium
C00794,1068,784.98,Vijayawada,high
C00795,1033,891.46,Visakhapatnam,medium
C00796,1002,3569.18,Hyderabad,medium
C00797,708,1754.31,Bengaluru,medium
C00798,1225,2803.2,Chennai,high
C00799,1439,1833.44,Hyderabad,high
C00800,1001,1835.15,Chennai,high
C00801,1214,3312.39,Visakhapatnam,low
C00802,135,1287.06,Visakhapatnam,medium
C00803,379,1916.05,Vijayawada,high
C00804,1299,1332.83,Kolkata,low
C00805,1424,1357.12,Delhi,low
C00806,1202,1472.3,Bengaluru,low
C00807,68,2079.6,Ahmedabad,medium
C00808,887,1318.64,Mumbai,medium
C00809,1444,4071.57,Delhi,medium
C00810,1057,1006.31,Visakhapatnam,medium
C00811,157,1594.12,Mumbai,high
C00812,454,1352.51,Vijayawada,medium
C00813,1386,4610.44,Ahmedabad,high
C00814,801,2045.31,Pune,low
C00815,971,3520.09,Vijayawada,medium
C00816,1148,685.35,Pune,high
C00817,1424,2141.21,Chennai,high
C00818,1021,3209.28,Delhi,low
C00819,601,1898.89,Vijayawada,medium
C00820,490,3597.89,Chennai,medium
C00821,1473,1286.02,Delhi,high
C00822,1473,4499.03,Ahmedabad,medium
C00823,1012,8021.06,Pune,high
C00824,590,1421.83,Chennai,low
C00825,1204,1347.44,Vijayawada,medium
C00826,838,4629.67,Pune,low
C00827,624,5025.42,Hyderabad,medium
C00828,1492,1281.37,Bengaluru,medium
C00829,935,1369.8,Chennai,high
C00830,1011,1498.74,Delhi,low
C00831,1133,751.18,Chennai,high
C00832,1455,990.71,Chennai,low
C00833,253,937.16,Visakhapatnam,high
C00834,1231,1092.77,Delhi,low
C00835,133,1759.87,Vijayawada,low
C00836,1336,2095.99,Delhi,low
C00837,235,4931.35,Kolkata,medium
C00838,1499,940.69,Ahmedabad,low
C00839,1425,3413.02,Mumbai,low
C00840,1157,1566.27,Mumbai,medium
C00841,1367,1743.05,Ahmedabad,medium
C00842,1362,2791.05,Delhi,medium
C00843,687,867.64,Chennai,high
C00844,151,2307.93,Bengaluru,high
C00845,1205,2005.67,Delhi,high
C00846,106,2479.06,Mumbai,medium
C00847,390,2172.21,Hyderabad,medium
C00848,1044,8879.38,Mumbai,high
C00849,622,1189.17,Hyderabad,low
C00850,641,1274.61,Visakhapatnam,high
C00851,249,1200.51,Pune,medium
C00852,960,1254.49,Vijayawada,high
C00853,1041,1189.44,Mumbai,high
C00854,988,3898.72,Chennai,low
C00855,260,4531.78,Pune,low
C00856,969,1242.1,Chennai,high
C00857,411,1047.87,Hyderabad,high
C00858,720,2445.4,Chennai,high
C00859,1411,1257.14,Delhi,low
C00860,1281,2716.09,Kolkata,medium
C00861,1085,2053.79,Pune,low
C00862,850,672.03,Bengaluru,low
C00863,317,4921.75,Ahmedabad,medium
C00864,538,5784.07,Hyderabad,medium
C00865,815,1208.61,Delhi,medium
C00866,576,1399.03,Pune,medium
C00867,1222,2167.55,Visakhapatnam,low
C00868,565,2237.11,Pune,high
C00869,513,2761.68,Hyderabad,high
C00870,272,6648.69,Ahmedabad,medium
C00871,357,1604.43,Kolkata,high
C00872,1059,1071.32,Chennai,high
C00873,270,734.35,Chennai,medium
C00874,1288,1119.28,Delhi,low
C00875,303,1761.66,Ahmedabad,low
C00876,961,5779.11,Visakhapatnam,medium
C00877,881,1285.75,Vijayawada,medium
C00878,1130,2081.83,Delhi,low
C00879,1423,1780.89,Visakhapatnam,low
C00880,1106,3897.14,Ahmedabad,high
C00881,1471,9302.59,Pune,low
C00882,1185,1274.71,Bengaluru,low
C00883,1151,1309.51,Vijayawada,low
C00884,1202,3548.38,Vijayawada,low
C00885,366,2803.91,Pune,high
C00886,934,5978.36,Bengaluru,high
C00887,450,2630.94,Visakhapatnam,medium
C00888,216,1425.11,Vijayawada,medium
C00889,143,2642.47,Ahmedabad,low
C00890,1081,3700.41,Kolkata,medium
C00891,1184,3068.23,Hyderabad,high
C00892,976,2503.06,Chennai,high
C00893,74,3600.69,Kolkata,medium
C00894,36,3849.06,Delhi,high
C00895,179,4420.22,Hyderabad,medium
C00896,735,2744.09,Bengaluru,high
C00897,153,1614.72,Bengaluru,medium
C00898,94,1980.11,Chennai,medium
C00899,398,3943.3,Mumbai,high
C00900,1352,1058.42,Kolkata,medium
C00901,813,2287.42,Ahmedabad,medium
C00902,799,1393.92,Bengaluru,high
C00903,1385,1833.95,Vijayawada,low
C00904,1368,4132.08,Pune,low
C00905,395,2038.07,Vijayawada,medium
C00906,1113,1855.16,Mumbai,high
C00907,486,743.7,Hyderabad,low
C00908,641,2923.7,Ahmedabad,high
C00909,1145,2738.34,Kolkata,high
C00910,806,7344.14,Delhi,low
C00911,973,1473.63,Pune,low
C00912,594,2075.57,Delhi,high
C00913,261,2116.76,Hyderabad,high
C00914,888,5018.5,Visakhapatnam,low
C00915,522,1691.89,Delhi,low
C00916,236,2157.93,Visakhapatnam,low
C00917,944,2672.25,Visakhapatnam,high
C00918,1470,2032.13,Hyderabad,low
C00919,120,1346.63,Kolkata,medium
C00920,509,2042.03,Vijayawada,low
C00921,145,3617.01,Mumbai,high
C00922,622,923.63,Delhi,high
C00923,1209,1962.5,Pune,high
C00924,1254,1141.92,Pune,low
C00925,648,3914.03,Mumbai,high
C00926,1097,668.79,Delhi,medium
C00927,645,1251.68,Chennai,low
C00928,1170,2300.15,Visakhapatnam,high
C00929,388,4979.74,Kolkata,high
C00930,1045,1724.69,Hyderabad,medium
C00931,1347,1254.71,Kolkata,high
C00932,682,6113.74,Kolkata,medium
C00933,335,702.28,Chennai,medium
C00934,406,431.09,Vijayawada,medium
C00935,523,2395.99,Delhi,medium
C00936,1479,1298.81,Mumbai,medium
C00937,148,926.8,Vijayawada,medium
C00938,883,2852.56,Vijayawada,high
C00939,304,2109.09,Kolkata,low
C00940,552,1247.49,Delhi,medium
C00941,1354,783.17,Bengaluru,medium
C00942,789,3173.66,Bengaluru,high
C00943,420,2746.75,Hyderabad,medium
C00944,802,1687.63,Visakhapatnam,high
C00945,110,5978.09,Bengaluru,low
C00946,1233,897.84,Vijayawada,low
C00947,1011,667.77,Delhi,medium
C00948,650,1148.03,Hyderabad,low
C00949,419,1747.45,Bengaluru,high
C00950,1010,2108.46,Delhi,high
C00951,1267,1538.77,Delhi,medium
C00952,520,2262.84,Vijayawada,medium
C00953,609,797.95,Kolkata,medium
C00954,1122,4600.82,Pune,medium
C00955,565,1706.4,Pune,high
C00956,1048,3721.14,Ahmedabad,low
C00957,991,2249.16,Pune,low
C00958,789,2422.2,Pune,medium
C00959,123,2606.83,Visakhapatnam,low
C00960,328,2408.0,Hyderabad,medium
C00961,1163,2733.43,Visakhapatnam,high
C00962,885,4270.52,Chennai,low
C00963,431,2045.26,Pune,low
C00964,807,2853.76,Visakhapatnam,low
C00965,1052,1698.01,Vijayawada,high
C00966,1432,4589.92,Pune,medium
C00967,1030,1159.67,Ahmedabad,medium
C00968,374,5803.13,Pune,low
C00969,316,1753.62,Vijayawada,medium
C00970,406,710.19,Vijayawada,high
C00971,150,1956.3,Vijayawada,low
C00972,182,1156.16,Hyderabad,low
C00973,874,3108.7,Mumbai,high
C00974,503,1177.72,Bengaluru,high
C00975,339,1346.85,Hyderabad,low
C00976,1065,527.07,Ahmedabad,medium
C00977,153,1341.5,Visakhapatnam,high
C00978,1395,372.42,Visakhapatnam,medium
C00979,1380,642.91,Ahmedabad,low
C00980,43,2950.74,Vijayawada,high
C00981,872,2999.83,Hyderabad,low
C00982,1114,2373.43,Chennai,high
C00983,617,960.07,Hyderabad,high
C00984,1459,1745.03,Kolkata,low
C00985,249,1795.79,Bengaluru,high
C00986,334,847.77,Delhi,low
C00987,1299,4782.65,Vijayawada,medium
C00988,755,3183.79,Chennai,medium
C00989,191,1559.18,Pune,medium
C00990,970,1831.73,Visakhapatnam,low
C00991,1457,2061.09,Delhi,medium
C00992,1430,477.43,Bengaluru,high
C00993,1360,1532.84,Hyderabad,low
C00994,860,1155.46,Kolkata,medium
C00995,1161,938.69,Ahmedabad,low
C00996,1334,1499.41,Hyderabad,high
C00997,380,5790.87,Bengaluru,medium
C00998,918,2730.09,Pune,high
C00999,225,1241.75,Vijayawada,low
C01000,500,2611.61,Delhi,high
C01001,1190,4469.91,Ahmedabad,medium
C01002,125,3283.13,Bengaluru,high
C01003,604,1871.14,Vijayawada,high
C01004,1377,1182.08,Hyderabad,low
C01005,674,2833.84,Hyderabad,low
C01006,1232,2324.61,Mumbai,high
C01007,845,3220.9,Bengaluru,medium
C01008,362,2720.04,Visakhapatnam,low
C01009,1190,3560.84,Kolkata,high
C01010,1137,1271.1,Pune,medium
C01011,316,4238.01,Bengaluru,high
C01012,738,2046.7,Hyderabad,low
C01013,925,6935.87,Delhi,low
C01014,727,1150.06,Visakhapatnam,high
C01015,1249,5563.14,Kolkata,medium
C01016,90,2047.11,Chennai,medium
C01017,1034,1178.64,Delhi,medium
C01018,1162,1314.24,Kolkata,medium
C01019,410,1461.64,Visakhapatnam,high
C01020,808,2371.43,Bengaluru,high
C01021,634,2528.51,Delhi,high
C01022,180,1239.72,Bengaluru,medium
C01023,345,1771.73,Kolkata,high
C01024,1328,7244.64,Mumbai,high
C01025,827,5532.78,Pune,medium
C01026,248,2390.25,Bengaluru,low
C01027,661,1845.02,Ahmedabad,medium
C01028,582,1946.06,Bengaluru,low
C01029,208,2682.03,Mumbai,medium
C01030,949,925.86,Vijayawada,high
C01031,1079,1522.71,Kolkata,low
C01032,83,608.48,Bengaluru,medium
C01033,1165,2333.3,Bengaluru,high
C01034,1254,2741.39,Pune,medium
C01035,55,1314.84,Chennai,medium
C01036,824,5007.21,Bengaluru,high
C01037,1175,811.43,Delhi,high
C01038,1097,694.85,Mumbai,high
C01039,809,2082.73,Mumbai,low
C01040,580,3555.16,Chennai,medium
C01041,1039,5378.12,Mumbai,low
C01042,372,1335.78,Kolkata,medium
C01043,892,3628.9,Chennai,medium
C01044,187,1755.5,Pune,medium
C01045,535,1608.95,Ahmedabad,high
C01046,1292,3196.85,Delhi,medium
C01047,249,2750.54,Mumbai,medium
C01048,43,646.06,Kolkata,medium
C01049,1300,4699.88,Kolkata,medium
C01050,931,4414.29,Pune,medium
C01051,1363,1198.62,Visakhapatnam,low
C01052,645,2328.12,Pune,high
C01053,1453,2481.61,Delhi,medium
C01054,673,2132.35,Mumbai,medium
C01055,683,1258.71,Chennai,high
C01056,1453,1163.27,Ahmedabad,high
C01057,526,1770.35,Pune,medium
C01058,604,3857.66,Kolkata,medium
C01059,263,2562.87,Visakhapatnam,low
C01060,1242,1414.66,Vijayawada,low
C01061,1426,2972.46,Vijayawada,low
C01062,975,282.59,Delhi,medium
C01063,626,3798.04,Bengaluru,medium
C01064,1408,580.99,Ahmedabad,low
C01065,1327,1422.19,Chennai,low
C01066,547,869.36,Mumbai,high
C01067,896,775.88,Kolkata,low
C01068,949,3827.93,Visakhapatnam,medium
C01069,1222,1328.14,Kolkata,high
C01070,1067,2254.69,Kolkata,high
C01071,105,1745.93,Pune,high
C01072,1129,2454.35,Visakhapatnam,high
C01073,204,1892.16,Bengaluru,low
C01074,1376,781.8,Pune,low
C01075,1355,3439.62,Visakhapatnam,low
C01076,1183,1305.84,Kolkata,medium
C01077,911,654.43,Bengaluru,low
C01078,231,1362.76,Chennai,low
C01079,1075,4774.46,Vijayawada,high
C01080,1218,3128.12,Visakhapatnam,low
C01081,942,1435.0,Pune,medium
C01082,978,1434.43,Visakhapatnam,high
C01083,1054,1460.42,Mumbai,medium
C01084,80,6942.58,Ahmedabad,low
C01085,635,2307.22,Kolkata,low
C01086,267,2380.51,Mumbai,medium
C01087,668,3516.52,Pune,medium
C01088,453,2102.23,Vijayawada,medium
C01089,743,1521.06,Ahmedabad,low
C01090,927,1584.33,Ahmedabad,medium
C01091,167,1718.15,Chennai,low
C01092,1485,1756.97,Bengaluru,low
C01093,732,2888.52,Bengaluru,high
C01094,366,1861.81,Delhi,high
C01095,387,2897.95,Vijayawada,low
C01096,707,1708.0,Vijayawada,medium
C01097,976,1894.4,Delhi,medium
C01098,1319,491.13,Mumbai,low
C01099,1341,3265.46,Kolkata,medium
C01100,89,2254.67,Visakhapatnam,low
C01101,950,3443.52,Visakhapatnam,medium
C01102,826,273.96,Hyderabad,high
C01103,469,6995.24,Delhi,medium
C01104,1471,1643.87,Bengaluru,high
C01105,238,3699.16,Vijayawada,low
C01106,779,915.62,Pune,low
C01107,967,2680.73,Bengaluru,medium
C01108,1403,907.62,Ahmedabad,high
C01109,1338,1200.02,Pune,high
C01110,825,6245.79,Visakhapatnam,medium
C01111,1232,1590.17,Bengaluru,medium
C01112,750,2073.25,Ahmedabad,high
C01113,383,3168.73,Chennai,high
C01114,1238,2484.27,Bengaluru,high
C01115,304,1984.88,Pune,low
C01116,518,2281.91,Chennai,low
C01117,404,8584.92,Pune,high
C01118,319,1733.83,Vijayawada,medium
C01119,886,2051.36,Visakhapatnam,low
C01120,1207,3563.39,Kolkata,medium
C01121,410,3692.78,Ahmedabad,high
C01122,1130,3893.69,Mumbai,high
C01123,371,2726.34,Ahmedabad,medium
C01124,317,856.27,Mumbai,medium
C01125,953,5204.47,Visakhapatnam,low
C01126,765,854.42,Hyderabad,medium
C01127,309,2191.31,Delhi,medium
C01128,1180,1102.42,Vijayawada,high
C01129,1043,1726.5,Kolkata,high
C01130,1037,2228.84,Kolkata,high
C01131,939,2218.14,Ahmedabad,low
C01132,199,2367.97,Visakhapatnam,low
C01133,481,5138.18,Chennai,low
C01134,592,2417.14,Delhi,high
C01135,621,1535.85,Mumbai,medium
C01136,1188,3368.42,Ahmedabad,high
C01137,1076,3899.87,Bengaluru,high
C01138,263,810.46,Chennai,high
C01139,781,2654.08,Vijayawada,low
C01140,933,2839.28,Vijayawada,low
C01141,900,1483.45,Bengaluru,high
C01142,1368,4401.72,Delhi,medium
C01143,96,1632.73,Ahmedabad,medium
C01144,743,1953.09,Bengaluru,medium
C01145,270,1608.48,Delhi,low
C01146,1234,1818.32,Pune,high
C01147,1279,882.68,Kolkata,low
C01148,1291,705.92,Mumbai,low
C01149,453,5074.43,Hyderabad,high
C01150,748,1037.96,Vijayawada,medium
C01151,1252,944.95,Vijayawada,low
C01152,692,444.01,Chennai,medium
C01153,1202,1188.23,Chennai,high
C01154,1421,761.69,Bengaluru,low
C01155,872,5233.59,Hyderabad,medium
C01156,1373,3470.05,Mumbai,high
C01157,301,1150.84,Delhi,low
C01158,1486,7782.44,Pune,low
C01159,1414,3407.35,Kolkata,medium
C01160,321,1457.39,Visakhapatnam,high
C01161,580,354.58,Kolkata,medium
C01162,955,7979.69,Bengaluru,high
C01163,220,729.47,Kolkata,high
C01164,599,617.72,Pune,medium
C01165,1029,3498.93,Pune,high
C01166,35,8790.1,Bengaluru,high
C01167,968,4426.3,Pune,low
C01168,1124,2596.92,Kolkata,low
C01169,909,2649.52,Delhi,medium
C01170,579,3134.62,Pune,medium
C01171,721,2947.89,Vijayawada,high
C01172,297,2160.98,Visakhapatnam,medium
C01173,733,1926.14,Hyderabad,low
C01174,233,1728.24,Ahmedabad,low
C01175,284,1102.64,Mumbai,medium
C01176,964,1499.82,Hyderabad,medium
C01177,444,598.92,Mumbai,high
C01178,648,1688.54,Mumbai,medium
C01179,221,946.68,Pune,medium
C01180,198,878.49,Pune,high
C01181,1358,2023.28,Mumbai,low
C01182,841,4448.59,Chennai,high
C01183,1462,3269.68,Delhi,medium
C01184,1372,648.54,Bengaluru,high
C01185,224,946.04,Hyderabad,low
C01186,1006,3317.75,Bengaluru,low
C01187,1245,950.44,Delhi,high
C01188,1422,1555.47,Ahmedabad,low
C01189,46,2573.64,Pune,low
C01190,894,959.22,Mumbai,medium
C01191,175,1927.61,Delhi,medium
C01192,212,756.29,Bengaluru,low
C01193,671,1217.62,Pune,medium
C01194,310,2215.87,Kolkata,low
C01195,1343,639.12,Mumbai,low
C01196,1116,2396.71,Visakhapatnam,low
C01197,1279,1777.17,Mumbai,medium
C01198,749,2577.72,Delhi,high
C01199,340,2082.0,Kolkata,high
C01200,1436,4368.75,Ahmedabad,low
C01201,207,1952.64,Bengaluru,low
C01202,282,1361.62,Visakhapatnam,high
C01203,816,1948.93,Pune,medium
C01204,674,2562.36,Mumbai,low
C01205,597,1858.08,Bengaluru,low
C01206,1163,1848.12,Visakhapatnam,high
C01207,1274,1140.53,Chennai,high
C01208,84,1169.88,Chennai,low
C01209,1090,723.32,Visakhapatnam,high
C01210,416,5612.59,Kolkata,medium
C01211,1353,801.94,Hyderabad,low
C01212,1043,1147.29,Kolkata,low
C01213,523,1128.42,Ahmedabad,high
C01214,1246,3220.34,Bengaluru,high
C01215,54,1485.97,Pune,medium
C01216,300,4050.41,Kolkata,high
C01217,891,1161.85,Pune,high
C01218,1428,2157.89,Mumbai,medium
C01219,179,1045.83,Hyderabad,high
C01220,168,7258.21,Hyderabad,medium
C01221,471,831.81,Hyderabad,low
C01222,845,2201.57,Vijayawada,medium
C01223,1317,2717.58,Vijayawada,medium
C01224,897,2355.51,Kolkata,low
C01225,1341,1595.76,Vijayawada,high
C01226,1291,1654.34,Mumbai,medium
C01227,201,1852.0,Chennai,low
C01228,1077,1635.97,Delhi,low
C01229,1128,3367.96,Pune,medium
C01230,1231,7573.28,Bengaluru,medium
C01231,1460,1252.85,Kolkata,high
C01232,518,738.91,Hyderabad,low
C01233,206,1699.62,Kolkata,low
C01234,958,9627.25,Visakhapatnam,high
C01235,142,1067.58,Chennai,high
C01236,1377,5223.73,Mumbai,low
C01237,55,5356.4,Mumbai,high
C01238,53,1256.03,Mumbai,medium
C01239,740,2605.5,Vijayawada,high
C01240,560,5187.46,Mumbai,medium
C01241,289,1406.85,Chennai,high
C01242,271,1576.9,Hyderabad,medium
C01243,909,1233.3,Chennai,high
C01244,160,930.71,Chennai,high
C01245,1210,1180.29,Bengaluru,medium
C01246,962,812.39,Vijayawada,medium
C01247,143,1840.32,Ahmedabad,high
C01248,371,1091.23,Pune,low
C01249,552,2095.41,Bengaluru,high
C01250,1410,654.72,Bengaluru,low
C01251,1072,2231.91,Hyderabad,low
C01252,55,3094.36,Delhi,low
C01253,996,492.56,Pune,medium
C01254,337,2295.44,Mumbai,low
C01255,1162,3997.91,Kolkata,low
C01256,689,819.98,Delhi,medium
C01257,685,5338.57,Chennai,low
C01258,1200,2363.51,Pune,low
C01259,1058,1138.29,Hyderabad,low
C01260,487,1735.92,Vijayawada,low
C01261,851,2587.52,Bengaluru,medium
C01262,608,1891.16,Chennai,medium
C01263,206,2554.81,Vijayawada,medium
C01264,46,989.41,Pune,low
C01265,627,2009.47,Visakhapatnam,medium
C01266,1305,718.11,Delhi,medium
C01267,784,1674.46,Visakhapatnam,medium
C01268,430,1000.25,Vijayawada,low
C01269,338,1115.93,Hyderabad,medium
C01270,78,4019.86,Delhi,high
C01271,739,3658.81,Hyderabad,medium
C01272,32,2674.4,Kolkata,high
C01273,659,884.96,Bengaluru,low
C01274,1115,1465.39,Delhi,medium
C01275,1037,3960.22,Hyderabad,low
C01276,1487,1973.69,Chennai,low
C01277,119,8128.29,Delhi,high
C01278,875,2324.36,Pune,medium
C01279,203,2039.32,Visakhapatnam,low
C01280,1065,1472.35,Mumbai,high
C01281,837,1963.22,Bengaluru,high
C01282,1192,1630.17,Hyderabad,medium
C01283,1386,2852.1,Mumbai,low
C01284,627,3352.29,Chennai,medium
C01285,834,1079.93,Pune,medium
C01286,957,757.66,Chennai,low
C01287,182,545.67,Delhi,low
C01288,1227,2504.23,Bengaluru,low
C01289,246,878.62,Mumbai,medium
C01290,984,444.15,Pune,medium
C01291,277,2317.21,Vijayawada,medium
C01292,455,9099.65,Ahmedabad,medium
C01293,978,1792.91,Chennai,low
C01294,215,3104.35,Mumbai,high
C01295,653,1898.33,Visakhapatnam,low
C01296,470,1687.94,Pune,low
C01297,216,3271.3,Delhi,medium
C01298,841,1490.49,Vijayawada,low
C01299,1416,2141.68,Chennai,medium
C01300,386,2218.63,Hyderabad,medium
C01301,956,1165.94,Vijayawada,high
C01302,1156,3430.18,Delhi,low
C01303,976,1606.51,Bengaluru,low
C01304,278,1101.37,Hyderabad,low
C01305,485,2551.08,Mumbai,low
C01306,850,1003.79,Pune,high
C01307,1320,1833.28,Bengaluru,high
C01308,1230,1789.36,Chennai,low
C01309,74,3645.96,Bengaluru,low
C01310,1352,2450.62,Ahmedabad,low
C01311,218,1770.96,Pune,low
C01312,117,3062.82,Ahmedabad,low
C01313,374,4443.41,Visakhapatnam,medium
C01314,838,2586.65,Ahmedabad,low
C01315,813,1812.15,Kolkata,low
C01316,754,767.28,Delhi,low
C01317,593,900.74,Chennai,medium
C01318,334,1476.08,Hyderabad,high
C01319,1298,1211.19,Visakhapatnam,low
C01320,1355,1594.01,Chennai,medium
C01321,873,1867.52,Vijayawada,medium
C01322,154,2539.8,Bengaluru,medium
C01323,814,1719.38,Mumbai,medium
C01324,438,2469.49,Vijayawada,low
C01325,1321,1877.04,Vijayawada,low
C01326,813,498.44,Pune,medium
C01327,1145,977.48,Ahmedabad,medium
C01328,1188,1639.07,Vijayawada,medium
C01329,825,819.95,Chennai,low
C01330,83,2658.44,Pune,high
C01331,478,4868.45,Hyderabad,medium
C01332,149,3974.83,Ahmedabad,high
C01333,762,1566.82,Visakhapatnam,low
C01334,356,4743.42,Bengaluru,low
C01335,1375,1982.62,Delhi,medium
C01336,1122,1445.83,Hyderabad,low
C01337,1209,1208.13,Kolkata,medium
C01338,385,1478.73,Mumbai,low
C01339,1243,1398.6,Pune,high
C01340,1458,2010.85,Pune,high
C01341,87,1998.03,Pune,high
C01342,1184,1803.57,Mumbai,high
C01343,415,2391.2,Ahmedabad,high
C01344,662,3902.85,Mumbai,medium
C01345,107,3336.75,Bengaluru,low
C01346,506,685.64,Visakhapatnam,low
C01347,70,342.23,Vijayawada,medium
C01348,31,3303.87,Pune,high
C01349,442,740.31,Mumbai,medium
C01350,1498,1555.33,Mumbai,medium
C01351,151,841.32,Hyderabad,low
C01352,1231,557.94,Mumbai,low
C01353,1107,2559.31,Pune,low
C01354,795,2948.33,Kolkata,high
C01355,236,1237.45,Pune,medium
C01356,690,334.07,Mumbai,low
C01357,924,1262.04,Ahmedabad,high
C01358,679,2322.07,Mumbai,high
C01359,1180,688.32,Visakhapatnam,medium
C01360,487,2027.84,Visakhapatnam,low
C01361,804,1782.18,Chennai,high
C01362,1440,2623.02,Chennai,low
C01363,393,1945.49,Hyderabad,high
C01364,1203,956.28,Kolkata,high
C01365,96,3917.91,Mumbai,high
C01366,681,1623.76,Visakhapatnam,low
C01367,1339,1768.34,Visakhapatnam,low
C01368,1046,981.34,Mumbai,medium
C01369,189,1349.39,Delhi,medium
C01370,684,1012.75,Mumbai,high
C01371,211,1608.61,Pune,medium
C01372,53,5476.12,Chennai,low
C01373,541,737.9,Bengaluru,medium
C01374,555,630.63,Bengaluru,high
C01375,32,4683.51,Hyderabad,medium
C01376,927,1571.02,Kolkata,low
C01377,877,1165.2,Ahmedabad,medium
C01378,749,3538.58,Vijayawada,medium
C01379,237,1214.26,Ahmedabad,high
C01380,1363,5898.47,Delhi,low
C01381,954,2796.7,Bengaluru,low
C01382,633,1310.81,Hyderabad,medium
C01383,564,7315.8,Bengaluru,low
C01384,730,1214.18,Mumbai,medium
C01385,359,2915.81,Bengaluru,high
C01386,220,2186.55,Pune,high
C01387,1286,4195.11,Ahmedabad,high
C01388,93,4966.77,Kolkata,high
C01389,367,1837.84,Visakhapatnam,medium
C01390,351,1103.03,Hyderabad,low
C01391,708,2427.27,Delhi,low
C01392,868,1158.67,Vijayawada,high
C01393,1136,6662.46,Chennai,high
C01394,606,1967.05,Chennai,low
C01395,226,1419.53,Hyderabad,medium
C01396,1200,2029.58,Vijayawada,medium
C01397,344,749.88,Hyderabad,medium
C01398,37,957.18,Kolkata,low
C01399,633,3927.71,Visakhapatnam,medium
C01400,438,1174.46,Bengaluru,low
C01401,453,911.46,Mumbai,high
C01402,627,2551.32,Bengaluru,medium
C01403,266,3890.33,Chennai,medium
C01404,994,2872.28,Ahmedabad,high
C01405,572,3439.13,Bengaluru,high
C01406,1144,1100.62,Kolkata,low
C01407,789,714.34,Kolkata,medium
C01408,412,4776.24,Ahmedabad,low
C01409,569,1459.43,Ahmedabad,medium
C01410,569,1529.2,Delhi,medium
C01411,1185,4267.86,Hyderabad,low
C01412,1456,2583.99,Bengaluru,low
C01413,1398,2420.84,Pune,high
C01414,877,7352.48,Visakhapatnam,low
C01415,1163,1184.71,Hyderabad,medium
C01416,1100,3289.98,Kolkata,high
C01417,1437,1867.96,Ahmedabad,high
C01418,512,2143.35,Ahmedabad,medium
C01419,191,4861.23,Kolkata,high
C01420,101,2503.98,Vijayawada,high
C01421,1088,2554.05,Visakhapatnam,high
C01422,1300,3614.37,Mumbai,low
C01423,949,1419.87,Mumbai,low
C01424,463,1043.21,Delhi,low
C01425,117,912.71,Kolkata,low
C01426,1429,501.4,Kolkata,low
C01427,1314,6850.5,Mumbai,high
C01428,558,878.71,Pune,high
C01429,167,1558.89,Bengaluru,medium
C01430,1169,1503.59,Kolkata,high
C01431,697,2198.12,Chennai,high
C01432,968,3058.78,Hyderabad,high
C01433,1306,3149.03,Visakhapatnam,high
C01434,889,1232.18,Bengaluru,medium
C01435,336,1614.71,Mumbai,high
C01436,1234,2162.93,Visakhapatnam,low
C01437,246,1531.33,Visakhapatnam,low
C01438,615,5116.96,Vijayawada,medium
C01439,871,2476.68,Chennai,medium
C01440,1371,2902.17,Ahmedabad,high
C01441,1277,2769.48,Ahmedabad,low
C01442,382,3859.53,Chennai,medium
C01443,324,2024.76,Visakhapatnam,high
C01444,1424,774.8,Kolkata,low
C01445,840,2334.0,Pune,high
C01446,516,1178.69,Hyderabad,high
C01447,1003,1276.58,Chennai,medium
C01448,71,2635.11,Pune,medium
C01449,666,4025.59,Chennai,medium
C01450,1455,1825.06,Bengaluru,low
C01451,305,2200.16,Chennai,high
C01452,937,5442.43,Pune,medium
C01453,883,2104.92,Visakhapatnam,high
C01454,212,9765.74,Delhi,medium
C01455,462,2599.63,Kolkata,high
C01456,1022,573.09,Vijayawada,medium
C01457,145,2937.21,Vijayawada,low
C01458,164,2306.06,Chennai,high
C01459,1067,4162.54,Kolkata,low
C01460,1103,2788.08,Visakhapatnam,low
C01461,385,1645.08,Delhi,low
C01462,148,812.2,Delhi,low
C01463,964,1571.33,Hyderabad,medium
C01464,1473,1035.57,Delhi,medium
C01465,784,1234.23,Ahmedabad,high
C01466,842,2638.9,Bengaluru,high
C01467,92,5329.33,Delhi,medium
C01468,1031,2326.4,Visakhapatnam,medium
C01469,393,827.34,Ahmedabad,high
C01470,1159,2403.15,Pune,medium
C01471,364,3918.06,Chennai,high
C01472,1440,1210.98,Bengaluru,medium
C01473,86,1649.84,Kolkata,low
C01474,363,1817.27,Visakhapatnam,low
C01475,483,1080.69,Delhi,high
C01476,453,2743.32,Chennai,high
C01477,868,1663.91,Vijayawada,low
C01478,1427,2364.3,Hyderabad,medium
C01479,300,1010.98,Mumbai,high
C01480,47,1354.51,Delhi,medium
C01481,1275,2878.69,Chennai,high
C01482,1482,1412.62,Chennai,medium
C01483,801,5530.69,Pune,medium
C01484,546,1388.22,Delhi,medium
C01485,648,2083.05,Vijayawada,high
C01486,843,3300.16,Visakhapatnam,low
C01487,45,715.95,Vijayawada,high
C01488,796,573.07,Vijayawada,high
C01489,1246,667.72,Visakhapatnam,medium
C01490,641,4089.68,Bengaluru,medium
C01491,160,1257.44,Pune,medium
C01492,1341,9493.58,Pune,medium
C01493,564,1247.36,Chennai,low
C01494,337,2029.41,Vijayawada,low
C01495,146,4904.52,Visakhapatnam,medium
C01496,1382,6630.94,Pune,high
C01497,316,6874.12,Hyderabad,high
C01498,1048,3948.06,Chennai,medium
C01499,887,3502.33,Kolkata,medium
C01500,102,2645.68,Visakhapatnam,high
C01501,1201,2985.36,Delhi,medium
C01502,1490,1257.99,Delhi,high
C01503,1124,1057.55,Ahmedabad,high
C01504,764,1796.06,Vijayawada,medium
C01505,378,1611.5,Vijayawada,low
C01506,631,1340.7,Bengaluru,medium
C01507,292,2830.46,Chennai,high
C01508,1174,3349.25,Mumbai,high
C01509,717,1906.47,Bengaluru,low
C01510,757,4702.91,Delhi,high
C01511,658,857.01,Kolkata,medium
C01512,791,1587.1,Chennai,high
C01513,632,1129.59,Ahmedabad,low
C01514,993,535.01,Hyderabad,high
C01515,1225,1705.82,Visakhapatnam,high
C01516,175,1663.05,Ahmedabad,low
C01517,1054,4814.0,Bengaluru,high
C01518,811,2712.35,Vijayawada,medium
C01519,876,925.02,Hyderabad,low
C01520,311,6007.13,Delhi,medium
C01521,868,3980.7,Visakhapatnam,medium
C01522,323,2627.81,Pune,high
C01523,399,1553.6,Bengaluru,medium
C01524,711,964.79,Mumbai,medium
C01525,1329,1413.19,Hyderabad,low
C01526,955,3652.72,Chennai,low
C01527,375,6127.38,Visakhapatnam,low
C01528,1032,4908.14,Bengaluru,low
C01529,1288,1310.01,Kolkata,high
C01530,909,869.39,Kolkata,medium
C01531,1007,1972.62,Kolkata,low
C01532,107,570.24,Vijayawada,low
C01533,794,2220.75,Hyderabad,medium
C01534,1117,1635.33,Delhi,low
C01535,1415,1329.58,Hyderabad,high
C01536,539,638.41,Delhi,high
C01537,735,2513.38,Chennai,low
C01538,240,1273.2,Kolkata,high
C01539,1235,841.42,Chennai,low
C01540,163,278.26,Hyderabad,medium
C01541,625,1768.09,Ahmedabad,high
C01542,1095,5695.92,Visakhapatnam,high
C01543,721,5299.46,Kolkata,high
C01544,304,1337.33,Pune,medium
C01545,765,1216.95,Delhi,low
C01546,856,2441.2,Hyderabad,low
C01547,489,940.67,Mumbai,low
C01548,74,2190.11,Visakhapatnam,high
C01549,376,2961.63,Bengaluru,medium
C01550,1486,3996.0,Hyderabad,medium
C01551,1341,1686.55,Chennai,high
C01552,1306,1576.8,Hyderabad,high
C01553,128,1017.24,Bengaluru,high
C01554,70,1051.6,Hyderabad,high
C01555,267,1553.6,Kolkata,medium
C01556,808,2285.48,Bengaluru,high
C01557,547,3259.64,Ahmedabad,high
C01558,343,1067.93,Delhi,high
C01559,1434,4749.48,Hyderabad,medium
C01560,891,1509.16,Bengaluru,high
C01561,1095,1775.17,Chennai,high
C01562,1270,1107.49,Mumbai,medium
C01563,244,372.33,Vijayawada,high
C01564,1295,3197.65,Bengaluru,medium
C01565,263,2905.88,Bengaluru,medium
C01566,436,1499.19,Visakhapatnam,low
C01567,568,1880.11,Vijayawada,low
C01568,763,2517.2,Kolkata,medium
C01569,358,651.9,Hyderabad,high
C01570,1046,1276.22,Delhi,high
C01571,1014,3016.38,Pune,low
C01572,35,796.52,Hyderabad,high
C01573,212,2178.42,Bengaluru,high
C01574,1400,745.28,Ahmedabad,low
C01575,214,2437.48,Vijayawada,low
C01576,237,1758.78,Chennai,high
C01577,503,629.99,Ahmedabad,medium
C01578,570,3837.68,Ahmedabad,low
C01579,234,1116.62,Mumbai,low
C01580,625,1063.03,Pune,high
C01581,670,2050.65,Kolkata,high
C01582,267,3797.72,Bengaluru,low
C01583,49,930.07,Mumbai,high
C01584,1355,1873.63,Mumbai,medium
C01585,762,2378.61,Ahmedabad,high
C01586,579,2824.43,Bengaluru,medium
C01587,731,2018.74,Mumbai,low
C01588,850,1417.96,Kolkata,medium
C01589,586,1051.12,Kolkata,high
C01590,1009,1903.66,Kolkata,high
C01591,371,896.64,Bengaluru,low
C01592,1455,269.53,Hyderabad,low
C01593,242,2390.61,Kolkata,high
C01594,1018,3239.26,Visakhapatnam,high
C01595,927,387.47,Mumbai,high
C01596,807,933.76,Pune,high
C01597,89,2691.87,Mumbai,medium
C01598,1029,6856.24,Bengaluru,medium
C01599,932,1824.49,Hyderabad,low
C01600,565,1121.41,Pune,low
C01601,1472,1598.24,Vijayawada,high
C01602,1210,4399.35,Visakhapatnam,low
C01603,1401,1182.83,Pune,high
C01604,1101,1070.7,Visakhapatnam,low
C01605,916,1315.22,Delhi,medium
C01606,738,968.63,Kolkata,low
C01607,1173,1949.4,Visakhapatnam,low
C01608,53,5174.94,Mumbai,high
C01609,991,2220.62,Ahmedabad,low
C01610,183,1527.69,Ahmedabad,medium
C01611,523,1489.01,Pune,medium
C01612,133,651.62,Vijayawada,low
C01613,1157,3195.71,Kolkata,medium
C01614,511,1711.2,Bengaluru,medium
C01615,939,1600.75,Visakhapatnam,medium
C01616,210,14343.64,Ahmedabad,medium
C01617,677,2185.79,Bengaluru,medium
C01618,1368,1104.2,Hyderabad,low
C01619,856,1364.32,Kolkata,low
C01620,1171,3797.25,Vijayawada,low
C01621,216,1937.53,Visakhapatnam,high
C01622,1335,706.74,Chennai,high
C01623,1181,3271.62,Delhi,high
C01624,1405,1165.9,Ahmedabad,medium
C01625,774,6082.59,Hyderabad,low
C01626,960,3632.13,Pune,high
C01627,1299,1345.85,Visakhapatnam,medium
C01628,1497,4138.97,Pune,high
C01629,956,1881.17,Bengaluru,low
C01630,1379,3133.31,Delhi,low
C01631,729,2466.66,Pune,high
C01632,627,1038.37,Vijayawada,high
C01633,795,1184.69,Bengaluru,low
C01634,366,3515.78,Ahmedabad,low
C01635,1498,1448.0,Kolkata,low
C01636,550,1384.61,Visakhapatnam,low
C01637,414,967.5,Bengaluru,medium
C01638,471,2370.56,Ahmedabad,low
C01639,1497,6878.69,Pune,low
C01640,878,899.33,Hyderabad,high
C01641,1406,1828.56,Visakhapatnam,low
C01642,952,4507.44,Ahmedabad,high
C01643,1236,1709.19,Vijayawada,low
C01644,1051,2415.31,Hyderabad,high
C01645,129,902.34,Vijayawada,medium
C01646,1228,2377.83,Ahmedabad,high
C01647,392,1593.83,Visakhapatnam,low
C01648,292,3416.14,Bengaluru,medium
C01649,1376,3894.59,Visakhapatnam,high
C01650,689,9689.11,Vijayawada,medium
C01651,887,2623.6,Visakhapatnam,high
C01652,538,2224.55,Chennai,medium
C01653,732,2042.42,Chennai,medium
C01654,303,1430.79,Mumbai,medium
C01655,1263,2242.97,Vijayawada,medium
C01656,1466,1485.54,Vijayawada,medium
C01657,1487,2008.3,Vijayawada,high
C01658,475,4238.57,Delhi,low
C01659,1308,935.69,Chennai,high
C01660,737,3776.16,Mumbai,high
C01661,1361,4237.24,Mumbai,high
C01662,1141,1667.03,Pune,high
C01663,266,453.2,Pune,high
C01664,1013,1212.52,Visakhapatnam,high
C01665,1396,4182.18,Kolkata,high
C01666,1123,1773.44,Chennai,medium
C01667,56,940.11,Vijayawada,low
C01668,81,1296.52,Kolkata,low
C01669,138,3108.65,Hyderabad,low
C01670,576,2568.09,Mumbai,medium
C01671,1429,1541.08,Chennai,low
C01672,157,1418.15,Chennai,low
C01673,1138,1395.35,Hyderabad,medium
C01674,956,988.29,Bengaluru,high
C01675,1413,5143.74,Vijayawada,low
C01676,1355,1459.77,Vijayawada,medium
C01677,516,3970.69,Vijayawada,high
C01678,619,4838.68,Hyderabad,medium
C01679,823,3444.19,Kolkata,high
C01680,670,1359.66,Vijayawada,low
C01681,56,2340.14,Chennai,low
C01682,1300,1771.91,Ahmedabad,low
C01683,1327,1000.38,Pune,high
C01684,1149,2222.47,Visakhapatnam,low
C01685,426,836.45,Chennai,medium
C01686,393,3895.33,Bengaluru,low
C01687,385,1330.81,Vijayawada,low
C01688,802,2051.44,Hyderabad,medium
C01689,601,2163.93,Vijayawada,medium
C01690,296,1521.2,Mumbai,high
C01691,552,2635.67,Hyderabad,medium
C01692,985,1321.94,Mumbai,low
C01693,344,3171.26,Pune,high
C01694,134,750.44,Visakhapatnam,high
C01695,646,1954.11,Ahmedabad,high
C01696,1156,6347.69,Pune,low
C01697,1479,939.48,Pune,high
C01698,480,1158.65,Mumbai,high
C01699,169,2513.88,Vijayawada,low
C01700,881,2022.86,Vijayawada,high
C01701,856,2260.75,Bengaluru,medium
C01702,483,2473.81,Delhi,high
C01703,709,2719.25,Pune,medium
C01704,631,3702.81,Delhi,high
C01705,1116,2349.42,Ahmedabad,high
C01706,1359,1538.75,Hyderabad,low
C01707,1399,2786.98,Pune,medium
C01708,522,6188.61,Visakhapatnam,high
C01709,529,1651.32,Hyderabad,high
C01710,687,955.37,Kolkata,low
C01711,820,3696.51,Chennai,high
C01712,609,1664.52,Hyderabad,high
C01713,797,438.48,Vijayawada,high
C01714,942,3122.43,Ahmedabad,low
C01715,637,1271.02,Delhi,medium
C01716,1082,1697.13,Bengaluru,low
C01717,372,2233.51,Vijayawada,high
C01718,45,2037.27,Bengaluru,low
C01719,1402,2854.6,Delhi,high
C01720,898,1356.25,Bengaluru,low
C01721,1131,2512.57,Kolkata,high
C01722,177,1520.56,Mumbai,low
C01723,970,2909.59,Pune,low
C01724,209,2685.25,Bengaluru,low
C01725,394,979.96,Chennai,high
C01726,174,3646.16,Visakhapatnam,low
C01727,559,1270.5,Kolkata,medium
C01728,953,3043.55,Kolkata,medium
C01729,677,2285.36,Hyderabad,medium
C01730,1408,5945.33,Bengaluru,high
C01731,42,1556.65,Visakhapatnam,low
C01732,1229,1434.38,Hyderabad,high
C01733,178,1777.42,Pune,high
C01734,247,1478.04,Chennai,high
C01735,647,3027.54,Visakhapatnam,low
C01736,606,629.51,Ahmedabad,medium
C01737,839,907.46,Hyderabad,medium
C01738,350,899.17,Vijayawada,low
C01739,309,3338.38,Kolkata,high
C01740,634,5472.23,Mumbai,medium
C01741,1417,1681.85,Pune,low
C01742,1163,1612.93,Vijayawada,low
C01743,282,1883.86,Hyderabad,low
C01744,1202,3830.55,Visakhapatnam,medium
C01745,1130,985.12,Vijayawada,low
C01746,654,2101.66,Delhi,high
C01747,734,3392.83,Delhi,medium
C01748,1352,2493.03,Vijayawada,low
C01749,359,2036.06,Mumbai,low
C01750,1293,3450.32,Chennai,low
C01751,264,310.58,Mumbai,high
C01752,1191,2796.6,Hyderabad,high
C01753,974,1176.61,Vijayawada,low
C01754,625,547.65,Bengaluru,medium
C01755,231,2509.46,Delhi,high
C01756,1219,4395.87,Ahmedabad,medium
C01757,761,1646.16,Mumbai,high
C01758,1372,3343.96,Delhi,low
C01759,613,5133.4,Visakhapatnam,low
C01760,426,4231.18,Pune,medium
C01761,952,5226.61,Pune,high
C01762,1380,2915.87,Chennai,high
C01763,1226,1890.46,Mumbai,high
C01764,1190,635.41,Pune,medium
C01765,907,1533.95,Mumbai,low
C01766,671,1040.47,Delhi,low
C01767,1488,7380.93,Kolkata,medium
C01768,766,1605.54,Mumbai,high
C01769,709,1950.08,Ahmedabad,medium
C01770,942,2576.04,Pune,medium
C01771,1027,1851.74,Vijayawada,low
C01772,389,5417.15,Visakhapatnam,low
C01773,604,1200.89,Mumbai,high
C01774,432,2042.72,Chennai,high
C01775,1313,1110.91,Bengaluru,high
C01776,184,763.21,Hyderabad,high
C01777,1323,1209.41,Hyderabad,high
C01778,1215,1757.18,Kolkata,high
C01779,465,1361.71,Hyderabad,high
C01780,563,1147.65,Vijayawada,high
C01781,996,721.57,Mumbai,medium
C01782,833,1705.35,Delhi,high
C01783,625,676.87,Mumbai,medium
C01784,1056,2950.05,Vijayawada,low
C01785,842,1899.09,Pune,high
C01786,51,697.94,Delhi,high
C01787,1431,1472.26,Mumbai,high
C01788,317,1103.94,Ahmedabad,low
C01789,396,2214.99,Visakhapatnam,high
C01790,1380,4302.0,Mumbai,high
C01791,1020,532.02,Pune,low
C01792,478,1939.74,Ahmedabad,low
C01793,158,1622.07,Chennai,medium
C01794,509,2784.75,Hyderabad,high
C01795,453,2067.55,Vijayawada,medium
C01796,824,1104.07,Ahmedabad,medium
C01797,125,1462.87,Hyderabad,high
C01798,693,1072.9,Bengaluru,high
C01799,1097,3622.6,Chennai,high
C01800,569,1825.11,Visakhapatnam,high
C01801,1197,6193.87,Mumbai,medium
C01802,1368,1730.41,Kolkata,medium
C01803,1233,1135.78,Bengaluru,high
C01804,545,672.92,Kolkata,low
C01805,1087,557.52,Kolkata,medium
C01806,736,642.81,Ahmedabad,medium
C01807,1267,2141.31,Hyderabad,high
C01808,314,2505.42,Ahmedabad,low
C01809,501,644.04,Bengaluru,high
C01810,1347,3220.58,Chennai,low
C01811,337,1314.95,Mumbai,low
C01812,771,1980.21,Visakhapatnam,high
C01813,272,5133.2,Delhi,medium
C01814,706,3224.35,Bengaluru,medium
C01815,1412,1511.71,Ahmedabad,medium
C01816,461,1008.55,Visakhapatnam,low
C01817,1355,444.46,Kolkata,low
C01818,529,1127.88,Hyderabad,low
C01819,1204,1569.18,Visakhapatnam,low
C01820,305,947.55,Vijayawada,low
C01821,1202,1652.8,Mumbai,low
C01822,370,1892.2,Chennai,low
C01823,1088,1555.24,Kolkata,high
C01824,1184,1179.73,Hyderabad,high
C01825,1385,2008.55,Chennai,low
C01826,473,2398.99,Ahmedabad,high
C01827,995,886.06,Ahmedabad,low
C01828,479,4503.67,Kolkata,high
C01829,322,1688.27,Visakhapatnam,low
C01830,1306,1822.19,Vijayawada,medium
C01831,373,2852.3,Pune,medium
C01832,1251,2094.63,Visakhapatnam,low
C01833,500,3344.53,Kolkata,medium
C01834,300,2169.33,Bengaluru,low
C01835,444,1208.89,Vijayawada,high
C01836,1431,2276.78,Kolkata,low
C01837,1270,855.87,Bengaluru,low
C01838,1004,1931.6,Visakhapatnam,high
C01839,109,1761.54,Vijayawada,high
C01840,270,1572.25,Bengaluru,medium
C01841,1380,1655.72,Mumbai,high
C01842,1134,529.72,Hyderabad,high
C01843,1359,1260.0,Kolkata,high
C01844,891,1911.97,Pune,low
C01845,1458,1997.09,Vijayawada,medium
C01846,499,922.93,Ahmedabad,medium
C01847,747,4097.99,Visakhapatnam,high
C01848,1456,1025.08,Visakhapatnam,low
C01849,901,3380.2,Mumbai,medium
C01850,1007,2376.11,Delhi,low
C01851,610,1182.63,Visakhapatnam,high
C01852,866,5707.26,Chennai,low
C01853,41,828.55,Hyderabad,high
C01854,1100,3271.46,Bengaluru,high
C01855,44,3449.28,Kolkata,high
C01856,450,1164.02,Pune,medium
C01857,771,4449.93,Bengaluru,low
C01858,902,1529.98,Visakhapatnam,medium
C01859,565,2171.54,Vijayawada,medium
C01860,1186,2131.86,Pune,high
C01861,594,1649.52,Kolkata,low
C01862,876,3049.0,Vijayawada,high
C01863,1018,3014.86,Mumbai,medium
C01864,1175,577.67,Vijayawada,medium
C01865,549,4202.2,Chennai,high
C01866,735,610.89,Kolkata,high
C01867,312,3521.69,Bengaluru,high
C01868,500,3743.96,Ahmedabad,high
C01869,361,885.73,Bengaluru,low
C01870,1071,1378.17,Kolkata,medium
C01871,1157,877.29,Visakhapatnam,high
C01872,1431,1565.32,Hyderabad,low
C01873,826,1473.39,Hyderabad,low
C01874,327,2987.89,Ahmedabad,high
C01875,921,4218.53,Bengaluru,low
C01876,568,4459.25,Delhi,medium
C01877,193,1249.04,Visakhapatnam,low
C01878,817,1571.13,Kolkata,high
C01879,1373,602.63,Vijayawada,medium
C01880,1487,1066.06,Visakhapatnam,low
C01881,388,3370.09,Ahmedabad,medium
C01882,51,5144.43,Delhi,high
C01883,1091,806.91,Chennai,low
C01884,98,1224.69,Visakhapatnam,high
C01885,1086,1769.37,Delhi,high
C01886,377,2159.53,Hyderabad,medium
C01887,519,1063.48,Hyderabad,low
C01888,207,2371.27,Chennai,medium
C01889,753,1322.85,Kolkata,medium
C01890,1230,1783.17,Delhi,high
C01891,61,2567.34,Bengaluru,low
C01892,1155,1807.53,Chennai,high
C01893,1175,1355.45,Visakhapatnam,medium
C01894,741,1676.22,Chennai,low
C01895,1271,1699.53,Delhi,medium
C01896,857,1415.21,Visakhapatnam,low
C01897,564,1521.31,Mumbai,medium
C01898,1066,5088.11,Bengaluru,high
C01899,178,2591.88,Vijayawada,medium
C01900,726,1485.46,Bengaluru,high
C01901,557,2831.5,Vijayawada,high
C01902,542,1448.9,Ahmedabad,medium
C01903,1183,3858.65,Ahmedabad,low
C01904,725,2288.86,Ahmedabad,high
C01905,973,1678.73,Visakhapatnam,low
C01906,1017,2408.01,Bengaluru,medium
C01907,168,648.38,Kolkata,high
C01908,481,865.36,Delhi,medium
C01909,874,828.4,Pune,high
C01910,1127,1975.26,Hyderabad,high
C01911,569,5550.69,Delhi,medium
C01912,220,7676.25,Kolkata,high
C01913,730,2725.14,Bengaluru,high
C01914,395,2492.62,Ahmedabad,medium
C01915,754,558.28,Delhi,high
C01916,581,1264.97,Mumbai,high
C01917,1429,1078.67,Delhi,medium
C01918,438,1202.3,Delhi,high
C01919,525,1613.64,Chennai,low
C01920,499,1324.36,Delhi,low
C01921,1296,497.2,Pune,low
C01922,248,2926.85,Bengaluru,low
C01923,1414,896.29,Ahmedabad,high
C01924,43,2102.86,Vijayawada,low
C01925,1017,6930.56,Pune,high
C01926,675,990.23,Ahmedabad,high
C01927,592,347.53,Ahmedabad,low
C01928,1076,1494.64,Chennai,medium
C01929,484,3681.83,Visakhapatnam,low
C01930,140,6428.32,Vijayawada,medium
C01931,1009,809.43,Vijayawada,low
C01932,1059,2485.92,Pune,medium
C01933,1435,1330.21,Mumbai,medium
C01934,276,1680.21,Vijayawada,medium
C01935,676,10040.33,Hyderabad,low
C01936,1410,677.64,Delhi,medium
C01937,1219,2122.76,Bengaluru,medium
C01938,770,2439.49,Visakhapatnam,medium
C01939,413,3645.7,Vijayawada,medium
C01940,515,1918.37,Chennai,medium
C01941,1285,2199.04,Pune,medium
C01942,406,1395.45,Ahmedabad,medium
C01943,461,2144.1,Kolkata,high
C01944,792,1440.1,Pune,medium
C01945,602,2696.11,Ahmedabad,low
C01946,1200,1415.58,Mumbai,high
C01947,1434,2299.98,Delhi,low
C01948,582,1766.09,Delhi,high
C01949,915,3742.37,Kolkata,low
C01950,328,1740.86,Mumbai,medium
C01951,49,568.54,Mumbai,medium
C01952,1053,4087.92,Mumbai,high
C01953,1088,999.06,Vijayawada,high
C01954,676,1176.85,Ahmedabad,medium
C01955,543,1222.14,Vijayawada,high
C01956,127,4398.09,Kolkata,low
C01957,1444,449.15,Mumbai,low
C01958,471,13836.68,Chennai,medium
C01959,1319,3575.92,Bengaluru,medium
C01960,715,2081.09,Chennai,medium
C01961,767,1736.91,Vijayawada,high
C01962,557,2167.12,Pune,low
C01963,873,2525.69,Bengaluru,medium
C01964,1421,2737.86,Visakhapatnam,low
C01965,1211,2582.94,Visakhapatnam,high
C01966,1359,1907.92,Vijayawada,low
C01967,612,1583.31,Pune,medium
C01968,1408,1631.43,Vijayawada,medium
C01969,945,1585.81,Bengaluru,medium
C01970,1286,3761.2,Chennai,medium
C01971,1323,2647.45,Mumbai,low
C01972,1341,266.21,Pune,medium
C01973,1322,2756.94,Visakhapatnam,high
C01974,858,2042.89,Bengaluru,low
C01975,361,1778.24,Pune,low
C01976,672,1398.29,Pune,high
C01977,626,3737.66,Chennai,high
C01978,1350,3332.35,Kolkata,medium
C01979,941,1089.17,Pune,high
C01980,1232,2345.2,Vijayawada,medium
C01981,877,957.15,Mumbai,low
C01982,77,734.21,Mumbai,high
C01983,510,1197.72,Chennai,high
C01984,1465,3152.96,Bengaluru,low
C01985,371,3344.5,Kolkata,low
C01986,225,2512.53,Bengaluru,medium
C01987,1153,2883.77,Hyderabad,low
C01988,843,2517.59,Vijayawada,low
C01989,242,1186.28,Chennai,high
C01990,348,2383.42,Bengaluru,high
C01991,828,3028.46,Chennai,low
C01992,536,2939.02,Chennai,medium
C01993,1313,3898.46,Mumbai,low
C01994,1108,2852.47,Mumbai,low
C01995,101,2261.95,Pune,medium
C01996,1005,3608.83,Ahmedabad,high
C01997,587,1769.24,Vijayawada,medium
C01998,306,1014.67,Vijayawada,low
C01999,1240,1618.97,Visakhapatnam,medium
C02000,1322,1109.16,Visakhapatnam,medium
C02001,1102,1160.58,Vijayawada,medium
C02002,741,1638.61,Ahmedabad,high
C02003,495,1075.42,Bengaluru,medium
C02004,660,1473.46,Pune,medium
C02005,562,525.68,Mumbai,medium
C02006,51,2067.68,Hyderabad,high
C02007,309,1801.41,Pune,medium
C02008,990,1058.32,Vijayawada,low
C02009,1438,2762.94,Ahmedabad,medium
C02010,643,3310.86,Hyderabad,medium
C02011,629,633.1,Visakhapatnam,low
C02012,44,1096.38,Vijayawada,medium
C02013,416,1091.82,Kolkata,high
C02014,925,977.12,Kolkata,low
C02015,364,3086.21,Kolkata,medium
C02016,481,1586.93,Chennai,low
C02017,894,1515.66,Delhi,high
C02018,1285,489.33,Chennai,medium
C02019,1358,2720.48,Vijayawada,medium
C02020,875,804.34,Delhi,low
C02021,403,1871.5,Mumbai,medium
C02022,256,2155.63,Ahmedabad,high
C02023,957,4358.88,Chennai,high
C02024,1305,768.78,Ahmedabad,low
C02025,686,252.87,Hyderabad,low
C02026,131,2028.48,Vijayawada,low
C02027,410,5801.51,Bengaluru,medium
C02028,581,4027.32,Mumbai,high
C02029,927,2062.8,Hyderabad,low
C02030,214,1307.64,Mumbai,low
C02031,1040,3041.7,Delhi,medium
C02032,890,955.98,Chennai,medium
C02033,790,2453.26,Ahmedabad,high
C02034,94,2500.13,Pune,low
C02035,329,3585.59,Hyderabad,medium
C02036,833,10821.83,Bengaluru,high
C02037,992,2322.99,Mumbai,low
C02038,542,1292.99,Kolkata,low
C02039,279,1770.33,Delhi,medium
C02040,937,570.0,Delhi,high
C02041,98,1145.94,Delhi,medium
C02042,222,1379.54,Vijayawada,high
C02043,456,1280.34,Ahmedabad,medium
C02044,1425,1987.38,Chennai,medium
C02045,354,1054.66,Hyderabad,high
C02046,1155,3730.18,Vijayawada,low
C02047,548,1800.24,Ahmedabad,high
C02048,641,1789.15,Delhi,medium
C02049,136,1454.49,Delhi,low
C02050,513,1991.05,Kolkata,medium
C02051,60,3077.45,Mumbai,medium
C02052,1227,1024.45,Bengaluru,medium
C02053,527,1173.52,Hyderabad,low
C02054,1220,1477.52,Ahmedabad,high
C02055,1251,750.49,Mumbai,medium
C02056,213,1056.82,Delhi,low
C02057,1053,1320.81,Bengaluru,high
C02058,1296,3177.64,Pune,high
C02059,152,2134.97,Hyderabad,medium
C02060,1350,2041.37,Mumbai,high
C02061,1128,3129.49,Bengaluru,low
C02062,1029,1646.24,Delhi,medium
C02063,1173,2320.05,Pune,medium
C02064,425,1683.19,Hyderabad,high
C02065,803,2138.86,Pune,high
C02066,305,1232.44,Chennai,low
C02067,1023,368.82,Ahmedabad,high
C02068,633,1649.55,Vijayawada,high
C02069,1033,4538.39,Delhi,high
C02070,412,3286.51,Vijayawada,medium
C02071,692,3371.29,Ahmedabad,medium
C02072,1256,4019.96,Vijayawada,low
C02073,171,1906.78,Vijayawada,low
C02074,950,2046.32,Chennai,medium
C02075,1139,1204.8,Pune,medium
C02076,31,1465.71,Vijayawada,medium
C02077,409,2685.96,Hyderabad,high
C02078,775,3936.58,Visakhapatnam,low
C02079,686,1644.02,Bengaluru,high
C02080,1133,1343.35,Kolkata,low
C02081,1103,1800.62,Ahmedabad,high
C02082,345,2660.65,Visakhapatnam,medium
C02083,690,704.18,Kolkata,high
C02084,689,404.65,Bengaluru,low
C02085,1101,1258.52,Bengaluru,low
C02086,295,814.1,Mumbai,low
C02087,443,1293.69,Bengaluru,medium
C02088,422,1635.14,Bengaluru,low
C02089,1199,1340.68,Kolkata,high
C02090,1033,4626.92,Vijayawada,high
C02091,1466,2225.92,Visakhapatnam,medium
C02092,130,2188.23,Pune,low
C02093,1270,2697.22,Bengaluru,low
C02094,457,858.6,Ahmedabad,low
C02095,988,3536.75,Hyderabad,medium
C02096,1172,1713.5,Kolkata,medium
C02097,1480,2783.19,Hyderabad,high
C02098,574,896.8,Vijayawada,low
C02099,174,655.63,Chennai,low
C02100,472,3063.06,Vijayawada,low
C02101,237,2298.95,Delhi,high
C02102,819,1001.45,Delhi,low
C02103,1107,1022.76,Delhi,high
C02104,1310,3740.87,Mumbai,high
C02105,1173,830.83,Kolkata,high
C02106,246,5235.82,Visakhapatnam,medium
C02107,1411,1002.39,Ahmedabad,high
C02108,1392,2725.74,Kolkata,low
C02109,371,1453.81,Mumbai,high
C02110,852,2664.08,Vijayawada,medium
C02111,1376,1263.79,Mumbai,high
C02112,1258,1619.26,Ahmedabad,medium
C02113,675,1848.52,Vijayawada,medium
C02114,791,938.35,Kolkata,high
C02115,911,2913.4,Pune,high
C02116,522,1289.43,Visakhapatnam,high
C02117,468,1551.46,Kolkata,high
C02118,550,943.14,Pune,medium
C02119,946,340.37,Kolkata,low
C02120,100,1589.82,Chennai,high
C02121,63,8636.41,Vijayawada,low
C02122,648,2997.5,Hyderabad,medium
C02123,484,1777.61,Delhi,medium
C02124,74,1517.26,Chennai,high
C02125,1077,1826.48,Vijayawada,high
C02126,1200,2568.74,Mumbai,low
C02127,107,835.49,Ahmedabad,medium
C02128,349,3713.95,Mumbai,medium
C02129,781,2865.62,Visakhapatnam,low
C02130,507,2870.85,Chennai,medium
C02131,218,2393.59,Visakhapatnam,medium
C02132,1195,1823.1,Delhi,high
C02133,188,2787.5,Pune,medium
C02134,384,2644.46,Ahmedabad,high
C02135,1469,1429.98,Visakhapatnam,low
C02136,1249,1239.79,Chennai,low
C02137,1210,1923.21,Kolkata,low
C02138,144,4926.6,Pune,medium
C02139,919,804.42,Kolkata,low
C02140,494,693.43,Visakhapatnam,low
C02141,1328,2003.47,Kolkata,low
C02142,654,1860.53,Vijayawada,low
C02143,683,2014.68,Vijayawada,high
C02144,336,2109.3,Pune,high
C02145,1459,1556.91,Delhi,low
C02146,133,4740.76,Kolkata,medium
C02147,1248,635.84,Visakhapatnam,high
C02148,214,1050.5,Delhi,medium
C02149,623,1683.16,Kolkata,low
C02150,300,618.61,Pune,low
C02151,1004,1605.57,Visakhapatnam,high
C02152,130,5300.19,Vijayawada,medium
C02153,567,1824.6,Bengaluru,medium
C02154,1057,2091.21,Kolkata,high
C02155,297,793.49,Mumbai,medium
C02156,1175,1205.81,Delhi,medium
C02157,839,1410.45,Visakhapatnam,low
C02158,1179,1464.15,Visakhapatnam,high
C02159,1103,4140.66,Delhi,low
C02160,176,2586.45,Chennai,medium
C02161,692,874.01,Visakhapatnam,low
C02162,260,2112.8,Kolkata,medium
C02163,778,2488.38,Pune,low
C02164,686,3776.82,Pune,high
C02165,1372,5028.58,Hyderabad,medium
C02166,376,930.51,Pune,high
C02167,935,1062.61,Visakhapatnam,low
C02168,932,794.82,Hyderabad,low
C02169,438,1546.0,Pune,low
C02170,205,2437.37,Bengaluru,high
C02171,141,3419.7,Delhi,high
C02172,332,1713.3,Chennai,low
C02173,733,1462.12,Bengaluru,medium
C02174,951,1986.61,Ahmedabad,low
C02175,709,1045.97,Delhi,high
C02176,1131,7000.54,Delhi,low
C02177,1149,633.06,Vijayawada,medium
C02178,1153,2029.66,Ahmedabad,high
C02179,319,6706.86,Hyderabad,medium
C02180,1223,1807.97,Vijayawada,low
C02181,553,1590.84,Mumbai,low
C02182,611,1426.82,Delhi,high
C02183,1295,1600.85,Chennai,low
C02184,982,4393.55,Hyderabad,low
C02185,825,427.45,Chennai,high
C02186,1381,4876.94,Pune,low
C02187,69,713.35,Chennai,high
C02188,821,1513.56,Delhi,medium
C02189,1071,1361.76,Bengaluru,medium
C02190,1022,2638.86,Visakhapatnam,high
C02191,210,636.99,Mumbai,low
C02192,1055,2430.75,Ahmedabad,high
C02193,1489,6709.93,Hyderabad,low
C02194,536,742.1,Vijayawada,medium
C02195,713,2036.22,Ahmedabad,medium
C02196,351,1170.58,Hyderabad,medium
C02197,1431,2374.09,Pune,medium
C02198,1310,1822.54,Chennai,low
C02199,1056,1186.28,Chennai,low
C02200,1311,2471.69,Chennai,medium
C02201,90,5816.0,Vijayawada,medium
C02202,491,1589.94,Mumbai,medium
C02203,834,2873.78,Mumbai,low
C02204,812,776.59,Vijayawada,high
C02205,1284,966.67,Delhi,medium
C02206,522,2446.97,Visakhapatnam,low
C02207,903,4723.08,Chennai,high
C02208,704,2268.08,Ahmedabad,high
C02209,299,1468.58,Delhi,high
C02210,313,1799.17,Visakhapatnam,high
C02211,1430,798.53,Delhi,low
C02212,662,2666.38,Vijayawada,low
C02213,910,3194.09,Mumbai,high
C02214,1186,1341.69,Mumbai,medium
C02215,168,1326.12,Vijayawada,high
C02216,272,2139.58,Mumbai,medium
C02217,328,1355.16,Hyderabad,medium
C02218,877,1724.26,Kolkata,medium
C02219,937,7047.03,Chennai,low
C02220,414,1532.99,Bengaluru,low
C02221,408,1425.99,Hyderabad,high
C02222,1293,1181.62,Chennai,high
C02223,1191,2919.79,Visakhapatnam,low
C02224,1251,1599.98,Delhi,low
C02225,1437,1180.21,Hyderabad,medium
C02226,192,4248.79,Ahmedabad,low
C02227,1058,4529.12,Visakhapatnam,medium
C02228,1488,1218.37,Pune,low
C02229,823,535.01,Ahmedabad,medium
C02230,311,3464.85,Mumbai,low
C02231,493,1153.47,Hyderabad,medium
C02232,60,3009.26,Chennai,medium
C02233,485,500.18,Delhi,low
C02234,165,3215.47,Mumbai,medium
C02235,1293,819.16,Ahmedabad,high
C02236,695,2894.42,Ahmedabad,low
C02237,905,1816.78,Kolkata,low
C02238,1275,968.24,Kolkata,high
C02239,670,1381.56,Kolkata,high
C02240,1201,2811.99,Visakhapatnam,high
C02241,1105,1928.26,Hyderabad,high
C02242,253,2631.77,Ahmedabad,medium
C02243,116,6504.36,Delhi,high
C02244,1131,651.18,Kolkata,high
C02245,110,5149.89,Vijayawada,medium
C02246,1087,1926.33,Hyderabad,low
C02247,626,1003.58,Ahmedabad,medium
C02248,653,758.12,Chennai,medium
C02249,370,1591.79,Kolkata,medium
C02250,1285,3276.77,Hyderabad,high
C02251,1088,1656.79,Mumbai,medium
C02252,1353,4806.83,Ahmedabad,low
C02253,1055,700.84,Bengaluru,low
C02254,1228,1785.91,Vijayawada,low
C02255,835,797.5,Kolkata,medium
C02256,953,2279.94,Hyderabad,low
C02257,959,3203.56,Visakhapatnam,high
C02258,443,1369.29,Ahmedabad,low
C02259,542,331.23,Pune,high
C02260,1358,2048.49,Mumbai,high
C02261,283,2390.89,Bengaluru,low
C02262,1476,2341.0,Ahmedabad,high
C02263,773,4019.05,Bengaluru,high
C02264,1478,897.27,Kolkata,high
C02265,1077,2800.86,Visakhapatnam,low
C02266,805,3907.57,Vijayawada,medium
C02267,119,566.49,Mumbai,medium
C02268,1188,2215.68,Mumbai,low
C02269,326,1297.02,Mumbai,high
C02270,135,1707.1,Kolkata,medium
C02271,663,2256.41,Ahmedabad,medium
C02272,1312,1311.39,Mumbai,low
C02273,299,1160.18,Delhi,low
C02274,1305,1840.41,Chennai,low
C02275,969,887.88,Ahmedabad,medium
C02276,1143,888.7,Hyderabad,high
C02277,1040,2799.33,Delhi,low
C02278,1235,853.06,Ahmedabad,medium
C02279,869,2775.66,Ahmedabad,low
C02280,1261,2431.41,Visakhapatnam,low
C02281,531,586.26,Vijayawada,medium
C02282,1299,1158.78,Vijayawada,low
C02283,130,3911.64,Mumbai,low
C02284,142,951.26,Pune,low
C02285,327,1330.99,Hyderabad,high
C02286,1213,2430.57,Visakhapatnam,medium
C02287,708,2995.14,Bengaluru,low
C02288,253,1528.5,Kolkata,low
C02289,360,1220.68,Chennai,high
C02290,1383,4537.28,Visakhapatnam,high
C02291,1181,5573.77,Mumbai,medium
C02292,1215,3400.91,Pune,low
C02293,220,1902.64,Chennai,medium
C02294,784,1064.4,Kolkata,low
C02295,905,1049.17,Vijayawada,low
C02296,629,2527.98,Ahmedabad,low
C02297,279,2362.56,Chennai,medium
C02298,1109,4476.43,Kolkata,high
C02299,459,2747.19,Delhi,high
C02300,149,677.59,Bengaluru,high
C02301,1318,3566.39,Vijayawada,low
C02302,1020,940.87,Visakhapatnam,high
C02303,618,1402.43,Kolkata,high
C02304,678,2117.88,Chennai,high
C02305,1207,6586.16,Visakhapatnam,medium
C02306,295,13588.63,Visakhapatnam,high
C02307,1046,2670.21,Vijayawada,high
C02308,1324,1597.93,Ahmedabad,medium
C02309,398,2547.76,Visakhapatnam,low
C02310,1481,3205.16,Chennai,low
C02311,33,1461.34,Bengaluru,low
C02312,982,5781.56,Bengaluru,high
C02313,454,2090.35,Visakhapatnam,medium
C02314,877,2487.6,Hyderabad,medium
C02315,746,2774.96,Vijayawada,high
C02316,464,2367.46,Hyderabad,high
C02317,442,3105.26,Chennai,medium
C02318,168,1205.11,Chennai,medium
C02319,1067,1252.19,Vijayawada,medium
C02320,42,880.46,Bengaluru,high
C02321,712,2395.19,Pune,medium
C02322,1195,2986.48,Visakhapatnam,low
C02323,389,2423.81,Delhi,medium
C02324,722,5345.24,Ahmedabad,medium
C02325,102,1793.46,Mumbai,medium
C02326,348,2780.05,Ahmedabad,high
C02327,716,885.31,Ahmedabad,medium
C02328,144,1399.58,Vijayawada,medium
C02329,1187,2828.9,Pune,high
C02330,1127,3125.84,Hyderabad,low
C02331,1212,1486.92,Pune,medium
C02332,165,1718.15,Mumbai,medium
C02333,93,671.1,Pune,medium
C02334,1313,1427.2,Vijayawada,low
C02335,1199,3210.85,Visakhapatnam,medium
C02336,413,2616.06,Visakhapatnam,low
C02337,661,2492.33,Pune,high
C02338,94,1859.19,Chennai,medium
C02339,207,1808.28,Ahmedabad,low
C02340,791,1171.84,Ahmedabad,medium
C02341,472,2834.95,Vijayawada,medium
C02342,388,2366.52,Bengaluru,medium
C02343,106,2478.36,Delhi,low
C02344,938,1278.73,Vijayawada,low
C02345,1018,444.02,Vijayawada,low
C02346,419,3672.73,Pune,medium
C02347,1102,1318.56,Chennai,medium
C02348,323,1027.35,Bengaluru,high
C02349,1415,2825.11,Mumbai,low
C02350,104,1395.12,Ahmedabad,medium
C02351,1491,3584.95,Vijayawada,low
C02352,38,2688.12,Chennai,low
C02353,1437,2806.97,Visakhapatnam,low
C02354,712,740.76,Ahmedabad,low
C02355,241,3957.25,Vijayawada,high
C02356,669,2133.15,Hyderabad,high
C02357,669,1415.89,Delhi,medium
C02358,440,1975.83,Delhi,medium
C02359,596,567.36,Vijayawada,medium
C02360,933,2347.64,Bengaluru,medium
C02361,335,921.91,Mumbai,medium
C02362,264,747.18,Hyderabad,high
C02363,1176,669.15,Vijayawada,low
C02364,453,3710.01,Vijayawada,medium
C02365,1155,1195.74,Pune,medium
C02366,319,4877.88,Chennai,high
C02367,531,1270.63,Mumbai,low
C02368,667,593.34,Visakhapatnam,medium
C02369,1137,871.14,Ahmedabad,low
C02370,296,4019.13,Hyderabad,medium
C02371,1413,1626.54,Hyderabad,low
C02372,815,1260.36,Hyderabad,low
C02373,903,1997.3,Kolkata,low
C02374,1473,2494.14,Visakhapatnam,high
C02375,1319,3721.38,Ahmedabad,high
C02376,758,4615.0,Chennai,medium
C02377,435,1424.67,Vijayawada,low
C02378,983,760.22,Visakhapatnam,low
C02379,220,1375.8,Ahmedabad,low
C02380,963,2131.8,Chennai,high
C02381,1349,962.08,Ahmedabad,medium
C02382,504,966.22,Delhi,low
C02383,1293,2250.72,Chennai,medium
C02384,832,1743.97,Mumbai,high
C02385,1392,1838.78,Pune,medium
C02386,958,1099.4,Ahmedabad,low
C02387,163,1549.65,Ahmedabad,low
C02388,749,987.12,Ahmedabad,medium
C02389,379,3210.46,Chennai,medium
C02390,1267,3527.89,Visakhapatnam,low
C02391,1070,542.14,Bengaluru,medium
C02392,1492,983.74,Bengaluru,medium
C02393,1168,680.48,Bengaluru,medium
C02394,1121,1179.71,Ahmedabad,medium
C02395,1239,1704.98,Kolkata,low
C02396,1301,701.54,Delhi,high
C02397,355,988.64,Ahmedabad,medium
C02398,165,937.27,Pune,low
C02399,1451,2059.6,Visakhapatnam,medium
C02400,921,1882.99,Visakhapatnam,medium
C02401,1145,1125.98,Delhi,low
C02402,1387,2019.24,Bengaluru,high
C02403,1487,1261.68,Visakhapatnam,medium
C02404,264,1508.64,Visakhapatnam,high
C02405,978,5341.63,Pune,high
C02406,229,4302.03,Ahmedabad,low
C02407,660,773.41,Kolkata,low
C02408,1255,3086.73,Bengaluru,high
C02409,1251,3050.16,Kolkata,medium
C02410,1042,853.35,Hyderabad,low
C02411,475,3064.83,Mumbai,high
C02412,1332,4891.22,Hyderabad,low
C02413,1383,867.74,Mumbai,medium
C02414,1118,991.45,Chennai,medium
C02415,1290,3487.78,Visakhapatnam,medium
C02416,430,2147.4,Delhi,high
C02417,678,2576.02,Chennai,high
C02418,1421,2246.04,Chennai,medium
C02419,1500,2320.4,Pune,low
C02420,1223,760.01,Hyderabad,high
C02421,1075,3555.67,Kolkata,low
C02422,632,3849.8,Hyderabad,medium
C02423,1154,1550.66,Hyderabad,low
C02424,1470,1749.84,Vijayawada,medium
C02425,254,665.36,Chennai,low
C02426,511,2514.45,Kolkata,high
C02427,1238,2610.71,Kolkata,high
C02428,681,1728.69,Kolkata,medium
C02429,811,3738.25,Kolkata,high
C02430,462,1448.66,Mumbai,medium
C02431,314,2598.1,Delhi,high
C02432,817,927.75,Pune,medium
C02433,345,1772.65,Chennai,high
C02434,287,1607.14,Mumbai,low
C02435,176,2083.89,Hyderabad,low
C02436,1026,1415.66,Kolkata,low
C02437,203,1652.57,Mumbai,high
C02438,881,3079.35,Ahmedabad,high
C02439,1267,1355.12,Kolkata,high
C02440,398,633.5,Ahmedabad,high
C02441,898,5612.61,Vijayawada,medium
C02442,817,4418.2,Pune,low
C02443,410,777.1,Kolkata,high
C02444,45,2818.2,Visakhapatnam,medium
C02445,514,1298.04,Vijayawada,medium
C02446,871,2136.25,Vijayawada,high
C02447,781,2179.36,Hyderabad,low
C02448,1193,1545.61,Ahmedabad,high
C02449,784,1081.49,Bengaluru,high
C02450,1016,1149.05,Bengaluru,low
C02451,1108,992.29,Chennai,medium
C02452,1088,1048.23,Bengaluru,high
C02453,1279,1723.09,Bengaluru,low
C02454,997,1130.37,Bengaluru,high
C02455,1327,2804.21,Vijayawada,high
C02456,669,4732.7,Visakhapatnam,low
C02457,733,1234.61,Vijayawada,low
C02458,990,2103.07,Ahmedabad,high
C02459,990,2490.75,Visakhapatnam,high
C02460,708,2446.33,Kolkata,medium
C02461,633,1891.1,Chennai,low
C02462,102,2916.93,Visakhapatnam,high
C02463,652,2462.68,Visakhapatnam,medium
C02464,155,805.18,Ahmedabad,high
C02465,376,3166.85,Visakhapatnam,low
C02466,1374,3204.4,Chennai,high
C02467,1308,1095.98,Hyderabad,medium
C02468,1022,1844.94,Bengaluru,low
C02469,1065,2806.53,Bengaluru,medium
C02470,546,1571.03,Mumbai,high
C02471,605,3615.47,Chennai,medium
C02472,59,8367.07,Bengaluru,high
C02473,387,1079.93,Visakhapatnam,high
C02474,339,733.53,Ahmedabad,medium
C02475,389,2193.0,Chennai,high
C02476,513,2877.16,Ahmedabad,low
C02477,1110,1549.18,Hyderabad,medium
C02478,202,4629.3,Mumbai,high
C02479,345,754.04,Ahmedabad,medium
C02480,814,2824.08,Delhi,high
C02481,931,1214.07,Mumbai,low
C02482,1213,5503.49,Pune,low
C02483,1345,6572.68,Chennai,low
C02484,137,1093.58,Mumbai,medium
C02485,846,1259.32,Ahmedabad,medium
C02486,1005,3147.22,Vijayawada,low
C02487,807,1399.55,Kolkata,medium
C02488,567,1747.65,Mumbai,high
C02489,920,1829.95,Hyderabad,medium
C02490,949,516.85,Kolkata,high
C02491,676,1783.88,Vijayawada,high
C02492,114,1149.66,Bengaluru,high
C02493,1335,1306.38,Pune,medium
C02494,1280,4600.42,Chennai,medium
C02495,583,795.37,Chennai,low
C02496,552,3053.75,Visakhapatnam,medium
C02497,974,1501.49,Delhi,high
C02498,1406,1500.72,Visakhapatnam,low
C02499,1094,3008.76,Pune,high
C02500,1443,2245.26,Mumbai,medium
C02501,1151,2608.26,Hyderabad,high
C02502,47,3377.4,Bengaluru,low
C02503,872,1451.27,Bengaluru,high
C02504,242,1209.05,Ahmedabad,medium
C02505,479,889.09,Chennai,medium
C02506,425,1052.61,Hyderabad,low
C02507,1298,12239.86,Bengaluru,low
C02508,1246,4042.36,Delhi,high
C02509,1336,747.96,Bengaluru,high
C02510,275,762.0,Bengaluru,high
C02511,296,2462.06,Kolkata,high
C02512,1356,2568.98,Visakhapatnam,low
C02513,257,2571.68,Mumbai,medium
C02514,633,1525.11,Ahmedabad,high
C02515,185,1659.04,Ahmedabad,medium
C02516,904,2227.56,Pune,medium
C02517,361,1903.35,Bengaluru,medium
C02518,157,425.39,Kolkata,medium
C02519,711,1550.25,Hyderabad,medium
C02520,572,1034.97,Mumbai,medium
C02521,172,2017.13,Ahmedabad,low
C02522,1279,12530.99,Kolkata,low
C02523,1351,2285.65,Ahmedabad,low
C02524,324,1468.13,Vijayawada,medium
C02525,477,3277.1,Visakhapatnam,high
C02526,247,2463.38,Ahmedabad,high
C02527,560,2365.17,Bengaluru,low
C02528,179,2670.43,Bengaluru,high
C02529,543,6852.0,Ahmedabad,low
C02530,1049,863.04,Mumbai,high
C02531,1341,2448.92,Hyderabad,low
C02532,1391,985.74,Kolkata,medium
C02533,340,2582.79,Pune,medium
C02534,1206,990.68,Hyderabad,high
C02535,1479,1372.31,Ahmedabad,medium
C02536,923,1485.84,Kolkata,high
C02537,173,3394.2,Vijayawada,low
C02538,36,3269.97,Kolkata,high
C02539,1017,800.97,Bengaluru,high
C02540,1126,1865.43,Pune,medium
C02541,1426,1134.92,Chennai,medium
C02542,143,794.34,Bengaluru,medium
C02543,1124,1563.19,Pune,low
C02544,971,1472.96,Chennai,high
C02545,445,8715.93,Mumbai,high
C02546,110,2385.03,Kolkata,high
C02547,421,735.16,Chennai,high
C02548,828,1246.93,Bengaluru,high
C02549,1440,3496.23,Pune,medium
C02550,203,6995.55,Ahmedabad,high
C02551,418,642.04,Mumbai,low
C02552,425,530.38,Hyderabad,high
C02553,1244,6073.37,Delhi,medium
C02554,826,2318.77,Bengaluru,high
C02555,1347,1023.67,Chennai,medium
C02556,1123,2547.97,Ahmedabad,low
C02557,105,324.51,Pune,low
C02558,721,1803.95,Hyderabad,medium
C02559,272,2227.48,Delhi,high
C02560,1396,3282.36,Vijayawada,medium
C02561,1418,931.23,Vijayawada,low
C02562,1216,1903.1,Delhi,low
C02563,105,986.35,Mumbai,medium
C02564,1369,2125.03,Hyderabad,medium
C02565,1296,1005.83,Hyderabad,low
C02566,1466,1380.6,Mumbai,low
C02567,382,942.24,Hyderabad,medium
C02568,229,2748.42,Ahmedabad,high
C02569,379,3144.89,Visakhapatnam,low
C02570,247,1545.4,Bengaluru,medium
C02571,1248,1845.3,Visakhapatnam,low
C02572,159,702.02,Delhi,medium
C02573,720,1481.41,Kolkata,medium
C02574,277,1742.21,Visakhapatnam,high
C02575,311,9887.8,Pune,low
C02576,123,873.72,Visakhapatnam,low
C02577,717,4662.27,Bengaluru,low
C02578,590,3440.94,Mumbai,medium
C02579,374,2160.2,Pune,high
C02580,367,5645.68,Ahmedabad,low
C02581,1221,2292.53,Hyderabad,low
C02582,234,2318.08,Visakhapatnam,medium
C02583,353,1738.91,Hyderabad,medium
C02584,195,3987.27,Hyderabad,low
C02585,397,3671.1,Bengaluru,high
C02586,1364,1198.53,Visakhapatnam,medium
C02587,882,763.59,Ahmedabad,high
C02588,289,1577.51,Delhi,low
C02589,1340,1070.11,Chennai,high
C02590,952,1727.19,Kolkata,low
C02591,387,4023.38,Visakhapatnam,high
C02592,107,1337.15,Visakhapatnam,low
C02593,1498,1750.59,Ahmedabad,high
C02594,210,1869.18,Chennai,medium
C02595,887,3124.48,Hyderabad,high
C02596,512,417.83,Delhi,low
C02597,1115,1213.41,Bengaluru,high
C02598,771,2064.98,Vijayawada,high
C02599,479,3926.85,Ahmedabad,high
C02600,1380,1307.41,Delhi,medium
C02601,138,531.54,Delhi,low
C02602,335,2692.85,Ahmedabad,medium
C02603,391,1191.01,Mumbai,high
C02604,118,830.69,Hyderabad,high
C02605,775,1199.57,Chennai,low
C02606,920,1596.55,Chennai,medium
C02607,1293,1214.95,Ahmedabad,low
C02608,243,429.2,Hyderabad,high
C02609,390,3224.83,Mumbai,low
C02610,1023,4122.48,Vijayawada,low
C02611,175,2749.11,Delhi,high
C02612,940,859.24,Visakhapatnam,high
C02613,697,1579.04,Kolkata,low
C02614,1416,1792.39,Pune,low
C02615,255,2656.48,Pune,low
C02616,230,2779.32,Delhi,high
C02617,874,1116.92,Delhi,medium
C02618,481,1898.54,Bengaluru,medium
C02619,1228,2423.03,Ahmedabad,low
C02620,922,4637.02,Mumbai,low
C02621,1278,2845.43,Ahmedabad,low
C02622,823,3006.19,Pune,low
C02623,967,1900.8,Delhi,high
C02624,764,4502.29,Chennai,low
C02625,717,2349.34,Mumbai,low
C02626,1447,1028.48,Visakhapatnam,low
C02627,604,4481.59,Mumbai,low
C02628,983,2833.25,Ahmedabad,medium
C02629,380,1349.6,Pune,low
C02630,634,1318.0,Visakhapatnam,low
C02631,1336,2182.7,Visakhapatnam,low
C02632,1213,2432.35,Vijayawada,low
C02633,207,2046.29,Kolkata,high
C02634,1031,2203.7,Delhi,high
C02635,999,5434.45,Ahmedabad,medium
C02636,59,3612.1,Kolkata,high
C02637,535,2037.45,Delhi,medium
C02638,919,3318.92,Visakhapatnam,low
C02639,1241,920.03,Mumbai,high
C02640,40,2331.33,Kolkata,low
C02641,112,5834.78,Ahmedabad,high
C02642,1062,1562.14,Hyderabad,medium
C02643,1117,1037.51,Kolkata,medium
C02644,1456,1178.13,Bengaluru,medium
C02645,1044,886.5,Delhi,low
C02646,1173,1080.79,Hyderabad,high
C02647,862,1414.76,Delhi,low
C02648,764,721.93,Chennai,low
C02649,1356,1818.37,Bengaluru,low
C02650,1012,3235.77,Chennai,low
C02651,1470,997.75,Ahmedabad,high
C02652,1225,4832.29,Hyderabad,medium
C02653,979,2508.79,Mumbai,high
C02654,860,3517.2,Mumbai,medium
C02655,1313,1173.74,Ahmedabad,high
C02656,1327,3136.88,Hyderabad,high
C02657,174,885.17,Kolkata,high
C02658,711,3210.57,Vijayawada,low
C02659,637,2012.71,Kolkata,medium
C02660,1459,2579.0,Visakhapatnam,high
C02661,1208,838.32,Delhi,high
C02662,195,1006.01,Visakhapatnam,medium
C02663,142,2653.78,Vijayawada,high
C02664,775,971.77,Hyderabad,low
C02665,814,2432.38,Pune,medium
C02666,1297,740.19,Hyderabad,medium
C02667,780,3123.96,Mumbai,high
C02668,1174,807.87,Bengaluru,high
C02669,1482,2577.4,Delhi,low
C02670,715,2703.23,Delhi,high
C02671,262,1144.41,Ahmedabad,high
C02672,1218,2627.69,Delhi,high
C02673,491,2132.03,Pune,medium
C02674,577,1268.13,Vijayawada,high
C02675,896,934.47,Chennai,low
C02676,159,502.62,Pune,medium
C02677,956,2259.31,Ahmedabad,high
C02678,1108,650.94,Bengaluru,medium
C02679,1483,1915.08,Vijayawada,high
C02680,1121,1516.71,Chennai,medium
C02681,1301,2798.91,Pune,high
C02682,1449,1479.13,Bengaluru,low
C02683,967,1453.02,Bengaluru,low
C02684,830,2896.5,Mumbai,medium
C02685,187,2237.98,Bengaluru,low
C02686,595,2210.65,Bengaluru,high
C02687,333,2441.98,Ahmedabad,low
C02688,448,663.43,Vijayawada,high
C02689,76,2943.79,Chennai,medium
C02690,1427,2680.2,Vijayawada,low
C02691,1000,929.55,Pune,medium
C02692,939,1535.93,Hyderabad,medium
C02693,417,1754.59,Bengaluru,low
C02694,505,1649.32,Vijayawada,high
C02695,717,2236.24,Kolkata,high
C02696,732,4563.89,Pune,medium
C02697,1245,3636.18,Vijayawada,high
C02698,941,767.09,Ahmedabad,medium
C02699,1191,2696.98,Mumbai,medium
C02700,381,4269.91,Chennai,low
C02701,1021,2314.54,Pune,medium
C02702,126,3658.03,Mumbai,medium
C02703,612,6657.62,Ahmedabad,low
C02704,1296,3501.52,Mumbai,high
C02705,1126,2116.66,Chennai,low
C02706,389,3550.52,Mumbai,low
C02707,517,1977.76,Bengaluru,low
C02708,678,1828.18,Visakhapatnam,low
C02709,932,1432.42,Chennai,medium
C02710,407,4972.91,Delhi,high
C02711,1478,1057.39,Hyderabad,high
C02712,679,4873.56,Pune,low
C02713,793,2491.04,Ahmedabad,high
C02714,362,724.87,Vijayawada,medium
C02715,278,2285.9,Hyderabad,medium
C02716,1052,459.68,Mumbai,medium
C02717,685,2703.01,Mumbai,low
C02718,1148,3200.12,Vijayawada,medium
C02719,1355,1224.77,Chennai,medium
C02720,623,1950.51,Visakhapatnam,high
C02721,331,6410.83,Visakhapatnam,high
C02722,935,1295.7,Pune,high
C02723,260,904.38,Ahmedabad,low
C02724,315,4715.56,Vijayawada,low
C02725,660,6446.06,Hyderabad,medium
C02726,1294,1804.33,Delhi,medium
C02727,761,3473.76,Bengaluru,medium
C02728,142,4304.87,Visakhapatnam,high
C02729,429,1110.9,Visakhapatnam,high
C02730,484,1313.03,Chennai,low
C02731,76,4006.25,Bengaluru,high
C02732,942,5381.92,Bengaluru,high
C02733,837,2595.19,Delhi,medium
C02734,680,1016.03,Visakhapatnam,high
C02735,1077,6549.42,Hyderabad,high
C02736,769,1274.63,Kolkata,low
C02737,1496,1447.66,Kolkata,medium
C02738,820,2248.6,Pune,low
C02739,612,4943.09,Pune,medium
C02740,660,3135.76,Ahmedabad,high
C02741,209,2357.14,Delhi,high
C02742,939,2432.51,Kolkata,medium
C02743,621,1851.64,Mumbai,high
C02744,898,2587.2,Kolkata,low
C02745,1232,347.7,Visakhapatnam,low
C02746,324,1484.37,Delhi,medium
C02747,1002,2105.7,Vijayawada,medium
C02748,165,851.83,Visakhapatnam,medium
C02749,211,2313.81,Hyderabad,medium
C02750,1338,1575.98,Chennai,medium
C02751,388,5634.15,Vijayawada,medium
C02752,1484,5004.06,Visakhapatnam,low
C02753,438,1329.78,Mumbai,medium
C02754,622,1631.9,Vijayawada,medium
C02755,116,1715.53,Chennai,high
C02756,652,1342.06,Ahmedabad,high
C02757,979,2043.27,Delhi,low
C02758,35,1099.55,Mumbai,medium
C02759,644,863.2,Ahmedabad,low
C02760,1369,2698.1,Chennai,medium
C02761,397,2710.09,Ahmedabad,high
C02762,1350,1067.14,Delhi,low
C02763,274,3221.24,Chennai,medium
C02764,166,1193.94,Visakhapatnam,high
C02765,770,2121.97,Visakhapatnam,medium
C02766,1188,3067.95,Kolkata,medium
C02767,1316,1761.1,Ahmedabad,high
C02768,274,2419.03,Pune,high
C02769,1208,1286.73,Hyderabad,medium
C02770,363,1584.21,Visakhapatnam,low
C02771,329,1574.56,Pune,medium
C02772,1449,1107.95,Mumbai,medium
C02773,364,1604.61,Hyderabad,medium
C02774,769,657.83,Kolkata,high
C02775,759,1308.05,Hyderabad,medium
C02776,627,1495.73,Vijayawada,high
C02777,187,1523.9,Vijayawada,low
C02778,1316,1538.51,Mumbai,low
C02779,1256,1729.17,Mumbai,high
C02780,690,2458.19,Pune,high
C02781,646,3177.91,Chennai,high
C02782,1459,1179.91,Pune,low
C02783,1124,823.42,Visakhapatnam,medium
C02784,324,914.35,Hyderabad,low
C02785,1091,1311.41,Chennai,medium
C02786,1023,1431.95,Kolkata,medium
C02787,363,1091.21,Bengaluru,low
C02788,346,775.16,Vijayawada,low
C02789,415,1338.18,Vijayawada,high
C02790,1442,2025.29,Vijayawada,high
C02791,1489,2649.99,Vijayawada,high
C02792,263,1252.9,Kolkata,medium
C02793,186,1376.22,Bengaluru,low
C02794,65,985.54,Ahmedabad,medium
C02795,668,1763.59,Pune,low
C02796,935,1036.98,Visakhapatnam,high
C02797,730,2612.53,Mumbai,high
C02798,653,563.82,Hyderabad,high
C02799,272,1424.79,Delhi,low
C02800,1451,2189.13,Mumbai,high
C02801,494,2028.46,Chennai,low
C02802,459,10363.17,Mumbai,low
C02803,900,2259.53,Bengaluru,low
C02804,68,937.21,Ahmedabad,medium
C02805,117,1691.7,Delhi,low
C02806,97,567.35,Vijayawada,high
C02807,151,1708.13,Ahmedabad,low
C02808,548,1047.39,Hyderabad,low
C02809,647,3263.47,Hyderabad,low
C02810,283,1259.34,Visakhapatnam,low
C02811,1233,1668.44,Delhi,low
C02812,1403,1190.86,Pune,low
C02813,215,5573.59,Mumbai,high
C02814,598,1460.79,Visakhapatnam,medium
C02815,751,5923.63,Mumbai,high
C02816,1285,3055.63,Delhi,high
C02817,1197,2462.38,Bengaluru,low
C02818,1214,2287.51,Hyderabad,high
C02819,474,2325.08,Delhi,medium
C02820,381,514.17,Vijayawada,low
C02821,232,1501.57,Delhi,high
C02822,1479,3117.84,Ahmedabad,medium
C02823,1459,1743.69,Visakhapatnam,low
C02824,930,722.1,Bengaluru,low
C02825,756,1739.72,Kolkata,medium
C02826,468,5449.13,Vijayawada,low
C02827,864,4048.18,Bengaluru,medium
C02828,283,1728.9,Ahmedabad,low
C02829,1094,3340.86,Mumbai,medium
C02830,769,1418.44,Chennai,high
C02831,113,594.68,Bengaluru,medium
C02832,1041,986.97,Bengaluru,medium
C02833,610,4971.22,Ahmedabad,high
C02834,668,1506.35,Ahmedabad,low
C02835,1164,1536.62,Kolkata,medium
C02836,906,1481.26,Delhi,low
C02837,1004,6205.74,Pune,low
C02838,56,5179.25,Ahmedabad,high
C02839,245,7614.04,Kolkata,medium
C02840,1100,1623.21,Bengaluru,low
C02841,323,2181.35,Kolkata,medium
C02842,1453,671.64,Visakhapatnam,low
C02843,375,4701.09,Bengaluru,medium
C02844,437,842.59,Pune,low
C02845,1248,2072.37,Kolkata,low
C02846,506,882.09,Kolkata,high
C02847,1052,1227.55,Chennai,high
C02848,1221,1044.53,Visakhapatnam,medium
C02849,1348,1212.48,Kolkata,medium
C02850,1004,1267.89,Visakhapatnam,medium
C02851,1022,1260.38,Vijayawada,medium
C02852,331,3093.97,Ahmedabad,low
C02853,280,877.77,Chennai,medium
C02854,1048,2077.44,Delhi,high
C02855,305,3972.76,Hyderabad,low
C02856,138,1289.44,Bengaluru,medium
C02857,1418,1128.78,Hyderabad,low
C02858,813,1549.52,Visakhapatnam,high
C02859,699,3875.24,Mumbai,medium
C02860,1303,2042.05,Visakhapatnam,low
C02861,186,1274.43,Vijayawada,medium
C02862,984,2465.28,Delhi,medium
C02863,1385,879.23,Ahmedabad,medium
C02864,1063,2802.94,Chennai,high
C02865,733,2347.57,Vijayawada,high
C02866,66,1473.6,Hyderabad,medium
C02867,273,1043.63,Kolkata,medium
C02868,674,1011.51,Kolkata,medium
C02869,971,2548.28,Hyderabad,low
C02870,392,4001.32,Vijayawada,high
C02871,650,1189.5,Mumbai,medium
C02872,912,2424.77,Mumbai,medium
C02873,1495,463.58,Kolkata,medium
C02874,254,1230.95,Visakhapatnam,high
C02875,1034,1764.03,Vijayawada,high
C02876,1134,996.5,Visakhapatnam,medium
C02877,1004,979.28,Vijayawada,low
C02878,1067,1166.18,Hyderabad,medium
C02879,569,2176.49,Ahmedabad,high
C02880,803,1593.64,Visakhapatnam,high
C02881,752,420.18,Chennai,medium
C02882,155,453.54,Hyderabad,high
C02883,122,1213.28,Mumbai,medium
C02884,744,2423.67,Visakhapatnam,low
C02885,1310,301.77,Pune,medium
C02886,229,1300.78,Kolkata,medium
C02887,761,1278.55,Kolkata,medium
C02888,145,4438.01,Delhi,low
C02889,510,1401.47,Chennai,high
C02890,203,2308.8,Bengaluru,medium
C02891,264,1973.1,Pune,low
C02892,70,450.64,Vijayawada,medium
C02893,106,2965.72,Ahmedabad,high
C02894,895,2070.51,Visakhapatnam,high
C02895,892,2504.68,Chennai,low
C02896,1455,23100.2,Ahmedabad,high
C02897,75,464.46,Pune,medium
C02898,1198,5522.55,Kolkata,medium
C02899,1202,1493.24,Bengaluru,medium
C02900,234,2169.62,Delhi,medium
C02901,1047,1747.53,Vijayawada,high
C02902,725,1366.2,Mumbai,high
C02903,643,1242.84,Pune,medium
C02904,443,2229.92,Ahmedabad,high
C02905,184,671.41,Vijayawada,low
C02906,618,2931.94,Chennai,low
C02907,638,1373.36,Visakhapatnam,medium
C02908,492,863.5,Visakhapatnam,high
C02909,218,1343.5,Visakhapatnam,low
C02910,1242,4075.26,Pune,medium
C02911,167,1271.02,Visakhapatnam,high
C02912,1003,2272.27,Kolkata,low
C02913,741,1119.26,Bengaluru,high
C02914,648,2945.96,Vijayawada,medium
C02915,916,2810.51,Vijayawada,medium
C02916,439,5985.75,Kolkata,medium
C02917,544,1605.88,Visakhapatnam,high
C02918,958,2779.89,Vijayawada,low
C02919,68,1918.47,Vijayawada,low
C02920,1211,4179.13,Ahmedabad,low
C02921,1383,1128.11,Ahmedabad,medium
C02922,1336,2921.33,Vijayawada,high
C02923,918,1586.03,Visakhapatnam,high
C02924,1313,1726.44,Hyderabad,high
C02925,440,1910.62,Pune,medium
C02926,332,2120.69,Delhi,low
C02927,1433,1669.02,Chennai,medium
C02928,870,2069.59,Pune,low
C02929,1328,5020.67,Delhi,medium
C02930,576,3415.52,Chennai,high
C02931,358,3166.85,Chennai,high
C02932,1261,1338.68,Delhi,medium
C02933,518,1009.83,Bengaluru,low
C02934,423,3349.24,Hyderabad,low
C02935,665,3181.07,Ahmedabad,medium
C02936,1176,4688.08,Kolkata,medium
C02937,1354,1215.55,Hyderabad,low
C02938,356,1550.5,Chennai,low
C02939,89,620.1,Chennai,medium
C02940,1378,1394.7,Vijayawada,low
C02941,1349,3440.3,Hyderabad,high
C02942,1025,1329.18,Hyderabad,low
C02943,201,2729.45,Pune,high
C02944,640,1590.36,Bengaluru,medium
C02945,774,2222.04,Bengaluru,medium
C02946,317,853.67,Delhi,low
C02947,1199,1902.51,Vijayawada,low
C02948,1098,257.57,Visakhapatnam,high
C02949,545,1594.09,Ahmedabad,low
C02950,517,623.74,Visakhapatnam,low
C02951,671,3941.98,Pune,high
C02952,828,2983.51,Delhi,medium
C02953,476,2437.87,Mumbai,low
C02954,388,4837.71,Delhi,medium
C02955,930,971.41,Kolkata,medium
C02956,1237,5604.52,Hyderabad,medium
C02957,1122,3299.3,Pune,high
C02958,261,1543.46,Pune,high
C02959,897,3765.72,Ahmedabad,high
C02960,534,876.95,Chennai,low
C02961,773,1053.22,Ahmedabad,high
C02962,783,1211.92,Chennai,low
C02963,1351,1276.28,Visakhapatnam,low
C02964,1386,905.76,Hyderabad,high
C02965,1405,3986.01,Delhi,medium
C02966,1161,1521.25,Kolkata,medium
C02967,1338,2263.51,Pune,high
C02968,279,1242.42,Vijayawada,low
C02969,936,551.23,Kolkata,low
C02970,834,2145.4,Chennai,medium
C02971,214,519.35,Delhi,medium
C02972,460,1721.46,Mumbai,medium
C02973,1323,739.62,Pune,high
C02974,862,6550.33,Hyderabad,medium
C02975,194,3254.94,Ahmedabad,medium
C02976,875,1928.08,Pune,high
C02977,895,4092.66,Bengaluru,low
C02978,1460,1038.4,Chennai,high
C02979,165,2562.67,Pune,medium
C02980,1263,2049.64,Vijayawada,high
C02981,699,2136.99,Ahmedabad,high
C02982,86,4115.73,Hyderabad,high
C02983,1343,2897.67,Mumbai,high
C02984,938,2171.58,Mumbai,low
C02985,850,613.92,Delhi,high
C02986,655,964.41,Pune,high
C02987,198,1662.01,Bengaluru,low
C02988,541,1912.63,Vijayawada,high
C02989,1359,863.43,Mumbai,high
C02990,1434,8631.14,Kolkata,medium
C02991,954,4823.23,Ahmedabad,high
C02992,303,2662.23,Chennai,low
C02993,1437,1886.29,Visakhapatnam,medium
C02994,607,1568.08,Delhi,low
C02995,878,969.51,Pune,low
C02996,835,1892.97,Kolkata,high
C02997,489,2128.3,Hyderabad,low
C02998,1173,803.03,Visakhapatnam,high
C02999,498,2236.7,Bengaluru,medium
C03000,436,1627.21,Chennai,high
C03001,375,520.85,Hyderabad,medium
C03002,1295,1028.95,Kolkata,high
C03003,562,1375.67,Mumbai,low
C03004,783,6139.75,Mumbai,high
C03005,270,2584.54,Hyderabad,high
C03006,1106,755.57,Kolkata,medium
C03007,1409,2468.75,Ahmedabad,low
C03008,489,658.39,Delhi,low
C03009,575,3638.37,Chennai,high
C03010,1042,1325.19,Kolkata,low
C03011,913,1693.71,Delhi,high
C03012,471,4261.22,Chennai,high
C03013,1416,779.68,Delhi,medium
C03014,399,725.9,Kolkata,low
C03015,88,1231.76,Chennai,medium
C03016,512,3535.07,Visakhapatnam,medium
C03017,538,670.46,Pune,high
C03018,1431,285.61,Ahmedabad,low
C03019,51,1342.5,Ahmedabad,low
C03020,692,2576.46,Kolkata,high
C03021,464,3927.32,Kolkata,high
C03022,896,1332.07,Visakhapatnam,medium
C03023,179,1377.62,Bengaluru,high
C03024,150,3810.74,Hyderabad,medium
C03025,510,533.9,Ahmedabad,medium
C03026,1271,1398.29,Visakhapatnam,high
C03027,123,2037.17,Hyderabad,medium
C03028,1063,2410.37,Visakhapatnam,medium
C03029,649,1292.29,Kolkata,high
C03030,789,1840.75,Mumbai,high
C03031,114,357.14,Visakhapatnam,low
C03032,563,1173.42,Mumbai,high
C03033,1039,2417.1,Pune,medium
C03034,300,950.56,Bengaluru,medium
C03035,1484,1870.35,Vijayawada,medium
C03036,320,2406.69,Chennai,low
C03037,671,1440.7,Hyderabad,low
C03038,1052,2010.91,Chennai,high
C03039,768,962.72,Kolkata,medium
C03040,569,1573.79,Visakhapatnam,medium
C03041,1088,2676.28,Pune,medium
C03042,367,1993.35,Pune,high
C03043,1036,1229.42,Mumbai,high
C03044,1376,2082.41,Ahmedabad,low
C03045,416,2864.18,Mumbai,low
C03046,500,474.89,Mumbai,low
C03047,993,3823.57,Chennai,low
C03048,1475,1446.61,Ahmedabad,medium
C03049,267,2373.47,Ahmedabad,low
C03050,934,3919.63,Pune,high
C03051,1178,738.01,Ahmedabad,medium
C03052,1039,1135.02,Bengaluru,high
C03053,333,1492.17,Bengaluru,medium
C03054,221,1081.5,Delhi,medium
C03055,399,5559.43,Mumbai,high
C03056,1071,1031.37,Chennai,high
C03057,1388,1254.43,Visakhapatnam,low
C03058,1225,2055.75,Hyderabad,high
C03059,1198,823.98,Mumbai,medium
C03060,187,1391.79,Delhi,medium
C03061,1416,2212.52,Bengaluru,medium
C03062,83,1449.8,Chennai,high
C03063,1423,1693.99,Bengaluru,medium
C03064,795,1275.99,Visakhapatnam,low
C03065,692,672.59,Mumbai,low
C03066,196,2218.48,Ahmedabad,high
C03067,1380,5632.16,Ahmedabad,medium
C03068,1316,1821.66,Chennai,high
C03069,1377,2083.83,Hyderabad,medium
C03070,119,2823.72,Visakhapatnam,medium
C03071,695,788.77,Visakhapatnam,low
C03072,462,5443.49,Hyderabad,high
C03073,609,2053.0,Pune,low
C03074,174,5199.14,Vijayawada,high
C03075,811,1117.75,Bengaluru,medium
C03076,552,5868.08,Mumbai,low
C03077,846,2979.15,Bengaluru,low
C03078,456,2578.64,Mumbai,medium
C03079,854,2095.73,Chennai,high
C03080,1369,1531.49,Mumbai,low
C03081,641,3928.01,Ahmedabad,medium
C03082,665,1971.95,Visakhapatnam,low
C03083,765,501.17,Bengaluru,medium
C03084,1079,870.76,Delhi,medium
C03085,942,1595.18,Kolkata,medium
C03086,579,2201.82,Visakhapatnam,high
C03087,896,1734.99,Bengaluru,medium
C03088,784,3975.37,Visakhapatnam,low
C03089,919,506.4,Kolkata,low
C03090,112,1976.09,Vijayawada,medium
C03091,979,552.17,Delhi,high
C03092,1435,2949.39,Mumbai,medium
C03093,1109,1692.81,Vijayawada,low
C03094,625,2364.42,Ahmedabad,medium
C03095,192,1026.61,Ahmedabad,medium
C03096,334,4134.8,Mumbai,high
C03097,645,3542.77,Delhi,high
C03098,905,2630.28,Chennai,high
C03099,127,1654.67,Vijayawada,low
C03100,122,2623.98,Vijayawada,low
C03101,1075,1136.9,Kolkata,medium
C03102,223,3138.98,Ahmedabad,high
C03103,1194,5259.04,Chennai,medium
C03104,551,3609.91,Visakhapatnam,low
C03105,1061,1120.24,Hyderabad,low
C03106,1384,2276.66,Ahmedabad,low
C03107,403,776.66,Kolkata,low
C03108,200,2611.28,Kolkata,high
C03109,639,2412.54,Pune,high
C03110,961,533.87,Ahmedabad,high
C03111,572,845.88,Pune,low
C03112,462,1497.42,Mumbai,low
C03113,1267,1480.27,Chennai,high
C03114,247,820.06,Kolkata,high
C03115,66,2317.81,Hyderabad,medium
C03116,268,2119.64,Hyderabad,low
C03117,1373,1586.47,Ahmedabad,medium
C03118,1446,1101.33,Kolkata,high
C03119,1262,3558.88,Ahmedabad,medium
C03120,1296,5279.34,Visakhapatnam,medium
C03121,1444,1314.52,Kolkata,medium
C03122,209,1209.1,Mumbai,low
C03123,58,2477.06,Delhi,low
C03124,62,1426.28,Delhi,low
C03125,458,1644.08,Ahmedabad,high
C03126,327,2911.19,Delhi,medium
C03127,1312,520.33,Vijayawada,low
C03128,206,4240.51,Chennai,medium
C03129,333,1887.08,Ahmedabad,medium
C03130,74,1377.56,Bengaluru,low
C03131,342,1698.57,Ahmedabad,medium
C03132,995,1756.57,Hyderabad,medium
C03133,1228,584.21,Delhi,low
C03134,633,4756.43,Visakhapatnam,medium
C03135,134,1849.01,Pune,low
C03136,240,2400.65,Kolkata,medium
C03137,1045,3341.08,Visakhapatnam,high
C03138,1165,926.85,Chennai,low
C03139,1028,2448.67,Kolkata,medium
C03140,1081,1512.58,Visakhapatnam,high
C03141,1282,3121.11,Ahmedabad,low
C03142,1492,451.62,Hyderabad,high
C03143,68,1687.71,Kolkata,high
C03144,676,1216.47,Vijayawada,low
C03145,578,2383.95,Kolkata,medium
C03146,269,2443.22,Ahmedabad,high
C03147,1353,1136.36,Pune,medium
C03148,1458,1133.01,Kolkata,low
C03149,360,1675.07,Chennai,high
C03150,423,1004.98,Ahmedabad,medium
C03151,927,3111.41,Delhi,high
C03152,479,1415.95,Visakhapatnam,high
C03153,724,272.05,Visakhapatnam,high
C03154,1375,1410.79,Ahmedabad,low
C03155,630,916.43,Kolkata,medium
C03156,1408,623.42,Pune,medium
C03157,361,805.3,Visakhapatnam,low
C03158,608,1932.67,Bengaluru,high
C03159,1018,4269.1,Mumbai,low
C03160,438,2206.39,Mumbai,high
C03161,1037,1213.56,Bengaluru,medium
C03162,1041,2420.86,Chennai,low
C03163,458,1335.6,Vijayawada,low
C03164,67,1146.02,Pune,medium
C03165,761,849.97,Mumbai,low
C03166,1061,576.43,Hyderabad,low
C03167,721,1397.01,Kolkata,low
C03168,1294,1994.76,Delhi,low
C03169,1180,1690.43,Delhi,medium
C03170,558,1373.56,Pune,medium
C03171,125,973.41,Vijayawada,medium
C03172,339,2672.85,Vijayawada,high
C03173,1401,764.64,Bengaluru,high
C03174,133,2980.84,Ahmedabad,medium
C03175,257,938.33,Bengaluru,high
C03176,1278,1103.74,Bengaluru,high
C03177,115,693.76,Vijayawada,low
C03178,372,1299.36,Bengaluru,low
C03179,770,3393.09,Mumbai,high
C03180,628,2516.69,Ahmedabad,high
C03181,1050,3399.95,Bengaluru,low
C03182,1355,2527.37,Pune,medium
C03183,312,878.45,Bengaluru,low
C03184,929,1451.76,Kolkata,low
C03185,532,1084.0,Ahmedabad,medium
C03186,617,4274.47,Vijayawada,low
C03187,204,826.85,Chennai,medium
C03188,1494,3217.78,Kolkata,medium
C03189,1319,3216.22,Delhi,low
C03190,1114,5912.33,Kolkata,low
C03191,312,1379.18,Kolkata,medium
C03192,868,2859.93,Ahmedabad,high
C03193,1427,7931.64,Pune,low
C03194,936,1204.81,Mumbai,low
C03195,1499,663.66,Vijayawada,low
C03196,203,530.35,Pune,medium
C03197,852,2860.65,Mumbai,medium
C03198,155,529.27,Kolkata,low
C03199,1382,1413.09,Mumbai,high
C03200,148,2391.79,Vijayawada,medium
C03201,888,2030.23,Kolkata,high
C03202,1465,2373.41,Vijayawada,medium
C03203,672,2079.81,Pune,low
C03204,602,4133.19,Vijayawada,high
C03205,330,969.26,Kolkata,medium
C03206,1348,1159.21,Delhi,high
C03207,1308,1089.32,Visakhapatnam,high
C03208,935,3087.65,Pune,high
C03209,858,3231.82,Delhi,medium
C03210,202,2413.51,Hyderabad,high
C03211,715,3884.75,Kolkata,high
C03212,288,836.99,Vijayawada,high
C03213,611,5320.05,Delhi,low
C03214,1077,4844.73,Vijayawada,medium
C03215,1097,2903.57,Pune,high
C03216,357,5731.38,Hyderabad,low
C03217,1135,613.23,Visakhapatnam,medium
C03218,524,1280.05,Chennai,high
C03219,895,1116.1,Vijayawada,low
C03220,152,2877.0,Pune,medium
C03221,1314,909.55,Vijayawada,medium
C03222,283,2945.15,Hyderabad,high
C03223,285,4386.95,Ahmedabad,medium
C03224,1202,2828.28,Hyderabad,medium
C03225,724,2164.58,Delhi,high
C03226,1221,947.12,Visakhapatnam,high
C03227,1315,1038.04,Vijayawada,high
C03228,508,4055.36,Pune,medium
C03229,612,2987.28,Visakhapatnam,high
C03230,316,1754.92,Kolkata,high
C03231,537,1371.83,Bengaluru,medium
C03232,1087,482.4,Visakhapatnam,low
C03233,769,897.39,Ahmedabad,low
C03234,330,6235.19,Kolkata,medium
C03235,197,783.09,Bengaluru,low
C03236,900,2035.92,Mumbai,medium
C03237,469,3464.7,Ahmedabad,low
C03238,786,796.19,Vijayawada,medium
C03239,1234,2029.62,Vijayawada,high
C03240,838,3311.6,Chennai,high
C03241,1051,1814.68,Kolkata,medium
C03242,1441,11614.43,Ahmedabad,high
C03243,883,608.47,Mumbai,low
C03244,1065,3582.14,Mumbai,medium
C03245,1486,1608.76,Ahmedabad,low
C03246,1472,2972.89,Vijayawada,high
C03247,271,2398.0,Delhi,medium
C03248,999,1117.66,Hyderabad,high
C03249,351,2088.89,Vijayawada,medium
C03250,273,538.03,Visakhapatnam,medium
C03251,255,2664.18,Bengaluru,medium
C03252,1200,2184.94,Chennai,low
C03253,1100,2726.22,Mumbai,low
C03254,790,3580.72,Chennai,medium
C03255,651,2285.85,Chennai,medium
C03256,87,1981.88,Mumbai,low
C03257,1237,1015.21,Kolkata,low
C03258,654,1132.97,Chennai,low
C03259,404,3892.94,Ahmedabad,low
C03260,280,4578.65,Vijayawada,medium
C03261,168,1541.9,Hyderabad,medium
C03262,1015,1854.64,Visakhapatnam,medium
C03263,1188,999.79,Ahmedabad,medium
C03264,802,3857.73,Ahmedabad,high
C03265,1270,2774.05,Mumbai,low
C03266,1063,6357.14,Ahmedabad,medium
C03267,1396,1017.02,Ahmedabad,low
C03268,696,1407.88,Bengaluru,high
C03269,1390,2092.22,Visakhapatnam,medium
C03270,823,2740.13,Delhi,medium
C03271,724,1564.56,Vijayawada,low
C03272,1403,1020.57,Ahmedabad,high
C03273,598,3192.17,Bengaluru,low
C03274,1478,2876.36,Hyderabad,high
C03275,1320,992.24,Chennai,high
C03276,1351,4344.13,Bengaluru,high
C03277,1175,3851.32,Bengaluru,low
C03278,1297,1964.19,Vijayawada,high
C03279,138,1895.58,Visakhapatnam,high
C03280,417,2580.35,Ahmedabad,high
C03281,68,1028.07,Bengaluru,high
C03282,1119,1835.48,Mumbai,low
C03283,593,444.3,Delhi,low
C03284,1475,3181.91,Visakhapatnam,medium
C03285,203,652.34,Vijayawada,high
C03286,686,4782.72,Kolkata,high
C03287,122,1452.39,Ahmedabad,low
C03288,726,1568.63,Kolkata,low
C03289,879,1196.93,Hyderabad,high
C03290,679,1492.66,Kolkata,medium
C03291,216,4525.97,Bengaluru,low
C03292,1139,357.26,Mumbai,medium
C03293,324,4128.09,Mumbai,medium
C03294,213,2242.3,Mumbai,medium
C03295,864,821.37,Mumbai,low
C03296,1288,894.79,Pune,low
C03297,85,5351.85,Hyderabad,medium
C03298,828,973.56,Bengaluru,medium
C03299,321,850.53,Kolkata,medium
C03300,558,3769.87,Kolkata,low
C03301,136,2243.07,Delhi,low
C03302,1252,978.37,Visakhapatnam,low
C03303,1039,2072.16,Vijayawada,high
C03304,818,924.08,Bengaluru,medium
C03305,154,3681.5,Pune,medium
C03306,1162,3588.3,Kolkata,low
C03307,1021,2543.63,Hyderabad,medium
C03308,1327,2277.02,Delhi,low
C03309,581,5655.11,Vijayawada,high
C03310,1412,1799.63,Bengaluru,low
C03311,1166,834.91,Mumbai,medium
C03312,1193,2410.77,Kolkata,medium
C03313,201,6984.67,Vijayawada,low
C03314,321,930.71,Pune,high
C03315,374,1423.1,Delhi,high
C03316,897,2359.56,Vijayawada,medium
C03317,115,1738.02,Hyderabad,medium
C03318,1301,950.55,Chennai,high
C03319,372,3732.19,Hyderabad,low
C03320,1017,8132.05,Chennai,high
C03321,543,2044.74,Kolkata,medium
C03322,1324,1000.14,Delhi,high
C03323,1075,657.68,Chennai,low
C03324,360,2128.61,Vijayawada,high
C03325,173,3688.82,Chennai,low
C03326,839,2451.37,Bengaluru,low
C03327,1169,1797.19,Chennai,medium
C03328,461,1227.23,Visakhapatnam,high
C03329,681,885.04,Pune,high
C03330,565,3096.82,Ahmedabad,medium
C03331,533,3260.04,Pune,medium
C03332,461,659.06,Ahmedabad,high
C03333,702,5059.07,Hyderabad,high
C03334,303,2614.13,Hyderabad,high
C03335,1005,4470.6,Hyderabad,low
C03336,1407,752.32,Mumbai,medium
C03337,1168,740.82,Ahmedabad,medium
C03338,1132,1633.88,Bengaluru,high
C03339,1363,2495.77,Bengaluru,high
C03340,93,5785.88,Ahmedabad,high
C03341,282,2848.34,Pune,medium
C03342,1261,1537.32,Pune,medium
C03343,392,923.71,Hyderabad,low
C03344,977,4003.97,Pune,low
C03345,940,961.49,Hyderabad,low
C03346,70,5187.7,Chennai,high
C03347,1482,1496.21,Pune,low
C03348,214,5061.51,Visakhapatnam,high
C03349,650,2798.52,Delhi,low
C03350,1041,1646.64,Pune,low
C03351,604,1284.26,Ahmedabad,high
C03352,1477,1442.24,Visakhapatnam,low
C03353,44,2377.84,Delhi,high
C03354,841,1892.58,Bengaluru,medium
C03355,1195,1223.61,Vijayawada,medium
C03356,379,1616.28,Vijayawada,low
C03357,1381,1894.32,Visakhapatnam,high
C03358,1427,451.18,Visakhapatnam,high
C03359,389,2424.43,Bengaluru,high
C03360,292,952.15,Bengaluru,low
C03361,561,850.54,Visakhapatnam,low
C03362,1101,601.1,Chennai,low
C03363,1418,560.88,Hyderabad,high
C03364,1418,745.83,Vijayawada,high
C03365,547,1135.33,Vijayawada,medium
C03366,34,6407.09,Kolkata,high
C03367,1408,1278.85,Hyderabad,medium
C03368,915,2020.46,Kolkata,medium
C03369,279,2335.2,Vijayawada,medium
C03370,1044,1960.07,Pune,high
C03371,119,1711.63,Delhi,low
C03372,599,827.66,Kolkata,high
C03373,949,4622.29,Pune,low
C03374,832,5826.78,Delhi,medium
C03375,197,602.94,Visakhapatnam,low
C03376,492,925.12,Kolkata,low
C03377,541,1500.67,Delhi,low
C03378,704,961.59,Chennai,low
C03379,1312,2500.93,Bengaluru,low
C03380,1012,1121.21,Kolkata,low
C03381,1243,7352.74,Pune,medium
C03382,536,3902.6,Bengaluru,medium
C03383,518,2066.71,Pune,low
C03384,713,3508.99,Vijayawada,low
C03385,179,3693.68,Visakhapatnam,high
C03386,928,1247.6,Bengaluru,high
C03387,944,1058.92,Visakhapatnam,low
C03388,205,1893.79,Hyderabad,low
C03389,802,3151.41,Pune,high
C03390,163,1970.28,Mumbai,low
C03391,935,645.8,Hyderabad,medium
C03392,1280,1068.17,Kolkata,low
C03393,238,1715.5,Hyderabad,high
C03394,136,1713.61,Chennai,medium
C03395,852,6487.9,Bengaluru,high
C03396,871,731.17,Delhi,high
C03397,1381,2500.32,Visakhapatnam,low
C03398,958,4738.45,Kolkata,medium
C03399,906,7879.22,Visakhapatnam,high
C03400,237,1383.93,Pune,high
C03401,1413,2477.42,Hyderabad,medium
C03402,1089,2606.82,Pune,high
C03403,424,2043.88,Bengaluru,low
C03404,55,1687.99,Visakhapatnam,high
C03405,168,2389.71,Visakhapatnam,low
C03406,1203,347.09,Mumbai,high
C03407,1072,2804.24,Chennai,medium
C03408,892,1953.85,Ahmedabad,high
C03409,1301,1557.65,Ahmedabad,low
C03410,527,6809.01,Mumbai,low
C03411,153,1160.77,Mumbai,medium
C03412,1227,1385.12,Kolkata,high
C03413,1364,6568.57,Pune,medium
C03414,1225,1048.07,Vijayawada,low
C03415,331,1258.87,Ahmedabad,medium
C03416,1265,1635.94,Pune,medium
C03417,785,3108.88,Hyderabad,high
C03418,1231,2060.31,Mumbai,low
C03419,516,776.92,Vijayawada,high
C03420,141,1273.64,Kolkata,medium
C03421,430,1212.89,Delhi,high
C03422,442,1711.88,Bengaluru,medium
C03423,417,2374.02,Ahmedabad,high
C03424,1446,2362.26,Ahmedabad,high
C03425,1448,567.44,Pune,high
C03426,1189,3594.3,Pune,high
C03427,643,2121.15,Kolkata,medium
C03428,362,4427.05,Bengaluru,medium
C03429,116,2402.51,Ahmedabad,low
C03430,37,3682.7,Delhi,high
C03431,501,2437.67,Ahmedabad,high
C03432,466,4318.18,Delhi,medium
C03433,708,2527.55,Kolkata,low
C03434,849,1689.01,Mumbai,low
C03435,773,7884.27,Hyderabad,low
C03436,762,3208.04,Hyderabad,high
C03437,265,2613.58,Mumbai,medium
C03438,931,785.2,Delhi,high
C03439,1229,779.1,Pune,low
C03440,90,2177.23,Delhi,low
C03441,611,1978.57,Mumbai,low
C03442,566,1207.57,Mumbai,medium
C03443,1165,1972.74,Delhi,low
C03444,431,5055.08,Hyderabad,low
C03445,566,2828.65,Bengaluru,low
C03446,1417,857.38,Mumbai,medium
C03447,1371,1674.15,Bengaluru,medium
C03448,460,1066.69,Chennai,medium
C03449,521,1399.03,Pune,medium
C03450,1383,1375.66,Mumbai,high
C03451,1306,1319.58,Kolkata,high
C03452,163,796.08,Bengaluru,low
C03453,297,1656.67,Delhi,low
C03454,1120,1250.31,Kolkata,high
C03455,796,268.11,Pune,high
C03456,909,6836.11,Delhi,low
C03457,1291,3652.77,Visakhapatnam,low
C03458,1126,1409.44,Chennai,low
C03459,701,1822.15,Delhi,low
C03460,1319,840.47,Chennai,low
C03461,1070,5419.52,Visakhapatnam,medium
C03462,458,6178.18,Bengaluru,medium
C03463,1388,1992.99,Visakhapatnam,low
C03464,372,3501.12,Vijayawada,medium
C03465,1351,2017.23,Vijayawada,medium
C03466,1051,754.96,Vijayawada,medium
C03467,396,1377.27,Pune,high
C03468,795,1961.17,Vijayawada,high
C03469,1019,1339.55,Ahmedabad,medium
C03470,579,1561.52,Visakhapatnam,medium
C03471,1336,1696.18,Visakhapatnam,high
C03472,104,1707.82,Delhi,low
C03473,445,1862.19,Ahmedabad,low
C03474,840,903.38,Delhi,medium
C03475,900,1129.44,Kolkata,high
C03476,351,780.99,Pune,medium
C03477,1157,3398.61,Bengaluru,low
C03478,202,458.0,Chennai,medium
C03479,1092,3809.97,Pune,low
C03480,1225,4432.28,Hyderabad,medium
C03481,1079,1479.0,Visakhapatnam,medium
C03482,902,331.46,Ahmedabad,medium
C03483,915,1423.24,Kolkata,medium
C03484,1048,1726.45,Pune,medium
C03485,813,933.23,Hyderabad,low
C03486,934,1287.75,Delhi,medium
C03487,1351,4866.69,Bengaluru,medium
C03488,198,2773.17,Chennai,high
C03489,1080,986.91,Vijayawada,high
C03490,190,637.21,Chennai,low
C03491,231,1455.32,Bengaluru,low
C03492,767,1566.81,Hyderabad,high
C03493,440,2485.11,Pune,low
C03494,1412,1271.03,Pune,medium
C03495,649,2509.95,Chennai,low
C03496,1475,6332.13,Visakhapatnam,low
C03497,1496,3058.31,Vijayawada,medium
C03498,47,1744.61,Chennai,medium
C03499,739,1597.98,Kolkata,medium
C03500,1217,1427.53,Hyderabad,medium
C03501,1369,3877.55,Vijayawada,low
C03502,844,1197.26,Delhi,low
C03503,459,1853.7,Ahmedabad,low
C03504,1086,1860.91,Visakhapatnam,high
C03505,989,1299.04,Ahmedabad,medium
C03506,205,737.63,Pune,low
C03507,908,2220.47,Kolkata,low
C03508,928,1730.02,Ahmedabad,high
C03509,91,2491.64,Pune,low
C03510,1212,1272.45,Mumbai,medium
C03511,49,3980.15,Ahmedabad,high
C03512,756,1018.04,Pune,low
C03513,888,5477.3,Kolkata,high
C03514,856,578.0,Vijayawada,medium
C03515,697,2387.84,Visakhapatnam,low
C03516,1192,2451.79,Hyderabad,low
C03517,344,1073.23,Pune,high
C03518,1319,2371.78,Visakhapatnam,high
C03519,1205,4134.94,Kolkata,medium
C03520,448,426.07,Kolkata,low
C03521,1124,2495.7,Kolkata,low
C03522,1002,355.99,Bengaluru,medium
C03523,1196,960.89,Ahmedabad,high
C03524,653,5190.06,Bengaluru,low
C03525,243,1233.22,Vijayawada,low
C03526,95,839.26,Visakhapatnam,medium
C03527,84,1582.69,Mumbai,low
C03528,172,6902.79,Kolkata,medium
C03529,451,547.27,Delhi,medium
C03530,1380,908.86,Vijayawada,low
C03531,961,4764.14,Hyderabad,medium
C03532,1091,6021.24,Hyderabad,low
C03533,699,1682.96,Kolkata,medium
C03534,351,804.45,Bengaluru,low
C03535,1128,7029.28,Kolkata,medium
C03536,170,5074.23,Kolkata,low
C03537,296,2798.55,Delhi,medium
C03538,915,1061.54,Ahmedabad,low
C03539,1266,1743.54,Visakhapatnam,medium
C03540,1233,1621.83,Delhi,high
C03541,1497,2231.87,Ahmedabad,medium
C03542,443,4622.51,Hyderabad,low
C03543,942,3188.04,Bengaluru,medium
C03544,1268,893.59,Delhi,high
C03545,703,4403.98,Visakhapatnam,medium
C03546,972,2206.31,Ahmedabad,high
C03547,110,2813.36,Bengaluru,medium
C03548,1353,4669.44,Ahmedabad,medium
C03549,1464,873.94,Chennai,medium
C03550,1285,1758.57,Mumbai,medium
C03551,540,1274.23,Mumbai,high
C03552,914,649.65,Ahmedabad,medium
C03553,1379,2255.0,Mumbai,high
C03554,1194,9210.08,Bengaluru,medium
C03555,1460,544.3,Hyderabad,low
C03556,353,1762.63,Chennai,high
C03557,1131,2729.56,Chennai,high
C03558,166,1949.92,Delhi,medium
C03559,872,1672.39,Vijayawada,low
C03560,785,773.6,Bengaluru,low
C03561,1063,2094.05,Pune,medium
C03562,953,1100.64,Mumbai,medium
C03563,454,433.59,Vijayawada,low
C03564,976,3912.87,Hyderabad,low
C03565,1338,3355.96,Ahmedabad,medium
C03566,733,1861.47,Kolkata,low
C03567,842,2089.0,Hyderabad,low
C03568,543,3618.62,Bengaluru,high
C03569,309,2082.58,Pune,high
C03570,980,3239.43,Ahmedabad,medium
C03571,169,1483.53,Bengaluru,high
C03572,1375,4223.13,Delhi,high
C03573,926,2217.32,Mumbai,medium
C03574,601,2041.98,Mumbai,low
C03575,66,788.4,Visakhapatnam,low
C03576,392,2169.09,Chennai,low
C03577,1124,1048.14,Kolkata,low
C03578,188,1188.75,Hyderabad,high
C03579,589,1059.5,Mumbai,medium
C03580,763,900.09,Mumbai,low
C03581,1493,7162.71,Hyderabad,high
C03582,1120,4276.59,Delhi,medium
C03583,1456,6271.56,Hyderabad,high
C03584,1100,812.94,Bengaluru,medium
C03585,1443,1885.33,Chennai,medium
C03586,137,776.47,Visakhapatnam,low
C03587,129,1145.21,Kolkata,low
C03588,541,991.04,Pune,low
C03589,439,4028.99,Bengaluru,low
C03590,893,1391.3,Hyderabad,low
C03591,720,3604.68,Delhi,high
C03592,1400,2665.7,Bengaluru,low
C03593,227,8045.81,Mumbai,high
C03594,372,688.08,Hyderabad,medium
C03595,1079,4080.78,Bengaluru,medium
C03596,690,3792.3,Vijayawada,high
C03597,418,956.08,Visakhapatnam,low
C03598,1139,3464.0,Kolkata,medium
C03599,277,2239.56,Delhi,low
C03600,246,1552.59,Pune,medium
C03601,385,1053.62,Hyderabad,medium
C03602,1369,1127.91,Pune,low
C03603,827,6822.08,Delhi,medium
C03604,480,1800.8,Bengaluru,high
C03605,600,2992.69,Visakhapatnam,medium
C03606,119,1076.49,Bengaluru,low
C03607,871,1084.24,Chennai,high
C03608,1053,3636.7,Bengaluru,high
C03609,1128,748.68,Visakhapatnam,low
C03610,545,1374.24,Bengaluru,high
C03611,694,1840.26,Kolkata,high
C03612,1450,1935.14,Mumbai,medium
C03613,389,1602.2,Pune,high
C03614,1017,2328.14,Bengaluru,medium
C03615,66,2823.97,Visakhapatnam,high
C03616,949,2901.71,Kolkata,high
C03617,1341,948.39,Delhi,high
C03618,1233,1496.44,Hyderabad,low
C03619,73,3913.31,Visakhapatnam,low
C03620,662,3219.76,Delhi,high
C03621,907,737.44,Delhi,high
C03622,192,2262.0,Hyderabad,low
C03623,797,497.55,Ahmedabad,medium
C03624,443,1855.76,Mumbai,medium
C03625,448,6180.1,Hyderabad,low
C03626,1254,972.05,Ahmedabad,high
C03627,703,1046.53,Mumbai,medium
C03628,680,2957.68,Hyderabad,high
C03629,879,660.32,Chennai,low
C03630,499,1193.03,Pune,medium
C03631,526,2652.42,Delhi,high
C03632,140,1191.84,Delhi,high
C03633,1455,1544.05,Delhi,high
C03634,811,2919.78,Vijayawada,medium
C03635,405,2367.4,Ahmedabad,high
C03636,42,2140.88,Bengaluru,medium
C03637,173,1443.91,Delhi,low
C03638,1329,2289.48,Mumbai,low
C03639,287,1660.9,Bengaluru,low
C03640,1243,2423.86,Vijayawada,low
C03641,513,1303.15,Vijayawada,low
C03642,902,1598.58,Ahmedabad,medium
C03643,366,945.84,Delhi,low
C03644,898,1759.5,Mumbai,high
C03645,539,1062.51,Chennai,medium
C03646,1210,872.54,Ahmedabad,high
C03647,442,2129.56,Chennai,medium
C03648,193,2066.94,Pune,medium
C03649,803,2994.13,Mumbai,medium
C03650,933,1360.1,Kolkata,high
C03651,1278,2346.73,Kolkata,low
C03652,1017,2574.89,Hyderabad,medium
C03653,905,2403.41,Bengaluru,medium
C03654,1248,1052.44,Vijayawada,low
C03655,1162,1983.52,Mumbai,medium
C03656,809,2280.69,Ahmedabad,medium
C03657,958,1808.42,Chennai,medium
C03658,1181,463.74,Visakhapatnam,medium
C03659,177,1997.92,Pune,low
C03660,1494,7583.17,Ahmedabad,low
C03661,346,1424.41,Delhi,low
C03662,56,1121.35,Vijayawada,high
C03663,796,2294.38,Ahmedabad,medium
C03664,881,2205.23,Kolkata,high
C03665,794,3908.15,Kolkata,medium
C03666,660,794.67,Visakhapatnam,low
C03667,867,2895.58,Hyderabad,low
C03668,818,2642.07,Visakhapatnam,low
C03669,427,1641.14,Kolkata,medium
C03670,743,2243.27,Vijayawada,high
C03671,1030,3514.63,Pune,high
C03672,148,3173.36,Kolkata,medium
C03673,535,856.26,Delhi,medium
C03674,100,3067.58,Pune,high
C03675,1477,1725.88,Hyderabad,high
C03676,1393,1887.31,Mumbai,medium
C03677,1269,1887.71,Ahmedabad,high
C03678,331,1632.53,Chennai,low
C03679,1263,3905.54,Visakhapatnam,high
C03680,360,1704.67,Hyderabad,low
C03681,219,869.43,Kolkata,medium
C03682,1476,1393.74,Visakhapatnam,low
C03683,1091,2021.7,Delhi,medium
C03684,369,4001.93,Kolkata,medium
C03685,1446,2663.92,Chennai,high
C03686,1121,1035.56,Kolkata,high
C03687,660,9053.58,Kolkata,high
C03688,212,2138.04,Bengaluru,high
C03689,1202,4123.86,Pune,low
C03690,580,1630.97,Delhi,high
C03691,845,2545.86,Chennai,low
C03692,374,3106.33,Ahmedabad,low
C03693,228,3973.36,Bengaluru,high
C03694,885,3578.97,Vijayawada,medium
C03695,1370,3173.12,Chennai,high
C03696,912,1466.65,Mumbai,low
C03697,797,1241.29,Mumbai,high
C03698,305,2234.42,Delhi,medium
C03699,402,3301.31,Vijayawada,low
C03700,952,1557.4,Visakhapatnam,low
C03701,410,3597.17,Delhi,low
C03702,404,4627.36,Delhi,medium
C03703,867,992.21,Ahmedabad,high
C03704,1308,1044.76,Bengaluru,high
C03705,370,1643.03,Bengaluru,medium
C03706,205,2198.41,Kolkata,low
C03707,596,1279.95,Bengaluru,medium
C03708,90,4334.99,Visakhapatnam,low
C03709,1008,2371.28,Ahmedabad,high
C03710,236,1846.75,Hyderabad,low
C03711,574,707.83,Hyderabad,high
C03712,1222,765.3,Hyderabad,low
C03713,462,2160.72,Vijayawada,low
C03714,799,450.05,Visakhapatnam,high
C03715,574,3476.41,Ahmedabad,medium
C03716,720,1624.15,Visakhapatnam,medium
C03717,719,14817.32,Pune,high
C03718,732,8068.21,Pune,low
C03719,769,1599.75,Kolkata,medium
C03720,1280,1679.79,Hyderabad,medium
C03721,706,3438.09,Bengaluru,low
C03722,965,5445.82,Kolkata,high
C03723,314,620.68,Hyderabad,high
C03724,281,563.63,Vijayawada,medium
C03725,1462,1201.37,Delhi,medium
C03726,955,2628.9,Visakhapatnam,high
C03727,1379,2486.2,Ahmedabad,high
C03728,876,3607.94,Delhi,low
C03729,1336,825.29,Pune,low
C03730,1327,399.43,Pune,low
C03731,696,3144.0,Ahmedabad,low
C03732,1272,1050.7,Ahmedabad,medium
C03733,1284,484.7,Bengaluru,medium
C03734,906,1977.98,Ahmedabad,high
C03735,1462,3014.25,Bengaluru,high
C03736,818,1662.71,Chennai,high
C03737,429,1336.68,Mumbai,high
C03738,1201,1622.88,Vijayawada,low
C03739,291,1414.69,Ahmedabad,low
C03740,647,749.43,Vijayawada,medium
C03741,374,1131.16,Ahmedabad,low
C03742,1017,2525.95,Vijayawada,low
C03743,528,2218.6,Delhi,low
C03744,1381,2007.77,Bengaluru,low
C03745,920,942.65,Hyderabad,low
C03746,698,1599.69,Kolkata,medium
C03747,481,437.23,Chennai,high
C03748,1005,2021.41,Bengaluru,high
C03749,308,4556.45,Vijayawada,high
C03750,1037,690.46,Bengaluru,high
C03751,711,1229.9,Delhi,high
C03752,1260,2229.34,Bengaluru,high
C03753,732,4063.86,Kolkata,high
C03754,811,1345.06,Vijayawada,medium
C03755,507,1147.77,Delhi,medium
C03756,266,500.57,Chennai,low
C03757,258,1925.18,Bengaluru,medium
C03758,1242,6787.86,Delhi,high
C03759,267,2155.6,Visakhapatnam,medium
C03760,290,1774.12,Pune,medium
C03761,1211,2219.19,Hyderabad,medium
C03762,156,1787.07,Visakhapatnam,high
C03763,418,1061.12,Kolkata,medium
C03764,684,3073.81,Pune,high
C03765,288,2084.51,Vijayawada,high
C03766,1262,1820.73,Visakhapatnam,low
C03767,248,954.85,Kolkata,low
C03768,1132,4199.93,Ahmedabad,medium
C03769,326,2772.76,Chennai,low
C03770,1053,1256.57,Ahmedabad,low
C03771,1261,3452.07,Chennai,low
C03772,1392,1302.6,Hyderabad,high
C03773,685,1082.73,Chennai,high
C03774,1440,1098.54,Bengaluru,medium
C03775,1476,569.27,Visakhapatnam,medium
C03776,1322,2445.6,Delhi,medium
C03777,626,547.46,Kolkata,low
C03778,712,810.02,Mumbai,high
C03779,461,467.04,Delhi,high
C03780,137,1702.06,Mumbai,medium
C03781,832,1632.44,Chennai,high
C03782,356,1455.62,Hyderabad,high
C03783,833,914.03,Pune,medium
C03784,1418,840.16,Ahmedabad,medium
C03785,831,2434.22,Kolkata,low
C03786,1111,1258.51,Chennai,medium
C03787,1456,2210.94,Delhi,high
C03788,1152,1012.45,Kolkata,low
C03789,298,2024.81,Pune,high
C03790,140,4199.3,Chennai,medium
C03791,1370,2634.77,Mumbai,high
C03792,311,1376.74,Ahmedabad,high
C03793,1018,2127.54,Chennai,low
C03794,459,1539.34,Delhi,high
C03795,430,1809.24,Hyderabad,medium
C03796,1208,1456.65,Bengaluru,high
C03797,332,1617.64,Kolkata,medium
C03798,1421,2066.07,Mumbai,low
C03799,226,943.75,Pune,medium
C03800,397,930.03,Hyderabad,low
C03801,1085,729.96,Pune,high
C03802,918,636.11,Mumbai,high
C03803,857,815.91,Delhi,low
C03804,273,1996.58,Delhi,medium
C03805,1030,1007.5,Chennai,high
C03806,1250,2513.4,Mumbai,high
C03807,798,1841.08,Bengaluru,medium
C03808,1361,500.7,Kolkata,medium
C03809,1325,2755.28,Ahmedabad,medium
C03810,53,3048.98,Bengaluru,low
C03811,199,943.44,Bengaluru,medium
C03812,1343,2365.31,Vijayawada,low
C03813,77,1031.55,Visakhapatnam,high
C03814,1202,1917.98,Ahmedabad,medium
C03815,1450,791.25,Bengaluru,high
C03816,400,561.17,Kolkata,medium
C03817,1350,1403.48,Kolkata,medium
C03818,1200,1660.91,Mumbai,low
C03819,696,1389.99,Bengaluru,high
C03820,1130,833.74,Mumbai,medium
C03821,1465,1387.98,Hyderabad,medium
C03822,1168,2144.33,Vijayawada,high
C03823,1030,1748.23,Bengaluru,high
C03824,1227,2026.71,Vijayawada,high
C03825,1364,1164.41,Bengaluru,low
C03826,1378,3855.12,Bengaluru,low
C03827,1256,838.01,Mumbai,low
C03828,1166,2471.19,Ahmedabad,medium
C03829,281,3880.7,Hyderabad,low
C03830,1207,2460.53,Delhi,high
C03831,360,1577.98,Bengaluru,high
C03832,555,1276.85,Hyderabad,low
C03833,285,3529.81,Vijayawada,medium
C03834,774,713.8,Vijayawada,low
C03835,896,958.11,Hyderabad,low
C03836,645,1390.1,Hyderabad,high
C03837,630,4023.94,Vijayawada,medium
C03838,316,2303.97,Visakhapatnam,medium
C03839,1453,959.4,Pune,high
C03840,751,1471.21,Visakhapatnam,high
C03841,1075,1207.41,Delhi,high
C03842,232,1134.76,Hyderabad,low
C03843,105,3400.98,Delhi,low
C03844,643,737.97,Delhi,low
C03845,1263,5121.74,Vijayawada,low
C03846,1241,3083.72,Pune,medium
C03847,293,3657.74,Visakhapatnam,medium
C03848,182,1332.26,Vijayawada,medium
C03849,563,1632.85,Kolkata,high
C03850,364,709.1,Kolkata,medium
C03851,200,1279.87,Chennai,high
C03852,901,2481.0,Mumbai,high
C03853,447,4179.65,Bengaluru,high
C03854,581,876.46,Delhi,high
C03855,792,1419.36,Visakhapatnam,high
C03856,1356,1631.41,Vijayawada,high
C03857,365,726.53,Kolkata,low
C03858,677,2643.66,Kolkata,medium
C03859,83,1124.34,Visakhapatnam,low
C03860,188,1585.31,Chennai,low
C03861,1118,1341.81,Bengaluru,high
C03862,1153,1077.58,Kolkata,low
C03863,704,1791.78,Bengaluru,medium
C03864,713,1564.62,Chennai,low
C03865,492,1413.51,Chennai,low
C03866,230,1121.07,Kolkata,low
C03867,805,2215.5,Bengaluru,low
C03868,389,5273.2,Vijayawada,high
C03869,657,1971.34,Visakhapatnam,medium
C03870,225,3439.28,Vijayawada,medium
C03871,1464,729.16,Visakhapatnam,medium
C03872,1159,1994.38,Chennai,high
C03873,232,882.05,Hyderabad,low
C03874,681,689.21,Kolkata,low
C03875,736,1113.15,Vijayawada,high
C03876,1247,3906.03,Kolkata,medium
C03877,1243,3337.75,Mumbai,medium
C03878,49,2108.0,Vijayawada,high
C03879,348,664.67,Mumbai,low
C03880,805,1584.4,Visakhapatnam,high
C03881,577,2189.98,Hyderabad,high
C03882,1339,2017.55,Pune,high
C03883,540,542.98,Visakhapatnam,medium
C03884,1477,1009.12,Ahmedabad,low
C03885,928,1726.57,Pune,medium
C03886,1058,2550.72,Chennai,medium
C03887,906,431.84,Vijayawada,high
C03888,498,1619.97,Chennai,high
C03889,208,1975.39,Chennai,medium
C03890,670,3126.88,Bengaluru,high
C03891,192,2823.97,Bengaluru,high
C03892,521,2628.62,Bengaluru,low
C03893,1208,1070.18,Hyderabad,low
C03894,615,520.79,Vijayawada,medium
C03895,51,1394.17,Kolkata,high
C03896,1071,3451.63,Mumbai,medium
C03897,1049,4452.8,Vijayawada,high
C03898,1416,2856.63,Vijayawada,high
C03899,285,2379.42,Kolkata,low
C03900,1292,2303.78,Delhi,high
C03901,44,1253.96,Kolkata,high
C03902,1124,1654.08,Pune,low
C03903,1384,5326.43,Vijayawada,high
C03904,1277,975.43,Hyderabad,high
C03905,948,5141.75,Mumbai,high
C03906,1102,1460.05,Delhi,low
C03907,183,4260.21,Pune,low
C03908,1082,721.34,Pune,low
C03909,895,2634.32,Ahmedabad,medium
C03910,379,1115.04,Pune,low
C03911,722,717.39,Delhi,high
C03912,271,2074.74,Chennai,medium
C03913,1019,3469.27,Chennai,medium
C03914,466,1039.33,Hyderabad,high
C03915,1322,679.38,Visakhapatnam,medium
C03916,475,1695.69,Chennai,high
C03917,1085,1700.55,Hyderabad,medium
C03918,1295,2570.74,Ahmedabad,low
C03919,758,3336.84,Hyderabad,high
C03920,972,1731.81,Pune,medium
C03921,754,6012.64,Bengaluru,low
C03922,746,2082.44,Mumbai,medium
C03923,756,1437.07,Hyderabad,low
C03924,912,631.45,Ahmedabad,low
C03925,203,1517.49,Vijayawada,high
C03926,344,1446.48,Kolkata,low
C03927,1028,3360.15,Hyderabad,low
C03928,1374,2431.24,Chennai,low
C03929,993,836.27,Kolkata,medium
C03930,642,2013.25,Pune,medium
C03931,403,2785.09,Vijayawada,medium
C03932,252,4859.85,Ahmedabad,high
C03933,929,3204.85,Mumbai,low
C03934,754,2951.57,Kolkata,low
C03935,765,1871.69,Delhi,low
C03936,418,2316.81,Chennai,low
C03937,303,4055.06,Kolkata,medium
C03938,708,756.9,Hyderabad,low
C03939,1394,1434.26,Delhi,medium
C03940,1392,1089.39,Chennai,low
C03941,892,2303.05,Ahmedabad,high
C03942,1044,4004.55,Mumbai,medium
C03943,848,1221.1,Vijayawada,high
C03944,826,380.64,Mumbai,low
C03945,250,1376.91,Hyderabad,low
C03946,348,3259.4,Pune,high
C03947,57,2552.94,Delhi,low
C03948,1419,2377.64,Pune,medium
C03949,1252,1500.49,Hyderabad,medium
C03950,1013,783.81,Chennai,medium
C03951,1025,2516.15,Bengaluru,medium
C03952,537,1046.55,Visakhapatnam,low
C03953,1077,7444.31,Mumbai,low
C03954,605,2608.09,Bengaluru,medium
C03955,1465,1234.13,Delhi,high
C03956,908,1209.72,Delhi,medium
C03957,1476,1694.47,Bengaluru,high
C03958,1058,1540.51,Visakhapatnam,low
C03959,416,3720.02,Visakhapatnam,high
C03960,1329,2031.87,Mumbai,low
C03961,276,1118.77,Mumbai,medium
C03962,108,6150.74,Chennai,low
C03963,329,1858.63,Kolkata,low
C03964,1292,2966.94,Delhi,low
C03965,134,1212.2,Kolkata,medium
C03966,1105,2279.17,Chennai,high
C03967,1327,2203.41,Delhi,low
C03968,718,527.04,Kolkata,medium
C03969,155,6670.64,Vijayawada,medium
C03970,1348,4164.96,Hyderabad,medium
C03971,255,1390.43,Chennai,medium
C03972,604,879.25,Pune,high
C03973,886,2256.24,Delhi,medium
C03974,127,1904.35,Mumbai,low
C03975,31,2268.17,Hyderabad,high
C03976,688,2038.7,Delhi,medium
C03977,996,2501.38,Chennai,high
C03978,236,4611.42,Kolkata,low
C03979,546,2604.01,Ahmedabad,medium
C03980,714,909.84,Chennai,low
C03981,228,4364.28,Hyderabad,high
C03982,1160,5228.82,Mumbai,medium
C03983,768,13965.97,Pune,high
C03984,1236,867.2,Vijayawada,high
C03985,791,2107.83,Delhi,high
C03986,595,465.07,Delhi,high
C03987,816,2578.82,Bengaluru,low
C03988,297,1260.43,Visakhapatnam,low
C03989,114,6284.12,Visakhapatnam,high
C03990,420,1087.94,Delhi,high
C03991,942,600.39,Bengaluru,low
C03992,1149,1325.07,Visakhapatnam,medium
C03993,647,498.44,Ahmedabad,low
C03994,1122,2932.93,Mumbai,low
C03995,291,470.24,Delhi,medium
C03996,1157,1833.61,Chennai,high
C03997,741,466.36,Pune,medium
C03998,1319,1461.69,Bengaluru,medium
C03999,168,5238.22,Ahmedabad,medium
C04000,1102,2275.52,Vijayawada,low
C04001,371,1026.87,Visakhapatnam,medium
C04002,1456,1763.86,Mumbai,medium
C04003,123,1821.2,Visakhapatnam,low
C04004,1450,2447.33,Delhi,high
C04005,844,740.32,Ahmedabad,high
C04006,1120,2645.75,Vijayawada,low
C04007,368,310.35,Ahmedabad,high
C04008,816,1195.26,Vijayawada,medium
C04009,850,1310.5,Visakhapatnam,medium
C04010,453,2716.78,Mumbai,low
C04011,357,1826.67,Visakhapatnam,low
C04012,1242,721.93,Hyderabad,high
C04013,962,948.89,Vijayawada,high
C04014,1105,2048.13,Chennai,medium
C04015,481,1709.83,Chennai,high
C04016,579,1235.35,Vijayawada,low
C04017,380,1316.85,Delhi,low
C04018,1122,2830.05,Delhi,medium
C04019,110,1285.68,Mumbai,medium
C04020,302,1699.83,Chennai,low
C04021,1345,7376.1,Delhi,low
C04022,1124,713.48,Bengaluru,low
C04023,1358,540.15,Pune,high
C04024,1269,2995.53,Pune,medium
C04025,200,1157.97,Vijayawada,medium
C04026,303,1463.65,Kolkata,high
C04027,633,1083.33,Pune,low
C04028,1311,1520.31,Hyderabad,medium
C04029,479,5087.75,Chennai,low
C04030,554,3031.84,Hyderabad,high
C04031,1376,3152.61,Visakhapatnam,low
C04032,1439,716.94,Kolkata,high
C04033,557,851.75,Visakhapatnam,high
C04034,452,284.33,Ahmedabad,low
C04035,694,1063.63,Chennai,low
C04036,1221,3352.29,Kolkata,low
C04037,943,2518.85,Delhi,high
C04038,918,1558.62,Pune,low
C04039,1011,1774.1,Bengaluru,medium
C04040,401,1150.29,Ahmedabad,low
C04041,390,2056.24,Delhi,high
C04042,1034,2961.24,Mumbai,high
C04043,607,629.68,Hyderabad,medium
C04044,363,2187.06,Mumbai,medium
C04045,1437,3299.82,Visakhapatnam,low
C04046,172,1374.34,Mumbai,low
C04047,903,2838.4,Delhi,medium
C04048,1351,11215.67,Kolkata,low
C04049,1108,1681.97,Mumbai,high
C04050,54,2324.34,Visakhapatnam,low
C04051,803,1114.1,Kolkata,low
C04052,255,2025.06,Hyderabad,high
C04053,119,2427.75,Mumbai,low
C04054,201,2043.03,Chennai,low
C04055,1314,927.73,Visakhapatnam,low
C04056,49,2058.39,Bengaluru,high
C04057,723,4656.27,Bengaluru,low
C04058,315,2409.45,Ahmedabad,high
C04059,939,3363.82,Mumbai,medium
C04060,709,1543.0,Ahmedabad,low
C04061,529,2930.64,Hyderabad,high
C04062,1447,2158.28,Chennai,high
C04063,1143,970.15,Bengaluru,low
C04064,121,2214.05,Bengaluru,high
C04065,637,944.77,Bengaluru,high
C04066,880,1192.93,Mumbai,low
C04067,489,2035.72,Hyderabad,low
C04068,904,2183.64,Kolkata,low
C04069,753,830.93,Chennai,low
C04070,1431,3571.11,Kolkata,high
C04071,1494,2610.63,Bengaluru,medium
C04072,377,1138.5,Bengaluru,low
C04073,238,662.56,Chennai,medium
C04074,186,1638.2,Visakhapatnam,medium
C04075,272,1347.06,Pune,low
C04076,118,1937.36,Visakhapatnam,low
C04077,394,1421.57,Kolkata,high
C04078,715,488.19,Visakhapatnam,low
C04079,1421,1398.45,Kolkata,low
C04080,1396,1475.7,Chennai,high
C04081,617,2717.37,Pune,low
C04082,585,1143.34,Ahmedabad,high
C04083,785,5359.79,Chennai,high
C04084,186,519.56,Hyderabad,low
C04085,1373,4220.89,Mumbai,medium
C04086,332,1555.78,Kolkata,medium
C04087,1009,3147.21,Bengaluru,low
C04088,1213,1895.83,Kolkata,high
C04089,600,3775.37,Mumbai,low
C04090,691,1399.34,Mumbai,low
C04091,818,881.34,Pune,medium
C04092,1042,4531.78,Kolkata,medium
C04093,1450,1672.01,Kolkata,high
C04094,1333,2078.82,Pune,low
C04095,1369,4016.36,Delhi,medium
C04096,887,920.37,Vijayawada,medium
C04097,1133,2650.78,Vijayawada,medium
C04098,1120,1226.73,Vijayawada,low
C04099,817,1651.82,Bengaluru,high
C04100,1494,1886.58,Kolkata,high
C04101,1213,678.85,Delhi,high
C04102,208,1084.96,Delhi,medium
C04103,35,4331.8,Delhi,low
C04104,772,3202.11,Vijayawada,medium
C04105,303,1728.18,Bengaluru,low
C04106,745,2108.16,Pune,low
C04107,633,1486.66,Ahmedabad,low
C04108,1159,4347.35,Kolkata,low
C04109,461,1580.21,Delhi,low
C04110,312,2092.76,Bengaluru,high
C04111,1471,3791.29,Mumbai,medium
C04112,83,1085.99,Kolkata,medium
C04113,140,4957.99,Bengaluru,high
C04114,1221,665.64,Bengaluru,medium
C04115,1246,5191.66,Mumbai,low
C04116,330,1412.76,Pune,low
C04117,191,1537.31,Delhi,low
C04118,55,526.91,Visakhapatnam,medium
C04119,336,1339.33,Mumbai,medium
C04120,316,915.68,Vijayawada,high
C04121,643,1212.66,Ahmedabad,medium
C04122,720,1646.31,Ahmedabad,high
C04123,1453,3354.66,Hyderabad,medium
C04124,257,2060.05,Mumbai,low
C04125,1345,2198.5,Hyderabad,high
C04126,385,883.11,Vijayawada,low
C04127,52,1015.41,Kolkata,medium
C04128,1422,5794.78,Ahmedabad,high
C04129,1486,1116.17,Chennai,high
C04130,1057,5282.09,Chennai,high
C04131,495,1536.95,Kolkata,low
C04132,586,1802.68,Bengaluru,high
C04133,803,3609.34,Mumbai,high
C04134,463,4114.5,Kolkata,high
C04135,144,1674.91,Delhi,medium
C04136,406,1398.54,Vijayawada,high
C04137,188,1735.75,Ahmedabad,medium
C04138,671,2242.2,Kolkata,medium
C04139,367,3212.77,Hyderabad,medium
C04140,1354,1804.96,Kolkata,low
C04141,582,2691.4,Bengaluru,low
C04142,189,5221.16,Pune,high
C04143,717,2306.28,Hyderabad,low
C04144,607,2204.19,Mumbai,high
C04145,248,670.65,Bengaluru,low
C04146,1252,325.57,Hyderabad,medium
C04147,414,2316.9,Vijayawada,low
C04148,1337,1692.41,Hyderabad,low
C04149,581,1288.11,Bengaluru,high
C04150,1186,2108.72,Hyderabad,high
C04151,1020,1730.7,Hyderabad,low
C04152,674,3746.58,Bengaluru,medium
C04153,47,1903.62,Pune,medium
C04154,845,1107.7,Vijayawada,low
C04155,674,3426.0,Kolkata,high
C04156,758,1563.07,Mumbai,high
C04157,1411,2534.6,Bengaluru,medium
C04158,864,1319.79,Vijayawada,low
C04159,1058,1179.86,Mumbai,low
C04160,1232,1901.22,Kolkata,medium
C04161,1230,1815.07,Hyderabad,medium
C04162,360,2458.8,Mumbai,high
C04163,978,1511.6,Bengaluru,high
C04164,221,545.61,Delhi,low
C04165,1425,1358.64,Mumbai,high
C04166,359,3015.51,Vijayawada,high
C04167,1276,1483.63,Vijayawada,medium
C04168,946,1533.63,Mumbai,medium
C04169,625,3417.58,Pune,high
C04170,912,1133.15,Hyderabad,high
C04171,1428,660.32,Kolkata,low
C04172,457,1621.54,Visakhapatnam,high
C04173,183,1314.0,Mumbai,high
C04174,1315,960.53,Ahmedabad,low
C04175,60,1606.07,Mumbai,medium
C04176,1150,2477.54,Bengaluru,medium
C04177,222,1789.17,Ahmedabad,medium
C04178,377,2197.51,Chennai,low
C04179,169,5850.35,Chennai,high
C04180,774,1440.39,Pune,low
C04181,175,2156.99,Mumbai,high
C04182,973,1292.78,Chennai,medium
C04183,554,1038.37,Ahmedabad,high
C04184,317,1230.72,Bengaluru,high
C04185,1029,1318.63,Hyderabad,medium
C04186,617,2273.79,Kolkata,medium
C04187,1299,8286.98,Mumbai,medium
C04188,781,1130.16,Vijayawada,high
C04189,672,1372.98,Pune,low
C04190,1427,1727.64,Kolkata,high
C04191,951,2328.11,Chennai,high
C04192,117,2136.34,Visakhapatnam,high
C04193,146,4147.26,Delhi,high
C04194,1178,371.81,Hyderabad,low
C04195,245,381.47,Chennai,medium
C04196,354,1304.04,Visakhapatnam,medium
C04197,179,3673.08,Delhi,medium
C04198,976,650.58,Bengaluru,medium
C04199,984,254.83,Ahmedabad,high
C04200,1125,2609.23,Ahmedabad,low
C04201,205,2108.89,Mumbai,high
C04202,251,886.17,Kolkata,medium
C04203,438,948.56,Kolkata,medium
C04204,162,958.35,Pune,medium
C04205,1267,1934.09,Ahmedabad,low
C04206,1468,1198.03,Ahmedabad,low
C04207,600,2481.66,Ahmedabad,low
C04208,1146,281.47,Mumbai,medium
C04209,328,1031.31,Delhi,medium
C04210,1193,865.76,Hyderabad,high
C04211,808,1523.74,Hyderabad,medium
C04212,910,1268.78,Ahmedabad,low
C04213,140,3023.41,Delhi,low
C04214,1430,537.52,Kolkata,medium
C04215,546,1854.02,Mumbai,low
C04216,320,2587.53,Bengaluru,medium
C04217,859,6017.11,Bengaluru,medium
C04218,1488,1316.06,Ahmedabad,medium
C04219,1104,2222.62,Delhi,high
C04220,561,557.26,Mumbai,low
C04221,219,380.23,Kolkata,medium
C04222,638,3117.06,Mumbai,low
C04223,745,1793.51,Kolkata,medium
C04224,1003,3872.19,Vijayawada,high
C04225,359,737.18,Kolkata,medium
C04226,1449,2523.69,Visakhapatnam,medium
C04227,50,6064.9,Vijayawada,high
C04228,436,2364.57,Bengaluru,high
C04229,1397,2154.51,Visakhapatnam,high
C04230,326,1810.04,Pune,high
C04231,678,648.37,Hyderabad,low
C04232,969,4344.49,Mumbai,medium
C04233,678,1210.13,Bengaluru,high
C04234,862,2498.53,Chennai,high
C04235,37,651.69,Ahmedabad,low
C04236,1329,836.22,Ahmedabad,high
C04237,1214,4574.94,Bengaluru,low
C04238,477,1436.26,Delhi,medium
C04239,1456,4629.35,Vijayawada,low
C04240,1260,1710.76,Kolkata,low
C04241,742,543.65,Delhi,low
C04242,1421,3214.37,Visakhapatnam,low
C04243,788,1226.74,Pune,low
C04244,648,2834.7,Chennai,high
C04245,285,1829.74,Ahmedabad,high
C04246,963,660.18,Kolkata,medium
C04247,750,2002.86,Pune,high
C04248,902,7503.22,Vijayawada,medium
C04249,262,2479.92,Mumbai,medium
C04250,907,1733.95,Pune,low
C04251,1162,3621.03,Visakhapatnam,low
C04252,1141,2064.16,Kolkata,medium
C04253,613,2062.63,Kolkata,high
C04254,610,885.35,Visakhapatnam,low
C04255,209,2095.49,Bengaluru,low
C04256,1360,3528.33,Hyderabad,high
C04257,872,1045.34,Bengaluru,medium
C04258,1307,4543.55,Vijayawada,low
C04259,1327,1695.84,Ahmedabad,high
C04260,1220,1010.79,Hyderabad,high
C04261,623,3442.67,Kolkata,low
C04262,486,1493.87,Ahmedabad,high
C04263,810,2949.02,Bengaluru,low
C04264,991,1489.06,Bengaluru,medium
C04265,980,1731.35,Kolkata,high
C04266,1471,2480.85,Kolkata,low
C04267,797,2174.65,Delhi,high
C04268,610,491.98,Chennai,high
C04269,571,868.47,Chennai,medium
C04270,1408,3293.34,Delhi,low
C04271,879,1651.85,Hyderabad,low
C04272,83,1280.64,Mumbai,medium
C04273,1092,744.32,Visakhapatnam,medium
C04274,716,892.22,Mumbai,high
C04275,910,483.66,Delhi,high
C04276,831,1685.32,Delhi,high
C04277,1349,1219.94,Kolkata,low
C04278,1213,960.31,Kolkata,low
C04279,1333,1722.03,Kolkata,high
C04280,385,2280.44,Kolkata,medium
C04281,1089,7017.21,Mumbai,medium
C04282,503,673.72,Bengaluru,high
C04283,288,3824.33,Vijayawada,low
C04284,1323,3388.21,Visakhapatnam,medium
C04285,1314,1084.78,Chennai,high
C04286,355,2054.21,Pune,low
C04287,220,1336.86,Bengaluru,low
C04288,925,2030.91,Hyderabad,high
C04289,1245,4800.51,Mumbai,low
C04290,1295,2668.27,Vijayawada,low
C04291,1201,2505.23,Kolkata,low
C04292,297,1360.82,Ahmedabad,high
C04293,1323,686.02,Pune,low
C04294,520,1571.9,Delhi,medium
C04295,426,3943.55,Vijayawada,low
C04296,804,667.06,Chennai,high
C04297,135,906.63,Chennai,low
C04298,324,1953.97,Hyderabad,high
C04299,1216,949.1,Bengaluru,low
C04300,970,1075.35,Visakhapatnam,low
C04301,249,1366.77,Mumbai,medium
C04302,566,740.92,Mumbai,low
C04303,188,955.62,Ahmedabad,medium
C04304,455,2843.44,Kolkata,low
C04305,1035,769.51,Hyderabad,medium
C04306,180,637.1,Ahmedabad,high
C04307,186,1195.15,Delhi,high
C04308,889,2896.66,Kolkata,medium
C04309,1327,1583.74,Ahmedabad,low
C04310,398,1330.84,Chennai,low
C04311,395,1852.66,Visakhapatnam,high
C04312,1272,578.73,Hyderabad,low
C04313,732,2482.7,Pune,medium
C04314,1287,2309.47,Visakhapatnam,high
C04315,40,1379.52,Mumbai,high
C04316,551,3461.28,Bengaluru,low
C04317,1271,864.95,Hyderabad,high
C04318,77,3746.9,Vijayawada,high
C04319,342,1990.15,Delhi,medium
C04320,265,1446.33,Delhi,low
C04321,700,1776.9,Mumbai,low
C04322,200,1678.78,Mumbai,medium
C04323,590,3978.76,Ahmedabad,low
C04324,218,894.0,Pune,high
C04325,1159,1096.53,Chennai,medium
C04326,1045,3530.3,Kolkata,high
C04327,849,1222.24,Delhi,medium
C04328,384,3232.1,Delhi,high
C04329,1499,5432.61,Chennai,medium
C04330,240,1386.27,Visakhapatnam,high
C04331,668,2802.95,Mumbai,low
C04332,1029,850.34,Kolkata,medium
C04333,897,2939.86,Visakhapatnam,high
C04334,586,2049.12,Pune,high
C04335,250,2447.98,Visakhapatnam,medium
C04336,909,1183.13,Delhi,high
C04337,752,611.45,Pune,high
C04338,161,2496.53,Ahmedabad,low
C04339,99,470.75,Vijayawada,medium
C04340,1231,1464.49,Kolkata,medium
C04341,1266,3318.64,Vijayawada,medium
C04342,845,2039.12,Hyderabad,low
C04343,398,6386.65,Pune,medium
C04344,410,3504.71,Pune,low
C04345,178,1176.75,Delhi,high
C04346,791,1832.24,Pune,low
C04347,673,1745.42,Bengaluru,low
C04348,682,643.63,Hyderabad,high
C04349,703,976.8,Delhi,medium
C04350,1192,1250.19,Pune,low
C04351,1180,479.14,Bengaluru,medium
C04352,610,1856.43,Visakhapatnam,low
C04353,1109,1530.95,Delhi,low
C04354,1178,606.78,Chennai,high
C04355,1274,2340.88,Bengaluru,high
C04356,1353,2866.53,Kolkata,high
C04357,921,2086.23,Pune,medium
C04358,435,1458.11,Delhi,low
C04359,1041,2643.82,Ahmedabad,low
C04360,592,2800.87,Kolkata,low
C04361,284,2198.11,Ahmedabad,low
C04362,1261,1053.15,Pune,high
C04363,814,2154.54,Delhi,high
C04364,73,3915.13,Chennai,low
C04365,1348,1221.38,Visakhapatnam,low
C04366,975,7038.87,Chennai,low
C04367,854,1279.06,Hyderabad,high
C04368,1110,1838.32,Hyderabad,medium
C04369,1350,1162.61,Hyderabad,low
C04370,992,2081.13,Bengaluru,medium
C04371,646,580.04,Chennai,medium
C04372,738,1262.2,Kolkata,low
C04373,1169,885.07,Pune,medium
C04374,1284,1965.52,Hyderabad,medium
C04375,641,3435.55,Ahmedabad,medium
C04376,1342,2739.27,Bengaluru,medium
C04377,1295,385.28,Bengaluru,low
C04378,488,6787.83,Hyderabad,low
C04379,314,2180.86,Bengaluru,medium
C04380,1438,1086.61,Kolkata,low
C04381,378,1993.56,Bengaluru,low
C04382,785,2018.41,Vijayawada,low
C04383,1439,1166.88,Hyderabad,medium
C04384,118,2047.12,Bengaluru,low
C04385,653,1212.8,Bengaluru,medium
C04386,704,1383.96,Visakhapatnam,medium
C04387,582,1152.24,Mumbai,low
C04388,1224,709.32,Ahmedabad,low
C04389,288,1978.98,Pune,low
C04390,1226,2633.28,Kolkata,high
C04391,945,2515.47,Bengaluru,high
C04392,1110,3067.12,Delhi,high
C04393,1008,2222.44,Ahmedabad,medium
C04394,689,1273.18,Ahmedabad,low
C04395,218,3106.72,Chennai,medium
C04396,1486,744.83,Bengaluru,medium
C04397,1173,1002.35,Delhi,high
C04398,1355,961.81,Delhi,high
C04399,189,3632.14,Bengaluru,medium
C04400,153,3322.11,Delhi,low
C04401,1403,2470.78,Delhi,medium
C04402,818,3613.01,Delhi,medium
C04403,244,1016.39,Pune,low
C04404,1239,2257.76,Vijayawada,high
C04405,671,1659.35,Chennai,high
C04406,959,3121.33,Mumbai,high
C04407,246,1670.11,Mumbai,low
C04408,774,1401.54,Kolkata,medium
C04409,1300,2558.39,Vijayawada,low
C04410,849,3181.32,Delhi,low
C04411,599,1165.75,Kolkata,low
C04412,1435,1729.94,Chennai,high
C04413,1357,904.66,Bengaluru,low
C04414,974,354.89,Bengaluru,high
C04415,255,2050.5,Delhi,low
C04416,973,2674.0,Mumbai,medium
C04417,88,2134.28,Ahmedabad,high
C04418,1117,506.91,Ahmedabad,medium
C04419,573,1432.95,Bengaluru,high
C04420,202,425.65,Pune,medium
C04421,464,4384.57,Mumbai,medium
C04422,1058,888.56,Kolkata,high
C04423,713,4070.64,Hyderabad,medium
C04424,588,3328.77,Pune,low
C04425,130,1002.41,Kolkata,high
C04426,895,861.98,Delhi,medium
C04427,417,2260.37,Kolkata,low
C04428,1246,1039.75,Chennai,high
C04429,1274,1923.99,Ahmedabad,high
C04430,917,1315.15,Bengaluru,high
C04431,132,565.54,Delhi,low
C04432,479,422.31,Bengaluru,low
C04433,103,2085.76,Visakhapatnam,medium
C04434,518,1249.54,Bengaluru,high
C04435,236,1256.43,Chennai,low
C04436,1300,2829.49,Kolkata,medium
C04437,834,3859.45,Bengaluru,low
C04438,1446,1507.77,Chennai,medium
C04439,451,1442.53,Mumbai,low
C04440,741,2491.49,Chennai,high
C04441,1251,745.11,Chennai,high
C04442,36,2080.97,Bengaluru,low
C04443,1060,2576.71,Visakhapatnam,medium
C04444,655,2800.89,Delhi,low
C04445,675,511.14,Bengaluru,low
C04446,413,1097.36,Pune,medium
C04447,320,1017.06,Hyderabad,high
C04448,1001,1920.75,Kolkata,medium
C04449,72,2460.27,Mumbai,medium
C04450,187,4761.91,Mumbai,high
C04451,49,1304.81,Visakhapatnam,medium
C04452,1000,1302.6,Visakhapatnam,low
C04453,1030,3800.28,Delhi,medium
C04454,254,2182.7,Hyderabad,low
C04455,1191,4103.17,Chennai,low
C04456,1105,2171.59,Vijayawada,low
C04457,330,848.45,Bengaluru,low
C04458,653,756.73,Pune,medium
C04459,1034,656.59,Pune,high
C04460,557,2767.99,Ahmedabad,medium
C04461,776,3897.65,Ahmedabad,low
C04462,752,5988.69,Chennai,high
C04463,713,3113.68,Vijayawada,high
C04464,1250,3832.94,Ahmedabad,low
C04465,582,1234.64,Vijayawada,high
C04466,1340,848.84,Hyderabad,low
C04467,870,3127.83,Delhi,high
C04468,320,2361.46,Pune,medium
C04469,93,1930.2,Delhi,high
C04470,1455,2315.39,Kolkata,medium
C04471,452,2220.78,Bengaluru,low
C04472,803,4146.51,Bengaluru,medium
C04473,1313,4176.72,Vijayawada,medium
C04474,1109,2563.9,Mumbai,medium
C04475,1420,3119.14,Pune,medium
C04476,830,2514.13,Visakhapatnam,medium
C04477,595,1333.79,Chennai,low
C04478,114,2943.37,Visakhapatnam,high
C04479,1467,727.14,Pune,high
C04480,281,3570.89,Kolkata,medium
C04481,1190,828.07,Pune,medium
C04482,255,2167.47,Hyderabad,medium
C04483,1433,1039.18,Mumbai,medium
C04484,1424,2579.23,Mumbai,high
C04485,623,1760.74,Visakhapatnam,high
C04486,1390,638.39,Mumbai,medium
C04487,1027,2366.1,Chennai,low
C04488,633,1236.32,Hyderabad,medium
C04489,113,3191.63,Delhi,medium
C04490,1244,1801.55,Bengaluru,low
C04491,1030,2327.54,Chennai,low
C04492,911,965.96,Pune,high
C04493,31,1227.18,Hyderabad,medium
C04494,312,1335.99,Pune,medium
C04495,1058,3141.32,Vijayawada,low
C04496,206,5355.27,Chennai,low
C04497,432,1066.55,Kolkata,high
C04498,195,3624.58,Chennai,low
C04499,95,439.33,Ahmedabad,medium
C04500,539,828.25,Kolkata,medium
C04501,847,965.2,Bengaluru,medium
C04502,648,747.26,Visakhapatnam,medium
C04503,384,643.04,Visakhapatnam,medium
C04504,1420,2354.28,Pune,high
C04505,315,1566.18,Delhi,medium
C04506,307,2303.43,Kolkata,high
C04507,438,2819.6,Chennai,medium
C04508,205,2139.21,Chennai,high
C04509,1316,2760.28,Ahmedabad,high
C04510,405,1720.46,Kolkata,medium
C04511,226,832.14,Mumbai,high
C04512,935,3580.01,Pune,high
C04513,1433,1227.36,Pune,medium
C04514,755,979.85,Kolkata,medium
C04515,891,1603.42,Kolkata,medium
C04516,86,994.47,Vijayawada,low
C04517,892,1372.26,Bengaluru,low
C04518,1289,2251.11,Chennai,low
C04519,1218,2257.39,Vijayawada,medium
C04520,290,1004.21,Visakhapatnam,high
C04521,1188,1310.98,Chennai,low
C04522,834,3618.66,Mumbai,medium
C04523,1402,2485.43,Hyderabad,medium
C04524,1090,6934.99,Ahmedabad,low
C04525,203,3876.26,Hyderabad,medium
C04526,1360,3787.01,Bengaluru,medium
C04527,1247,730.28,Bengaluru,medium
C04528,1188,2957.36,Ahmedabad,high
C04529,708,1738.93,Hyderabad,low
C04530,1227,1258.16,Vijayawada,high
C04531,1498,2007.71,Hyderabad,high
C04532,449,3327.34,Vijayawada,low
C04533,1181,2492.6,Ahmedabad,low
C04534,487,1016.92,Mumbai,medium
C04535,1316,2916.5,Chennai,high
C04536,43,1189.29,Ahmedabad,high
C04537,1438,2072.24,Delhi,low
C04538,167,1477.88,Hyderabad,low
C04539,1266,1561.31,Bengaluru,high
C04540,228,2961.94,Delhi,low
C04541,242,915.45,Ahmedabad,low
C04542,1065,6373.59,Ahmedabad,medium
C04543,143,551.06,Bengaluru,medium
C04544,858,1220.55,Ahmedabad,low
C04545,511,2289.71,Vijayawada,medium
C04546,1284,2631.6,Ahmedabad,high
C04547,1293,1686.2,Bengaluru,medium
C04548,329,1734.09,Hyderabad,low
C04549,320,2350.54,Delhi,low
C04550,1077,1548.97,Vijayawada,low
C04551,1005,4452.0,Ahmedabad,medium
C04552,622,3106.09,Bengaluru,high
C04553,1039,3174.41,Pune,high
C04554,593,960.58,Kolkata,medium
C04555,1458,1709.47,Bengaluru,medium
C04556,883,1480.65,Kolkata,low
C04557,87,936.27,Chennai,medium
C04558,276,2274.8,Visakhapatnam,medium
C04559,52,1269.11,Visakhapatnam,medium
C04560,99,2756.05,Visakhapatnam,medium
C04561,117,897.77,Pune,low
C04562,988,5502.28,Ahmedabad,medium
C04563,48,1005.18,Mumbai,medium
C04564,1055,2075.77,Vijayawada,low
C04565,744,3011.67,Vijayawada,medium
C04566,1080,1242.18,Bengaluru,low
C04567,1373,3132.69,Mumbai,medium
C04568,1373,809.63,Visakhapatnam,medium
C04569,971,4625.86,Mumbai,medium
C04570,1378,1816.63,Chennai,medium
C04571,169,1221.55,Ahmedabad,medium
C04572,996,1481.89,Visakhapatnam,high
C04573,399,3045.25,Visakhapatnam,high
C04574,1068,1231.08,Vijayawada,medium
C04575,295,1105.95,Pune,high
C04576,1219,1558.6,Pune,high
C04577,1294,837.58,Kolkata,low
C04578,122,5877.55,Hyderabad,high
C04579,355,1245.62,Delhi,low
C04580,1392,3090.51,Bengaluru,medium
C04581,1421,2062.55,Ahmedabad,medium
C04582,504,949.18,Delhi,low
C04583,386,1793.05,Kolkata,medium
C04584,161,2996.33,Hyderabad,high
C04585,542,1592.68,Bengaluru,low
C04586,179,3909.11,Ahmedabad,medium
C04587,1272,3496.53,Hyderabad,low
C04588,687,3270.95,Bengaluru,high
C04589,950,1335.1,Kolkata,low
C04590,1335,892.16,Visakhapatnam,high
C04591,439,1207.99,Delhi,medium
C04592,1035,2044.89,Ahmedabad,high
C04593,615,2566.51,Delhi,low
C04594,361,438.79,Kolkata,high
C04595,423,1790.53,Bengaluru,high
C04596,79,1994.8,Bengaluru,low
C04597,98,1502.88,Mumbai,low
C04598,766,4166.66,Kolkata,high
C04599,1149,2367.76,Bengaluru,medium
C04600,409,4218.21,Vijayawada,medium
C04601,419,1564.26,Delhi,high
C04602,1000,3310.66,Vijayawada,medium
C04603,760,5210.0,Visakhapatnam,high
C04604,312,4222.33,Bengaluru,medium
C04605,905,885.06,Kolkata,low
C04606,1195,1526.38,Bengaluru,low
C04607,1089,1438.25,Chennai,low
C04608,271,2473.92,Ahmedabad,low
C04609,135,2812.06,Visakhapatnam,high
C04610,707,1043.42,Hyderabad,low
C04611,623,1881.15,Chennai,medium
C04612,1470,484.24,Pune,low
C04613,353,4595.38,Chennai,low
C04614,1124,1290.13,Visakhapatnam,low
C04615,1090,1866.56,Visakhapatnam,high
C04616,669,1471.84,Kolkata,high
C04617,146,3791.28,Vijayawada,high
C04618,257,284.62,Visakhapatnam,medium
C04619,568,1780.67,Hyderabad,low
C04620,722,1680.35,Kolkata,medium
C04621,440,1340.34,Pune,low
C04622,315,5528.04,Delhi,high
C04623,705,1011.08,Hyderabad,low
C04624,1040,2972.65,Bengaluru,high
C04625,1279,2269.03,Hyderabad,medium
C04626,174,4086.85,Kolkata,high
C04627,1284,1166.62,Bengaluru,high
C04628,1010,1117.79,Mumbai,medium
C04629,115,3670.15,Bengaluru,low
C04630,1047,2373.21,Vijayawada,low
C04631,1361,659.4,Pune,medium
C04632,1008,1267.74,Chennai,low
C04633,73,2313.9,Hyderabad,low
C04634,431,3102.89,Vijayawada,high
C04635,806,1157.53,Hyderabad,high
C04636,1017,270.77,Hyderabad,medium
C04637,802,2529.15,Mumbai,medium
C04638,1466,814.3,Kolkata,high
C04639,312,485.06,Bengaluru,medium
C04640,271,285.58,Visakhapatnam,medium
C04641,750,3055.29,Delhi,medium
C04642,924,1956.95,Hyderabad,low
C04643,505,1554.43,Bengaluru,high
C04644,50,4439.99,Delhi,medium
C04645,1128,2723.85,Visakhapatnam,low
C04646,60,5146.83,Delhi,low
C04647,186,727.97,Hyderabad,low
C04648,928,1760.03,Mumbai,medium
C04649,119,629.34,Pune,medium
C04650,1263,1550.67,Delhi,medium
C04651,295,1531.41,Visakhapatnam,medium
C04652,1010,2704.96,Bengaluru,high
C04653,187,1854.11,Bengaluru,medium
C04654,1143,2699.32,Delhi,medium
C04655,1474,2843.46,Pune,low
C04656,938,7304.5,Chennai,medium
C04657,1159,1466.45,Chennai,high
C04658,530,976.4,Vijayawada,medium
C04659,683,2112.22,Vijayawada,high
C04660,243,1068.55,Hyderabad,medium
C04661,871,4716.47,Visakhapatnam,medium
C04662,602,1497.35,Bengaluru,low
C04663,310,1246.28,Vijayawada,low
C04664,654,1325.03,Vijayawada,low
C04665,281,2871.28,Pune,high
C04666,320,1624.58,Hyderabad,low
C04667,1460,1186.14,Ahmedabad,high
C04668,959,5313.58,Bengaluru,low
C04669,1051,1031.77,Hyderabad,medium
C04670,599,1842.1,Visakhapatnam,medium
C04671,645,2750.51,Bengaluru,low
C04672,601,623.39,Visakhapatnam,medium
C04673,1044,2459.49,Hyderabad,medium
C04674,817,906.62,Ahmedabad,low
C04675,489,3072.82,Delhi,medium
C04676,407,962.77,Kolkata,high
C04677,137,2823.81,Chennai,low
C04678,1139,3693.51,Pune,low
C04679,1276,3151.0,Pune,medium
C04680,1240,2119.42,Delhi,low
C04681,728,1548.74,Visakhapatnam,medium
C04682,905,1237.53,Hyderabad,low
C04683,1163,4683.09,Kolkata,high
C04684,1418,1142.38,Chennai,high
C04685,979,917.31,Kolkata,high
C04686,1193,2773.96,Vijayawada,medium
C04687,362,1072.83,Kolkata,medium
C04688,517,970.68,Mumbai,low
C04689,604,704.3,Chennai,low
C04690,541,1315.08,Vijayawada,medium
C04691,721,1705.78,Visakhapatnam,medium
C04692,109,2108.12,Visakhapatnam,medium
C04693,770,3340.55,Chennai,high
C04694,543,2535.19,Visakhapatnam,low
C04695,284,1589.98,Chennai,high
C04696,1383,1582.43,Pune,medium
C04697,396,2507.76,Ahmedabad,medium
C04698,65,4116.31,Ahmedabad,low
C04699,985,1954.02,Hyderabad,medium
C04700,1013,1326.91,Vijayawada,low
C04701,866,944.05,Hyderabad,high
C04702,192,703.56,Chennai,high
C04703,1159,2775.59,Pune,low
C04704,932,2620.78,Mumbai,medium
C04705,595,2619.73,Chennai,medium
C04706,290,1655.59,Delhi,high
C04707,387,4491.98,Mumbai,high
C04708,1373,1314.04,Hyderabad,low
C04709,264,3349.17,Hyderabad,low
C04710,1431,1755.24,Vijayawada,medium
C04711,1217,1212.11,Pune,low
C04712,1163,2645.69,Delhi,low
C04713,1493,2349.14,Chennai,medium
C04714,63,2270.09,Pune,high
C04715,121,1897.65,Visakhapatnam,low
C04716,746,1756.21,Bengaluru,low
C04717,1068,8501.38,Ahmedabad,low
C04718,1076,3886.67,Bengaluru,low
C04719,447,2879.52,Pune,high
C04720,790,1935.68,Kolkata,low
C04721,1344,3464.05,Kolkata,medium
C04722,323,2520.57,Hyderabad,medium
C04723,1273,1830.92,Pune,medium
C04724,865,1477.67,Pune,medium
C04725,632,1707.77,Visakhapatnam,low
C04726,358,229.24,Pune,low
C04727,625,2064.06,Mumbai,high
C04728,82,1310.33,Bengaluru,high
C04729,463,5068.38,Pune,high
C04730,1495,1822.78,Vijayawada,high
C04731,1489,831.07,Pune,low
C04732,805,1742.58,Visakhapatnam,low
C04733,1375,911.93,Mumbai,medium
C04734,1359,2448.56,Bengaluru,low
C04735,489,2174.73,Visakhapatnam,high
C04736,1206,3354.77,Vijayawada,high
C04737,886,1076.5,Vijayawada,high
C04738,278,1840.23,Vijayawada,low
C04739,1273,741.21,Ahmedabad,high
C04740,1104,2839.87,Vijayawada,medium
C04741,679,2522.0,Chennai,low
C04742,1208,2484.47,Chennai,low
C04743,703,1801.9,Delhi,medium
C04744,502,2357.0,Ahmedabad,medium
C04745,266,5106.97,Delhi,medium
C04746,869,1495.52,Pune,low
C04747,750,1969.75,Vijayawada,high
C04748,186,888.52,Pune,high
C04749,1021,1023.69,Visakhapatnam,low
C04750,949,1918.16,Kolkata,low
C04751,1196,3688.96,Mumbai,high
C04752,531,1523.8,Kolkata,high
C04753,1227,1544.1,Mumbai,high
C04754,563,1381.7,Chennai,medium
C04755,672,1271.5,Bengaluru,low
C04756,866,2180.42,Kolkata,high
C04757,333,680.16,Visakhapatnam,medium
C04758,1325,4138.76,Delhi,low
C04759,959,1167.96,Hyderabad,low
C04760,277,2877.79,Kolkata,medium
C04761,1165,788.43,Ahmedabad,high
C04762,236,2780.23,Mumbai,low
C04763,913,2785.84,Hyderabad,high
C04764,371,2310.62,Bengaluru,low
C04765,1084,943.09,Vijayawada,medium
C04766,894,2116.99,Pune,low
C04767,853,834.27,Vijayawada,low
C04768,1488,1527.28,Chennai,low
C04769,719,3514.53,Pune,high
C04770,1276,3021.17,Visakhapatnam,low
C04771,122,1817.85,Bengaluru,high
C04772,756,955.2,Ahmedabad,medium
C04773,1321,2738.52,Ahmedabad,high
C04774,922,1822.82,Chennai,medium
C04775,1463,398.35,Mumbai,high
C04776,405,2993.66,Visakhapatnam,high
C04777,201,1771.87,Mumbai,low
C04778,1245,3932.91,Visakhapatnam,medium
C04779,1410,883.26,Ahmedabad,medium
C04780,686,228.31,Ahmedabad,low
C04781,1071,2158.02,Visakhapatnam,medium
C04782,228,2175.6,Delhi,medium
C04783,1040,599.81,Pune,low
C04784,1185,952.91,Vijayawada,high
C04785,1217,10790.63,Vijayawada,medium
C04786,614,1475.71,Pune,medium
C04787,682,2894.78,Mumbai,low
C04788,115,1179.23,Delhi,medium
C04789,1093,462.59,Chennai,high
C04790,1290,1611.42,Pune,low
C04791,741,1514.59,Chennai,low
C04792,272,1388.0,Chennai,medium
C04793,1026,1670.75,Ahmedabad,low
C04794,376,2137.34,Chennai,medium
C04795,1271,1632.66,Bengaluru,low
C04796,1394,791.51,Chennai,low
C04797,226,2468.98,Delhi,high
C04798,1071,506.97,Mumbai,low
C04799,1255,474.76,Hyderabad,high
C04800,1131,2910.29,Delhi,low
C04801,1030,2502.65,Hyderabad,medium
C04802,446,1734.08,Chennai,high
C04803,903,726.69,Ahmedabad,high
C04804,288,1136.15,Ahmedabad,medium
C04805,254,1517.4,Bengaluru,medium
C04806,915,637.92,Ahmedabad,medium
C04807,207,1113.4,Mumbai,medium
C04808,1399,2750.55,Bengaluru,medium
C04809,191,4551.86,Delhi,high
C04810,182,1370.47,Pune,low
C04811,1068,2943.22,Pune,medium
C04812,958,518.74,Vijayawada,high
C04813,181,2763.31,Pune,low
C04814,917,1067.39,Bengaluru,high
C04815,1097,2198.03,Pune,low
C04816,1173,1532.27,Hyderabad,high
C04817,1314,4246.33,Hyderabad,low
C04818,310,1019.59,Visakhapatnam,medium
C04819,480,2706.7,Delhi,medium
C04820,992,1500.96,Mumbai,medium
C04821,413,1623.99,Ahmedabad,medium
C04822,299,1597.25,Delhi,high
C04823,211,1038.83,Vijayawada,high
C04824,468,1783.58,Hyderabad,medium
C04825,167,1728.17,Ahmedabad,high
C04826,1281,2105.58,Delhi,high
C04827,394,1901.64,Hyderabad,medium
C04828,1438,3023.71,Chennai,high
C04829,808,3280.73,Visakhapatnam,low
C04830,1336,909.27,Pune,medium
C04831,1116,3166.06,Mumbai,medium
C04832,504,832.49,Chennai,high
C04833,1023,2637.66,Ahmedabad,high
C04834,833,2692.9,Visakhapatnam,medium
C04835,1142,519.67,Ahmedabad,medium
C04836,227,1912.14,Delhi,low
C04837,618,1327.46,Kolkata,medium
C04838,696,1099.21,Delhi,high
C04839,900,4331.18,Bengaluru,low
C04840,981,1176.91,Pune,high
C04841,262,1065.71,Pune,high
C04842,845,1890.78,Mumbai,medium
C04843,1031,2810.66,Visakhapatnam,medium
C04844,1437,1641.67,Delhi,low
C04845,625,3841.75,Chennai,high
C04846,470,2541.92,Kolkata,low
C04847,1181,436.9,Pune,medium
C04848,1412,1275.88,Pune,medium
C04849,831,1249.31,Ahmedabad,medium
C04850,846,2458.06,Chennai,low
C04851,579,326.82,Ahmedabad,high
C04852,478,9437.05,Pune,high
C04853,123,2542.01,Chennai,medium
C04854,869,1982.89,Delhi,high
C04855,371,3879.89,Vijayawada,low
C04856,1310,8257.83,Bengaluru,high
C04857,1280,3170.13,Pune,low
C04858,1268,3335.14,Vijayawada,low
C04859,73,1959.59,Kolkata,low
C04860,1473,1641.8,Pune,medium
C04861,1162,1321.17,Bengaluru,high
C04862,130,1052.13,Vijayawada,low
C04863,771,1151.69,Vijayawada,low
C04864,351,748.21,Vijayawada,medium
C04865,1500,1713.38,Delhi,medium
C04866,360,602.15,Pune,medium
C04867,876,2037.82,Delhi,high
C04868,539,1757.99,Hyderabad,low
C04869,71,1980.39,Vijayawada,low
C04870,1057,1281.97,Kolkata,medium
C04871,116,13299.76,Mumbai,medium
C04872,647,4357.34,Hyderabad,low
C04873,1323,801.58,Delhi,low
C04874,587,2094.16,Bengaluru,medium
C04875,1372,1212.38,Kolkata,low
C04876,582,930.88,Bengaluru,low
C04877,181,753.32,Vijayawada,high
C04878,1470,2383.88,Kolkata,low
C04879,60,1155.91,Vijayawada,high
C04880,340,3376.61,Bengaluru,high
C04881,1234,3434.07,Kolkata,low
C04882,1270,4396.6,Chennai,medium
C04883,900,1034.31,Vijayawada,high
C04884,77,2451.68,Chennai,medium
C04885,969,2715.24,Delhi,low
C04886,571,1322.56,Visakhapatnam,medium
C04887,801,1089.95,Chennai,medium
C04888,220,5124.2,Delhi,medium
C04889,1178,2086.86,Chennai,medium
C04890,612,2721.45,Vijayawada,high
C04891,530,1054.89,Kolkata,low
C04892,1047,814.85,Kolkata,medium
C04893,1149,1243.14,Bengaluru,medium
C04894,488,1660.59,Visakhapatnam,low
C04895,843,901.26,Delhi,medium
C04896,787,1788.52,Ahmedabad,high
C04897,253,600.65,Chennai,medium
C04898,324,869.15,Bengaluru,low
C04899,1178,2783.97,Mumbai,low
C04900,1033,2665.12,Visakhapatnam,low
C04901,201,1395.24,Mumbai,medium
C04902,1292,928.89,Ahmedabad,high
C04903,1190,923.09,Delhi,low
C04904,1040,1412.22,Chennai,medium
C04905,667,2736.62,Pune,low
C04906,104,3290.85,Pune,high
C04907,1187,1303.48,Visakhapatnam,medium
C04908,41,850.46,Chennai,high
C04909,458,2142.31,Vijayawada,medium
C04910,1147,1053.89,Ahmedabad,medium
C04911,1365,1285.21,Delhi,medium
C04912,974,4259.77,Ahmedabad,high
C04913,1166,3081.49,Bengaluru,low
C04914,901,1994.65,Bengaluru,medium
C04915,290,787.45,Hyderabad,low
C04916,1094,2065.13,Bengaluru,low
C04917,434,3591.3,Ahmedabad,low
C04918,109,1410.05,Kolkata,medium
C04919,379,4331.92,Vijayawada,medium
C04920,316,4170.65,Vijayawada,medium
C04921,847,5307.99,Hyderabad,medium
C04922,270,2195.03,Kolkata,medium
C04923,1415,2636.87,Chennai,high
C04924,690,4513.21,Visakhapatnam,medium
C04925,1184,2407.51,Mumbai,low
C04926,624,1299.51,Vijayawada,high
C04927,448,1344.78,Visakhapatnam,high
C04928,790,2101.91,Vijayawada,high
C04929,544,777.96,Ahmedabad,medium
C04930,461,1639.95,Pune,high
C04931,307,3671.29,Mumbai,high
C04932,1494,433.21,Ahmedabad,low
C04933,680,4880.27,Kolkata,low
C04934,337,3733.44,Ahmedabad,low
C04935,41,1335.01,Chennai,high
C04936,414,2562.52,Delhi,high
C04937,222,1803.69,Vijayawada,medium
C04938,707,4003.95,Bengaluru,low
C04939,1309,3409.38,Ahmedabad,high
C04940,350,724.51,Bengaluru,medium
C04941,1333,2636.64,Vijayawada,low
C04942,736,1574.8,Hyderabad,low
C04943,592,1899.57,Chennai,medium
C04944,1226,1121.28,Chennai,medium
C04945,1308,5607.34,Kolkata,medium
C04946,1179,3538.94,Vijayawada,high
C04947,1380,1112.86,Delhi,low
C04948,1243,756.0,Mumbai,low
C04949,473,1400.88,Chennai,low
C04950,568,2387.42,Visakhapatnam,low
C04951,289,2104.17,Vijayawada,high
C04952,1350,4064.63,Kolkata,medium
C04953,1208,3007.88,Visakhapatnam,high
C04954,597,3380.44,Visakhapatnam,high
C04955,999,2226.08,Delhi,low
C04956,35,729.6,Delhi,low
C04957,217,1585.0,Visakhapatnam,low
C04958,323,3585.31,Mumbai,medium
C04959,30,1740.72,Pune,low
C04960,136,2496.26,Mumbai,high
C04961,930,1463.16,Kolkata,high
C04962,996,921.65,Pune,medium
C04963,1054,1661.32,Bengaluru,low
C04964,1177,2200.46,Kolkata,medium
C04965,819,1175.38,Ahmedabad,medium
C04966,668,1544.31,Vijayawada,medium
C04967,1116,977.39,Bengaluru,high
C04968,468,3725.85,Mumbai,high
C04969,598,1486.45,Mumbai,medium
C04970,1177,4627.78,Ahmedabad,medium
C04971,1453,4862.11,Chennai,high
C04972,276,1707.63,Vijayawada,medium
C04973,1365,934.54,Pune,low
C04974,81,463.92,Pune,medium
C04975,1402,691.4,Pune,high
C04976,898,736.97,Delhi,high
C04977,1176,4409.64,Delhi,medium
C04978,796,1940.75,Mumbai,high
C04979,51,2318.75,Delhi,medium
C04980,769,425.08,Vijayawada,low
C04981,41,826.22,Visakhapatnam,medium
C04982,702,3203.96,Bengaluru,medium
C04983,549,2168.83,Vijayawada,low
C04984,1272,1635.75,Chennai,low
C04985,1355,2598.5,Chennai,high
C04986,1010,5212.48,Kolkata,low
C04987,1454,1559.1,Chennai,medium
C04988,1310,1883.02,Hyderabad,high
C04989,92,2040.05,Ahmedabad,high
C04990,1324,8522.06,Ahmedabad,medium
C04991,385,459.88,Ahmedabad,high
C04992,1356,2806.34,Vijayawada,low
C04993,108,1670.57,Pune,low
C04994,1285,2601.76,Mumbai,high
C04995,392,1174.09,Mumbai,low
C04996,889,1743.61,Bengaluru,low
C04997,938,2858.23,Hyderabad,medium
C04998,229,13615.08,Vijayawada,medium
C04999,427,3043.51,Visakhapatnam,high
C05000,64,1037.22,Pune,high
C05001,678,1366.62,Mumbai,high
C05002,780,1340.53,Vijayawada,low
C05003,1390,560.24,Kolkata,medium
C05004,1397,1452.42,Hyderabad,low
C05005,425,2898.3,Vijayawada,low
C05006,576,786.26,Bengaluru,low
C05007,938,3558.36,Hyderabad,medium
C05008,1276,2471.54,Delhi,high
C05009,1065,1116.88,Kolkata,low
C05010,1331,1641.8,Hyderabad,medium
C05011,590,5087.04,Vijayawada,medium
C05012,271,2899.66,Pune,medium
C05013,1193,1810.31,Bengaluru,high
C05014,978,1542.33,Bengaluru,low
C05015,215,1891.9,Mumbai,high
C05016,206,1290.64,Mumbai,medium
C05017,1240,458.27,Hyderabad,low
C05018,51,6788.31,Delhi,high
C05019,797,1991.22,Ahmedabad,low
C05020,535,2331.66,Chennai,high
C05021,1345,1733.51,Delhi,high
C05022,301,1116.23,Chennai,low
C05023,806,1595.1,Chennai,low
C05024,601,636.47,Mumbai,high
C05025,676,7908.14,Kolkata,low
C05026,415,806.83,Chennai,low
C05027,392,920.36,Chennai,medium
C05028,1458,1352.04,Ahmedabad,medium
C05029,219,4158.01,Ahmedabad,medium
C05030,1215,1817.06,Pune,medium
C05031,1344,805.98,Vijayawada,medium
C05032,1322,4067.82,Mumbai,low
C05033,1228,2894.86,Kolkata,low
C05034,1131,2554.28,Visakhapatnam,low
C05035,1468,2866.28,Kolkata,medium
C05036,1353,8534.54,Chennai,low
C05037,730,7449.14,Vijayawada,high
C05038,580,1151.91,Bengaluru,high
C05039,461,5172.27,Chennai,low
C05040,987,2309.07,Chennai,low
C05041,266,2489.79,Vijayawada,high
C05042,1322,599.18,Mumbai,medium
C05043,316,1611.29,Ahmedabad,high
C05044,691,1061.25,Pune,high
C05045,803,3083.38,Visakhapatnam,low
C05046,690,3611.02,Bengaluru,high
C05047,764,467.37,Hyderabad,low
C05048,893,1774.4,Ahmedabad,medium
C05049,719,3732.2,Bengaluru,low
C05050,763,1594.32,Chennai,low
C05051,986,2891.22,Vijayawada,low
C05052,74,2261.54,Ahmedabad,high
C05053,964,2247.61,Visakhapatnam,high
C05054,1452,1508.98,Kolkata,high
C05055,847,816.29,Ahmedabad,low
C05056,547,868.31,Pune,high
C05057,721,2854.41,Ahmedabad,high
C05058,851,1822.91,Chennai,low
C05059,509,1645.02,Vijayawada,low
C05060,892,1366.51,Kolkata,medium
C05061,1212,1476.12,Kolkata,high
C05062,88,3554.73,Mumbai,high
C05063,370,1447.56,Chennai,high
C05064,1458,752.84,Vijayawada,low
C05065,1193,2918.76,Mumbai,low
C05066,1388,1575.57,Pune,low
C05067,215,1837.11,Chennai,low
C05068,738,5117.74,Ahmedabad,medium
C05069,368,1776.1,Ahmedabad,low
C05070,1378,2172.23,Mumbai,low
C05071,382,836.51,Chennai,medium
C05072,194,1560.49,Mumbai,low
C05073,446,2675.08,Kolkata,low
C05074,531,654.94,Mumbai,high
C05075,1167,2051.02,Pune,low
C05076,1007,1921.87,Mumbai,medium
C05077,234,1848.96,Ahmedabad,high
C05078,1436,3532.27,Kolkata,high
C05079,465,2237.08,Ahmedabad,high
C05080,800,4704.57,Ahmedabad,high
C05081,527,943.61,Bengaluru,medium
C05082,293,1966.27,Pune,low
C05083,848,1901.59,Pune,medium
C05084,1411,898.32,Kolkata,high
C05085,836,3351.4,Vijayawada,low
C05086,740,8156.57,Ahmedabad,high
C05087,1231,1780.21,Hyderabad,low
C05088,1276,2499.4,Mumbai,low
C05089,785,1901.65,Pune,medium
C05090,1056,1131.97,Hyderabad,high
C05091,1257,551.17,Kolkata,low
C05092,1352,1137.73,Delhi,low
C05093,1053,728.34,Delhi,low
C05094,462,5449.11,Chennai,medium
C05095,220,1670.24,Pune,medium
C05096,1369,1437.55,Mumbai,medium
C05097,338,3208.29,Chennai,medium
C05098,822,868.18,Ahmedabad,low
C05099,564,1093.44,Kolkata,low
C05100,364,1881.43,Kolkata,high
C05101,1089,3513.06,Bengaluru,medium
C05102,199,2493.99,Pune,high
C05103,237,2115.3,Kolkata,low
C05104,359,1893.76,Pune,low
C05105,1206,2334.83,Vijayawada,medium
C05106,1435,2052.09,Ahmedabad,low
C05107,1025,921.55,Kolkata,medium
C05108,141,1854.73,Chennai,medium
C05109,559,895.73,Bengaluru,high
C05110,952,1897.41,Vijayawada,medium
C05111,999,1317.01,Pune,high
C05112,777,9378.17,Bengaluru,low
C05113,898,1753.92,Vijayawada,medium
C05114,1411,722.55,Bengaluru,low
C05115,44,1649.66,Pune,high
C05116,1238,2522.8,Chennai,low
C05117,1084,5341.32,Visakhapatnam,high
C05118,961,1227.09,Kolkata,low
C05119,981,643.53,Chennai,low
C05120,278,3060.97,Ahmedabad,medium
C05121,781,733.74,Hyderabad,high
C05122,1435,1355.66,Pune,medium
C05123,901,1522.47,Pune,high
C05124,636,1720.35,Hyderabad,high
C05125,577,2817.2,Mumbai,medium
C05126,760,1154.22,Kolkata,low
C05127,944,1506.61,Pune,medium
C05128,1332,1783.38,Hyderabad,high
C05129,258,1983.82,Pune,high
C05130,104,1918.18,Vijayawada,high
C05131,841,2389.75,Delhi,low
C05132,202,3115.17,Vijayawada,low
C05133,288,2323.32,Mumbai,high
C05134,1040,2417.22,Kolkata,medium
C05135,737,643.61,Ahmedabad,high
C05136,1294,1859.74,Delhi,high
C05137,1102,2458.29,Visakhapatnam,medium
C05138,113,2890.99,Bengaluru,medium
C05139,793,1147.7,Hyderabad,low
C05140,1277,1172.82,Bengaluru,medium
C05141,1079,1239.39,Bengaluru,medium
C05142,1334,2550.92,Chennai,medium
C05143,850,3524.75,Hyderabad,low
C05144,556,1381.18,Bengaluru,medium
C05145,268,3247.75,Delhi,high
C05146,564,1950.43,Chennai,high
C05147,1082,1660.3,Vijayawada,low
C05148,1451,1568.92,Hyderabad,medium
C05149,1204,2924.38,Ahmedabad,low
C05150,924,2224.23,Chennai,high
C05151,1440,7901.66,Mumbai,medium
C05152,1057,1034.42,Hyderabad,high
C05153,846,2520.74,Mumbai,high
C05154,613,1276.1,Chennai,low
C05155,863,1023.01,Delhi,low
C05156,878,1787.33,Mumbai,medium
C05157,576,1968.09,Ahmedabad,high
C05158,1330,11996.31,Pune,low
C05159,483,1596.94,Delhi,low
C05160,1482,863.44,Pune,low
C05161,160,2149.52,Visakhapatnam,medium
C05162,1488,467.33,Visakhapatnam,medium
C05163,1234,1695.56,Kolkata,high
C05164,1249,1818.85,Pune,high
C05165,826,3017.04,Ahmedabad,high
C05166,55,3389.36,Pune,medium
C05167,684,1297.54,Pune,medium
C05168,340,1632.13,Ahmedabad,high
C05169,1051,1093.96,Delhi,high
C05170,1458,864.63,Mumbai,high
C05171,828,2201.67,Chennai,medium
C05172,96,786.59,Visakhapatnam,low
C05173,1323,1374.76,Ahmedabad,high
C05174,737,942.63,Bengaluru,low
C05175,1114,2573.02,Pune,medium
C05176,627,5804.98,Pune,medium
C05177,1411,772.41,Ahmedabad,low
C05178,349,539.74,Visakhapatnam,high
C05179,371,1659.66,Visakhapatnam,medium
C05180,1186,1818.46,Kolkata,medium
C05181,77,2074.9,Chennai,high
C05182,1035,1346.73,Delhi,medium
C05183,1130,1579.92,Mumbai,medium
C05184,1273,2285.69,Bengaluru,low
C05185,840,3539.79,Delhi,low
C05186,256,505.1,Visakhapatnam,medium
C05187,395,1416.2,Mumbai,high
C05188,851,2068.37,Vijayawada,medium
C05189,750,991.14,Delhi,medium
C05190,1257,5545.83,Chennai,medium
C05191,773,1190.97,Bengaluru,high
C05192,1436,1752.33,Pune,high
C05193,1126,2583.64,Vijayawada,medium
C05194,491,1225.63,Kolkata,medium
C05195,980,542.0,Chennai,medium
C05196,351,1362.28,Mumbai,medium
C05197,620,3514.59,Hyderabad,high
C05198,714,1446.01,Ahmedabad,high
C05199,382,1038.32,Bengaluru,medium
C05200,1218,3285.35,Kolkata,medium
C05201,870,1451.77,Delhi,high
C05202,89,1291.99,Visakhapatnam,low
C05203,313,1983.64,Visakhapatnam,high
C05204,1060,2970.63,Bengaluru,high
C05205,1198,8464.67,Kolkata,low
C05206,695,3081.73,Visakhapatnam,low
C05207,370,3825.48,Visakhapatnam,high
C05208,996,1295.52,Bengaluru,medium
C05209,76,924.01,Visakhapatnam,high
C05210,827,1874.43,Vijayawada,high
C05211,425,1929.86,Mumbai,medium
C05212,785,892.93,Delhi,low
C05213,997,1606.16,Delhi,medium
C05214,301,2333.44,Chennai,low
C05215,93,2275.14,Delhi,high
C05216,974,2498.21,Ahmedabad,low
C05217,1430,2174.75,Visakhapatnam,medium
C05218,525,1294.64,Mumbai,medium
C05219,1054,1288.85,Bengaluru,high
C05220,708,825.69,Mumbai,low
C05221,976,5742.48,Bengaluru,low
C05222,96,1815.81,Kolkata,high
C05223,992,1555.24,Kolkata,low
C05224,884,984.2,Chennai,high
C05225,1130,12133.43,Bengaluru,high
C05226,1273,895.94,Vijayawada,high
C05227,78,1362.11,Ahmedabad,medium
C05228,152,2358.63,Chennai,medium
C05229,111,2658.93,Pune,medium
C05230,1497,3354.97,Vijayawada,high
C05231,1360,5828.34,Ahmedabad,medium
C05232,284,2501.25,Bengaluru,low
C05233,567,906.07,Visakhapatnam,low
C05234,376,1523.14,Pune,medium
C05235,1374,2198.73,Pune,low
C05236,527,6904.23,Ahmedabad,low
C05237,571,725.58,Bengaluru,medium
C05238,1344,3933.23,Bengaluru,medium
C05239,1482,2023.3,Ahmedabad,low
C05240,562,3103.02,Pune,medium
C05241,1441,1684.54,Ahmedabad,medium
C05242,952,1041.02,Chennai,high
C05243,593,2932.5,Visakhapatnam,low
C05244,316,2754.31,Mumbai,high
C05245,620,3385.91,Hyderabad,low
C05246,789,1784.5,Visakhapatnam,medium
C05247,1491,1218.84,Chennai,medium
C05248,1496,653.49,Mumbai,high
C05249,1328,3066.02,Chennai,medium
C05250,1490,2371.01,Ahmedabad,high
C05251,633,960.82,Mumbai,high
C05252,1453,1268.35,Mumbai,low
C05253,1274,1328.96,Chennai,medium
C05254,556,686.5,Delhi,low
C05255,463,1057.91,Visakhapatnam,medium
C05256,333,861.39,Visakhapatnam,low
C05257,561,1376.68,Pune,high
C05258,1071,1113.64,Vijayawada,medium
C05259,1006,625.15,Visakhapatnam,low
C05260,734,6702.43,Mumbai,high
C05261,1056,4063.07,Pune,high
C05262,796,1084.83,Kolkata,medium
C05263,1357,2148.69,Mumbai,high
C05264,1017,2361.13,Mumbai,medium
C05265,807,3903.96,Hyderabad,high
C05266,162,1057.27,Pune,low
C05267,663,3660.71,Delhi,low
C05268,337,1260.68,Chennai,high
C05269,274,755.39,Delhi,medium
C05270,1051,2881.97,Ahmedabad,high
C05271,1337,4165.26,Hyderabad,high
C05272,1103,9678.7,Delhi,high
C05273,444,825.28,Pune,high
C05274,97,2835.12,Kolkata,high
C05275,232,1379.08,Pune,high
C05276,167,2995.08,Chennai,high
C05277,1125,692.1,Vijayawada,low
C05278,144,792.14,Ahmedabad,high
C05279,1100,1087.05,Delhi,low
C05280,554,1894.8,Mumbai,high
C05281,1362,1186.59,Delhi,low
C05282,1442,2762.6,Ahmedabad,low
C05283,112,3508.78,Visakhapatnam,medium
C05284,1160,2657.84,Chennai,low
C05285,419,5155.16,Bengaluru,low
C05286,1100,2358.61,Chennai,low
C05287,455,816.12,Delhi,low
C05288,1229,4366.59,Visakhapatnam,medium
C05289,980,1214.62,Bengaluru,high
C05290,134,3252.94,Pune,high
C05291,179,5006.38,Delhi,medium
C05292,268,2422.1,Ahmedabad,low
C05293,1004,680.64,Delhi,low
C05294,1140,990.99,Visakhapatnam,low
C05295,1255,4252.77,Ahmedabad,medium
C05296,1195,1612.61,Hyderabad,high
C05297,910,1895.55,Bengaluru,high
C05298,936,2947.69,Delhi,high
C05299,1330,2830.34,Visakhapatnam,medium
C05300,31,2157.62,Chennai,medium
C05301,1261,1571.69,Chennai,medium
C05302,1322,1468.96,Mumbai,medium
C05303,1068,3143.76,Ahmedabad,high
C05304,611,2579.53,Chennai,medium
C05305,1119,1522.79,Delhi,medium
C05306,593,3637.0,Vijayawada,high
C05307,662,1655.19,Ahmedabad,low
C05308,403,1034.8,Ahmedabad,low
C05309,683,1099.06,Vijayawada,medium
C05310,1045,952.76,Mumbai,low
C05311,164,1507.9,Kolkata,high
C05312,653,4013.68,Bengaluru,medium
C05313,731,1066.6,Vijayawada,low
C05314,426,2034.59,Bengaluru,low
C05315,466,1174.61,Chennai,high
C05316,655,1519.81,Pune,high
C05317,996,674.53,Bengaluru,high
C05318,644,1559.61,Visakhapatnam,low
C05319,1199,1587.05,Mumbai,medium
C05320,350,2557.36,Delhi,medium
C05321,381,2081.15,Mumbai,high
C05322,1386,825.99,Mumbai,medium
C05323,1087,3641.94,Ahmedabad,high
C05324,1249,2063.67,Kolkata,high
C05325,581,2047.75,Delhi,medium
C05326,996,1789.29,Chennai,medium
C05327,326,1285.62,Chennai,medium
C05328,754,2073.75,Pune,medium
C05329,660,2452.04,Kolkata,high
C05330,835,578.28,Kolkata,low
C05331,857,1268.19,Hyderabad,medium
C05332,754,1525.12,Mumbai,medium
C05333,591,2126.12,Hyderabad,high
C05334,444,3909.61,Delhi,high
C05335,1497,1089.98,Chennai,medium
C05336,794,1302.27,Hyderabad,medium
C05337,905,1290.0,Kolkata,medium
C05338,1172,1069.07,Vijayawada,high
C05339,438,1436.36,Delhi,high
C05340,1060,2970.73,Ahmedabad,medium
C05341,248,907.37,Bengaluru,low
C05342,358,2377.06,Pune,high
C05343,1012,595.44,Visakhapatnam,medium
C05344,124,1249.72,Kolkata,high
C05345,1476,1452.98,Ahmedabad,low
C05346,603,5346.52,Visakhapatnam,high
C05347,798,1505.56,Hyderabad,low
C05348,144,430.41,Pune,medium
C05349,1131,490.91,Pune,medium
C05350,612,1840.26,Bengaluru,medium
C05351,305,2682.47,Bengaluru,medium
C05352,877,2297.53,Mumbai,low
C05353,1237,2007.13,Chennai,high
C05354,439,3831.5,Vijayawada,low
C05355,927,1267.51,Delhi,medium
C05356,1202,3220.31,Vijayawada,high
C05357,563,623.12,Vijayawada,high
C05358,626,999.57,Hyderabad,low
C05359,169,556.11,Pune,medium
C05360,943,1505.52,Delhi,low
C05361,687,1746.68,Ahmedabad,low
C05362,973,1938.57,Pune,medium
C05363,437,1873.88,Chennai,medium
C05364,1266,984.99,Hyderabad,low
C05365,274,1590.63,Kolkata,medium
C05366,841,680.07,Ahmedabad,low
C05367,1112,4366.17,Hyderabad,high
C05368,794,1477.62,Hyderabad,high
C05369,925,1309.98,Hyderabad,high
C05370,699,5056.11,Vijayawada,medium
C05371,608,802.78,Visakhapatnam,medium
C05372,1329,866.02,Bengaluru,high
C05373,184,882.71,Visakhapatnam,low
C05374,1173,1722.32,Bengaluru,high
C05375,354,2382.97,Vijayawada,low
C05376,1205,2911.23,Ahmedabad,high
C05377,1361,9579.1,Delhi,low
C05378,1430,417.14,Kolkata,medium
C05379,983,2673.7,Ahmedabad,high
C05380,341,1253.14,Pune,low
C05381,402,1229.51,Visakhapatnam,medium
C05382,959,1203.14,Vijayawada,high
C05383,915,997.09,Hyderabad,medium
C05384,1207,5380.21,Chennai,low
C05385,1307,3112.04,Kolkata,low
C05386,47,1827.34,Delhi,medium
C05387,904,4331.64,Mumbai,medium
C05388,486,673.44,Visakhapatnam,high
C05389,698,757.92,Vijayawada,medium
C05390,1368,436.97,Delhi,high
C05391,756,1142.44,Visakhapatnam,low
C05392,416,1999.49,Mumbai,low
C05393,661,1924.46,Mumbai,low
C05394,83,1983.49,Vijayawada,high
C05395,110,719.36,Mumbai,high
C05396,743,3033.86,Bengaluru,medium
C05397,675,2103.38,Delhi,high
C05398,457,2898.73,Delhi,medium
C05399,364,525.97,Kolkata,medium
C05400,507,2203.96,Delhi,medium
C05401,85,831.72,Mumbai,medium
C05402,282,1390.31,Kolkata,low
C05403,939,2547.53,Delhi,medium
C05404,130,1909.8,Ahmedabad,medium
C05405,847,1034.88,Delhi,low
C05406,809,1807.35,Visakhapatnam,low
C05407,220,665.17,Mumbai,high
C05408,1214,3801.75,Vijayawada,low
C05409,363,1575.15,Delhi,low
C05410,1031,3724.17,Visakhapatnam,medium
C05411,678,1278.31,Kolkata,low
C05412,460,1280.77,Bengaluru,high
C05413,766,1095.34,Ahmedabad,medium
C05414,1071,3181.33,Bengaluru,medium
C05415,63,1135.03,Hyderabad,medium
C05416,890,2736.76,Kolkata,low
C05417,756,1403.81,Pune,medium
C05418,163,498.28,Kolkata,high
C05419,645,1242.45,Delhi,high
C05420,202,836.41,Kolkata,medium
C05421,62,1840.11,Chennai,high
C05422,1355,830.29,Pune,low
C05423,318,3286.0,Delhi,low
C05424,1186,1696.53,Hyderabad,low
C05425,1092,1603.76,Mumbai,low
C05426,1453,2756.93,Ahmedabad,low
C05427,155,3368.02,Visakhapatnam,low
C05428,1383,1776.64,Chennai,medium
C05429,1294,1090.36,Kolkata,low
C05430,888,568.19,Mumbai,low
C05431,1092,1152.41,Mumbai,high
C05432,1399,1205.14,Mumbai,medium
C05433,254,1929.72,Mumbai,low
C05434,1048,1438.27,Delhi,medium
C05435,856,2814.95,Pune,medium
C05436,1303,1208.46,Pune,low
C05437,82,1734.48,Pune,low
C05438,993,3885.99,Hyderabad,high
C05439,325,2247.85,Kolkata,low
C05440,1134,1731.11,Kolkata,high
C05441,1105,1217.16,Mumbai,low
C05442,235,1192.66,Hyderabad,medium
C05443,486,1035.5,Bengaluru,medium
C05444,165,1266.34,Bengaluru,medium
C05445,981,2941.65,Kolkata,high
C05446,931,1558.24,Mumbai,high
C05447,1334,748.59,Hyderabad,medium
C05448,1005,5680.83,Ahmedabad,medium
C05449,292,2216.13,Pune,high
C05450,1135,721.28,Pune,high
C05451,1398,1350.65,Bengaluru,medium
C05452,1039,1934.53,Visakhapatnam,low
C05453,287,5450.85,Delhi,high
C05454,295,875.91,Mumbai,low
C05455,1380,3394.69,Bengaluru,high
C05456,224,4470.29,Kolkata,medium
C05457,1289,1196.21,Bengaluru,low
C05458,493,1502.91,Chennai,low
C05459,1380,917.76,Chennai,medium
C05460,1485,1577.02,Ahmedabad,high
C05461,1239,1757.69,Vijayawada,high
C05462,1212,2763.67,Chennai,low
C05463,701,3656.13,Kolkata,medium
C05464,1384,1106.86,Mumbai,high
C05465,100,501.09,Kolkata,high
C05466,128,1775.31,Delhi,low
C05467,59,2178.39,Mumbai,high
C05468,99,2116.81,Delhi,low
C05469,842,1455.64,Pune,low
C05470,1201,1952.04,Ahmedabad,medium
C05471,734,4820.25,Delhi,high
C05472,1212,2306.92,Kolkata,medium
C05473,469,1412.13,Ahmedabad,high
C05474,568,1300.38,Vijayawada,medium
C05475,271,1611.85,Chennai,high
C05476,1083,5215.67,Pune,medium
C05477,411,1597.82,Chennai,medium
C05478,1028,1776.99,Vijayawada,medium
C05479,1388,1315.59,Bengaluru,high
C05480,731,3677.11,Vijayawada,medium
C05481,159,6434.54,Pune,medium
C05482,1345,2412.55,Hyderabad,high
C05483,288,1899.5,Bengaluru,low
C05484,966,1843.55,Bengaluru,low
C05485,1157,382.12,Chennai,low
C05486,741,2921.61,Chennai,medium
C05487,923,1964.02,Vijayawada,low
C05488,1063,2377.88,Mumbai,medium
C05489,1076,1133.53,Delhi,low
C05490,1423,1401.99,Delhi,low
C05491,436,1377.98,Pune,high
C05492,1260,3496.78,Mumbai,high
C05493,1116,1407.19,Vijayawada,low
C05494,1121,6969.31,Pune,high
C05495,501,2381.78,Vijayawada,low
C05496,796,785.52,Mumbai,low
C05497,1423,1655.71,Mumbai,high
C05498,1329,1178.45,Visakhapatnam,low
C05499,1496,432.33,Mumbai,high
C05500,1278,5090.84,Kolkata,low
C05501,600,2842.91,Hyderabad,medium
C05502,637,2545.61,Kolkata,high
C05503,892,2004.31,Ahmedabad,medium
C05504,689,733.06,Mumbai,high
C05505,644,1314.47,Hyderabad,low
C05506,544,3111.0,Vijayawada,high
C05507,668,908.91,Delhi,high
C05508,1285,347.2,Visakhapatnam,low
C05509,151,1552.97,Kolkata,low
C05510,324,1641.56,Ahmedabad,low
C05511,526,1965.81,Kolkata,low
C05512,1353,2890.19,Kolkata,medium
C05513,1241,2724.35,Delhi,low
C05514,747,2129.71,Bengaluru,low
C05515,595,3915.26,Mumbai,medium
C05516,282,670.63,Visakhapatnam,high
C05517,340,2498.69,Delhi,medium
C05518,321,2704.82,Chennai,medium
C05519,52,804.18,Bengaluru,high
C05520,667,677.68,Vijayawada,low
C05521,1317,1108.41,Visakhapatnam,medium
C05522,505,1170.91,Ahmedabad,medium
C05523,285,2937.35,Vijayawada,high
C05524,1279,1207.24,Ahmedabad,low
C05525,174,1031.65,Pune,medium
C05526,113,1209.52,Kolkata,medium
C05527,261,3724.37,Ahmedabad,medium
C05528,1228,1815.33,Mumbai,high
C05529,1446,1602.03,Ahmedabad,medium
C05530,490,1675.79,Vijayawada,low
C05531,211,4168.79,Visakhapatnam,high
C05532,772,1106.08,Delhi,high
C05533,1042,4232.81,Kolkata,medium
C05534,146,2063.92,Bengaluru,medium
C05535,594,1621.76,Chennai,high
C05536,1070,9146.51,Pune,medium
C05537,1395,906.31,Chennai,medium
C05538,200,1430.31,Hyderabad,low
C05539,1490,807.92,Ahmedabad,low
C05540,1229,3343.06,Ahmedabad,low
C05541,1240,5396.55,Kolkata,high
C05542,574,5329.39,Bengaluru,high
C05543,1029,3988.25,Vijayawada,high
C05544,1188,1583.02,Kolkata,high
C05545,1092,1419.61,Kolkata,low
C05546,1262,607.46,Bengaluru,high
C05547,1346,6760.55,Bengaluru,high
C05548,224,2441.52,Bengaluru,low
C05549,768,1307.37,Visakhapatnam,high
C05550,1482,4267.48,Visakhapatnam,medium
C05551,836,956.47,Hyderabad,medium
C05552,1355,2344.54,Ahmedabad,medium
C05553,1204,1608.94,Vijayawada,low
C05554,846,2726.25,Kolkata,high
C05555,82,1727.13,Delhi,high
C05556,400,700.95,Hyderabad,high
C05557,703,1890.63,Bengaluru,medium
C05558,874,3559.24,Hyderabad,high
C05559,965,1766.14,Chennai,medium
C05560,1428,2979.07,Pune,medium
C05561,539,912.28,Chennai,medium
C05562,127,1769.54,Pune,medium
C05563,1461,1199.44,Chennai,low
C05564,458,2925.09,Vijayawada,high
C05565,1357,1837.22,Pune,high
C05566,851,2818.87,Pune,low
C05567,1053,3650.26,Bengaluru,medium
C05568,750,2821.7,Visakhapatnam,high
C05569,496,2149.67,Pune,medium
C05570,237,940.77,Bengaluru,high
C05571,861,1796.74,Pune,high
C05572,1048,1272.87,Mumbai,medium
C05573,444,1439.28,Chennai,high
C05574,1024,1411.06,Pune,medium
C05575,926,952.02,Pune,low
C05576,375,504.35,Pune,low
C05577,258,1165.9,Delhi,high
C05578,665,2041.09,Vijayawada,high
C05579,1345,749.37,Vijayawada,medium
C05580,1176,1818.44,Vijayawada,low
C05581,845,6190.16,Visakhapatnam,high
C05582,185,3500.04,Delhi,low
C05583,215,5238.78,Visakhapatnam,high
C05584,858,2321.05,Chennai,low
C05585,1496,3844.59,Pune,high
C05586,754,1124.36,Kolkata,low
C05587,818,1184.08,Bengaluru,high
C05588,631,303.41,Visakhapatnam,high
C05589,198,3891.45,Pune,low
C05590,936,4898.83,Hyderabad,low
C05591,1152,1256.36,Mumbai,high
C05592,590,1526.1,Hyderabad,medium
C05593,489,1102.72,Delhi,low
C05594,492,2308.3,Ahmedabad,high
C05595,472,3739.65,Mumbai,low
C05596,637,579.83,Delhi,low
C05597,1283,2348.84,Ahmedabad,medium
C05598,878,1503.73,Vijayawada,high
C05599,1193,1937.68,Delhi,medium
C05600,411,2425.73,Vijayawada,high
C05601,848,1592.74,Visakhapatnam,medium
C05602,565,1682.79,Pune,medium
C05603,913,1566.38,Pune,medium
C05604,510,3382.08,Pune,high
C05605,761,2363.11,Bengaluru,high
C05606,305,2077.5,Pune,high
C05607,535,787.94,Vijayawada,high
C05608,293,1407.35,Bengaluru,high
C05609,1480,3228.19,Ahmedabad,high
C05610,672,1844.65,Bengaluru,high
C05611,496,2763.46,Pune,high
C05612,1467,5674.71,Vijayawada,low
C05613,982,3535.59,Chennai,high
C05614,138,1912.36,Ahmedabad,high
C05615,926,1291.29,Ahmedabad,high
C05616,923,342.32,Bengaluru,low
C05617,75,1613.39,Vijayawada,medium
C05618,1174,1456.27,Hyderabad,medium
C05619,1006,2319.9,Mumbai,low
C05620,1426,1628.64,Pune,low
C05621,595,1461.61,Visakhapatnam,medium
C05622,86,566.19,Visakhapatnam,medium
C05623,912,977.07,Mumbai,medium
C05624,470,2453.73,Ahmedabad,medium
C05625,1132,5491.09,Chennai,medium
C05626,506,1689.44,Visakhapatnam,high
C05627,863,2227.46,Mumbai,high
C05628,1425,3343.1,Visakhapatnam,medium
C05629,43,1062.59,Visakhapatnam,low
C05630,1488,2284.66,Pune,high
C05631,275,1112.34,Bengaluru,high
C05632,160,3157.95,Vijayawada,medium
C05633,360,1986.15,Delhi,low
C05634,1261,2185.36,Mumbai,low
C05635,90,1082.31,Ahmedabad,high
C05636,274,2850.11,Pune,low
C05637,222,6978.61,Kolkata,high
C05638,1465,934.86,Kolkata,medium
C05639,810,1443.32,Ahmedabad,low
C05640,733,2092.44,Mumbai,low
C05641,667,3001.02,Pune,low
C05642,1478,1251.17,Kolkata,medium
C05643,1053,285.45,Bengaluru,low
C05644,563,4354.72,Kolkata,low
C05645,494,2950.92,Pune,high
C05646,1326,579.77,Bengaluru,medium
C05647,955,1212.72,Bengaluru,high
C05648,557,4988.35,Hyderabad,high
C05649,154,4612.89,Vijayawada,low
C05650,1428,3313.16,Pune,low
C05651,375,1605.3,Hyderabad,high
C05652,55,1899.76,Hyderabad,medium
C05653,817,1653.15,Chennai,low
C05654,1193,3747.7,Visakhapatnam,medium
C05655,172,1018.66,Mumbai,low
C05656,1333,1066.11,Visakhapatnam,medium
C05657,402,3471.08,Vijayawada,low
C05658,737,1748.84,Bengaluru,high
C05659,346,4409.63,Visakhapatnam,medium
C05660,1205,1163.35,Mumbai,medium
C05661,1476,1737.04,Mumbai,high
C05662,334,988.29,Ahmedabad,low
C05663,1304,1808.63,Hyderabad,high
C05664,276,688.48,Chennai,medium
C05665,250,1311.05,Pune,high
C05666,399,707.67,Visakhapatnam,high
C05667,372,2825.93,Bengaluru,medium
C05668,425,2867.87,Visakhapatnam,low
C05669,1285,584.57,Pune,medium
C05670,1378,4283.68,Vijayawada,medium
C05671,947,9125.81,Bengaluru,high
C05672,1165,1854.64,Bengaluru,medium
C05673,534,1186.56,Pune,low
C05674,520,11286.43,Ahmedabad,low
C05675,857,763.73,Hyderabad,medium
C05676,150,1823.68,Ahmedabad,high
C05677,1479,2022.92,Visakhapatnam,low
C05678,1094,4315.15,Bengaluru,high
C05679,1371,2274.17,Pune,high
C05680,1183,1301.7,Visakhapatnam,high
C05681,1119,969.98,Vijayawada,medium
C05682,1148,1441.38,Delhi,medium
C05683,686,935.46,Mumbai,medium
C05684,435,1856.83,Chennai,high
C05685,903,1247.4,Kolkata,medium
C05686,802,681.58,Bengaluru,medium
C05687,78,4069.95,Ahmedabad,low
C05688,688,1302.52,Vijayawada,medium
C05689,1278,789.38,Kolkata,medium
C05690,1049,1613.52,Chennai,high
C05691,1461,1881.8,Hyderabad,high
C05692,115,578.44,Delhi,low
C05693,658,2233.03,Visakhapatnam,high
C05694,1199,911.32,Vijayawada,low
C05695,1342,5473.7,Pune,high
C05696,128,2530.36,Vijayawada,low
C05697,126,1387.98,Chennai,medium
C05698,415,1108.97,Pune,high
C05699,137,1681.28,Kolkata,high
C05700,1071,2680.76,Vijayawada,low
C05701,1071,1770.42,Pune,high
C05702,1461,1563.04,Hyderabad,low
C05703,232,1869.61,Ahmedabad,low
C05704,483,1215.65,Pune,low
C05705,1492,1440.09,Delhi,medium
C05706,453,463.95,Visakhapatnam,high
C05707,1285,3389.59,Hyderabad,low
C05708,811,2185.85,Delhi,high
C05709,268,1088.76,Chennai,low
C05710,522,6183.99,Pune,low
C05711,828,1904.74,Delhi,medium
C05712,853,917.86,Hyderabad,low
C05713,320,3141.39,Visakhapatnam,low
C05714,1303,2331.51,Chennai,medium
C05715,1423,2326.26,Visakhapatnam,high
C05716,1312,1364.85,Chennai,low
C05717,1368,2412.37,Chennai,medium
C05718,1443,1518.38,Hyderabad,medium
C05719,877,2583.51,Kolkata,medium
C05720,418,521.82,Ahmedabad,medium
C05721,1259,1357.67,Hyderabad,high
C05722,1448,5513.43,Kolkata,low
C05723,1455,1093.29,Ahmedabad,low
C05724,1387,1215.67,Delhi,low
C05725,1335,1345.29,Bengaluru,low
C05726,355,817.23,Ahmedabad,low
C05727,405,428.44,Vijayawada,medium
C05728,372,1549.46,Chennai,high
C05729,1494,1966.19,Kolkata,medium
C05730,1128,1739.61,Chennai,medium
C05731,1197,1638.23,Chennai,low
C05732,274,1851.07,Kolkata,low
C05733,207,3499.55,Vijayawada,medium
C05734,441,1590.42,Mumbai,high
C05735,103,1239.41,Ahmedabad,medium
C05736,253,1499.39,Bengaluru,low
C05737,107,2623.11,Kolkata,low
C05738,201,4506.88,Bengaluru,low
C05739,922,1196.61,Visakhapatnam,medium
C05740,927,1919.56,Mumbai,medium
C05741,1252,2242.79,Hyderabad,high
C05742,1061,944.23,Delhi,low
C05743,681,1824.05,Hyderabad,high
C05744,59,694.27,Mumbai,medium
C05745,543,570.01,Mumbai,medium
C05746,976,2284.56,Delhi,high
C05747,145,1402.52,Kolkata,medium
C05748,343,2052.93,Chennai,high
C05749,160,1779.18,Delhi,low
C05750,1314,954.21,Delhi,medium
C05751,1377,1747.82,Ahmedabad,low
C05752,932,807.57,Bengaluru,low
C05753,1262,4445.62,Vijayawada,medium
C05754,1170,745.58,Mumbai,low
C05755,1150,1584.91,Pune,low
C05756,258,914.21,Bengaluru,medium
C05757,1090,2607.94,Vijayawada,low
C05758,1296,1451.15,Mumbai,high
C05759,688,1284.86,Pune,low
C05760,323,3134.18,Bengaluru,high
C05761,508,1834.77,Hyderabad,medium
C05762,37,2518.35,Visakhapatnam,low
C05763,823,951.16,Visakhapatnam,low
C05764,489,722.28,Hyderabad,high
C05765,1147,1929.91,Bengaluru,low
C05766,1358,1463.07,Ahmedabad,high
C05767,1350,2704.64,Kolkata,medium
C05768,1434,1708.89,Visakhapatnam,medium
C05769,950,2056.66,Delhi,high
C05770,1034,626.62,Visakhapatnam,medium
C05771,736,6142.74,Ahmedabad,medium
C05772,343,1617.74,Ahmedabad,high
C05773,767,2832.67,Delhi,low
C05774,617,1045.32,Mumbai,medium
C05775,556,2198.98,Mumbai,medium
C05776,72,771.77,Kolkata,medium
C05777,324,2414.83,Hyderabad,medium
C05778,870,1428.18,Vijayawada,low
C05779,853,1834.48,Mumbai,high
C05780,752,2833.38,Delhi,medium
C05781,892,807.86,Kolkata,medium
C05782,956,1153.58,Ahmedabad,medium
C05783,979,2423.1,Pune,medium
C05784,697,7040.16,Kolkata,low
C05785,1115,1645.48,Delhi,low
C05786,474,2643.29,Delhi,high
C05787,428,1679.1,Visakhapatnam,medium
C05788,978,6361.39,Vijayawada,medium
C05789,797,578.16,Chennai,low
C05790,834,1914.18,Mumbai,medium
C05791,252,625.74,Vijayawada,high
C05792,956,352.93,Chennai,high
C05793,874,2183.95,Hyderabad,low
C05794,474,1970.84,Pune,high
C05795,350,1495.77,Kolkata,high
C05796,914,1679.94,Mumbai,medium
C05797,78,13486.39,Delhi,medium
C05798,1192,1521.92,Mumbai,medium
C05799,1423,2507.7,Visakhapatnam,low
C05800,1343,1180.22,Kolkata,high
C05801,435,2180.79,Mumbai,medium
C05802,678,1541.78,Ahmedabad,low
C05803,297,1378.44,Ahmedabad,medium
C05804,1280,5871.27,Visakhapatnam,high
C05805,1316,3868.85,Hyderabad,high
C05806,228,1967.32,Bengaluru,low
C05807,73,402.54,Hyderabad,low
C05808,708,1423.52,Bengaluru,medium
C05809,760,10430.71,Delhi,high
C05810,338,1549.38,Delhi,medium
C05811,165,3687.24,Pune,high
C05812,676,4595.37,Visakhapatnam,medium
C05813,1002,2075.32,Pune,high
C05814,388,1041.44,Chennai,medium
C05815,237,369.66,Vijayawada,low
C05816,341,2808.06,Mumbai,medium
C05817,272,1059.92,Vijayawada,high
C05818,869,2018.36,Mumbai,high
C05819,1161,798.84,Ahmedabad,high
C05820,605,1514.95,Delhi,low
C05821,1389,1839.89,Mumbai,medium
C05822,228,2143.36,Hyderabad,low
C05823,810,872.1,Ahmedabad,medium
C05824,1006,3918.77,Mumbai,low
C05825,1230,1221.16,Pune,medium
C05826,1227,606.16,Visakhapatnam,low
C05827,946,1676.86,Hyderabad,medium
C05828,1405,1840.67,Visakhapatnam,medium
C05829,725,1998.05,Bengaluru,medium
C05830,171,4363.06,Mumbai,low
C05831,1308,1543.57,Chennai,high
C05832,836,1665.35,Mumbai,low
C05833,1399,878.73,Delhi,high
C05834,686,3068.37,Chennai,high
C05835,200,2029.09,Pune,high
C05836,1043,1369.94,Hyderabad,high
C05837,1238,521.91,Kolkata,low
C05838,777,4602.75,Chennai,low
C05839,1081,810.42,Chennai,high
C05840,78,1225.63,Ahmedabad,medium
C05841,371,2272.11,Hyderabad,high
C05842,519,826.98,Chennai,medium
C05843,949,681.82,Kolkata,medium
C05844,112,452.59,Chennai,high
C05845,1374,2876.1,Ahmedabad,high
C05846,194,1262.91,Pune,high
C05847,94,12067.46,Mumbai,high
C05848,51,943.14,Visakhapatnam,low
C05849,649,988.91,Kolkata,low
C05850,992,1246.43,Kolkata,medium
C05851,103,2108.18,Chennai,high
C05852,798,1325.98,Pune,medium
C05853,1079,2679.96,Kolkata,medium
C05854,1478,952.85,Pune,low
C05855,739,733.27,Chennai,high
C05856,425,559.31,Ahmedabad,medium
C05857,576,424.21,Bengaluru,medium
C05858,1405,1285.36,Bengaluru,high
C05859,682,1480.16,Vijayawada,low
C05860,77,1194.05,Mumbai,low
C05861,527,4039.01,Bengaluru,low
C05862,794,3998.85,Bengaluru,low
C05863,1201,1447.97,Delhi,low
C05864,184,560.87,Hyderabad,high
C05865,57,1245.36,Pune,high
C05866,174,1218.84,Mumbai,high
C05867,1312,1174.27,Ahmedabad,high
C05868,707,1143.7,Bengaluru,high
C05869,279,1177.08,Hyderabad,high
C05870,314,1400.09,Delhi,high
C05871,196,1190.87,Mumbai,low
C05872,1500,2061.01,Bengaluru,low
C05873,916,2275.11,Delhi,low
C05874,132,995.88,Bengaluru,medium
C05875,686,4112.29,Vijayawada,low
C05876,1004,951.94,Delhi,high
C05877,1044,628.9,Visakhapatnam,high
C05878,411,2305.49,Ahmedabad,medium
C05879,1414,1058.1,Visakhapatnam,low
C05880,936,2218.04,Mumbai,high
C05881,42,377.34,Bengaluru,low
C05882,434,4449.91,Chennai,low
C05883,1140,2786.48,Visakhapatnam,low
C05884,1463,678.74,Bengaluru,high
C05885,185,688.38,Delhi,low
C05886,688,5337.51,Delhi,low
C05887,838,1114.59,Visakhapatnam,medium
C05888,1261,1046.62,Kolkata,high
C05889,1341,412.65,Chennai,low
C05890,903,1433.02,Chennai,medium
C05891,523,1552.35,Vijayawada,low
C05892,1371,2865.83,Chennai,medium
C05893,360,724.98,Bengaluru,low
C05894,158,670.05,Ahmedabad,medium
C05895,153,2413.1,Visakhapatnam,medium
C05896,193,3463.09,Ahmedabad,low
C05897,1411,648.26,Bengaluru,medium
C05898,1234,3635.59,Pune,high
C05899,1424,1844.46,Visakhapatnam,high
C05900,164,3659.99,Visakhapatnam,medium
C05901,683,1719.69,Ahmedabad,medium
C05902,1013,349.35,Pune,medium
C05903,644,1630.7,Ahmedabad,medium
C05904,1148,3585.44,Delhi,low
C05905,1232,1006.88,Mumbai,low
C05906,1444,1398.79,Pune,medium
C05907,982,1605.28,Ahmedabad,medium
C05908,855,273.38,Ahmedabad,medium
C05909,956,5334.33,Mumbai,low
C05910,819,1001.89,Kolkata,low
C05911,315,2500.56,Pune,medium
C05912,1324,1701.37,Mumbai,medium
C05913,778,4076.5,Hyderabad,medium
C05914,1385,2343.68,Mumbai,low
C05915,1244,1545.1,Mumbai,low
C05916,224,1007.03,Hyderabad,medium
C05917,997,3023.42,Mumbai,medium
C05918,720,532.62,Delhi,low
C05919,1048,2739.06,Kolkata,low
C05920,651,881.09,Vijayawada,medium
C05921,496,4062.39,Delhi,medium
C05922,1272,1998.97,Ahmedabad,medium
C05923,921,2735.92,Mumbai,medium
C05924,1393,1898.53,Hyderabad,medium
C05925,247,576.22,Bengaluru,medium
C05926,1475,1028.72,Ahmedabad,high
C05927,622,2786.65,Mumbai,low
C05928,1092,2005.94,Ahmedabad,low
C05929,882,3878.43,Ahmedabad,low
C05930,660,2339.45,Mumbai,medium
C05931,1321,960.24,Chennai,high
C05932,1296,1072.88,Kolkata,high
C05933,279,1924.53,Visakhapatnam,low
C05934,1114,399.98,Chennai,medium
C05935,794,5341.59,Mumbai,medium
C05936,1187,2398.69,Ahmedabad,low
C05937,66,3996.26,Ahmedabad,medium
C05938,884,644.29,Delhi,low
C05939,698,4042.06,Delhi,medium
C05940,1328,7677.25,Ahmedabad,medium
C05941,1166,762.78,Pune,high
C05942,708,2971.89,Delhi,low
C05943,689,1801.3,Visakhapatnam,low
C05944,1480,659.62,Visakhapatnam,high
C05945,515,2479.76,Delhi,medium
C05946,1183,3094.51,Ahmedabad,low
C05947,671,1217.81,Vijayawada,low
C05948,816,3840.61,Mumbai,high
C05949,688,609.2,Bengaluru,high
C05950,1035,681.26,Ahmedabad,high
C05951,574,1967.13,Bengaluru,medium
C05952,827,1829.95,Delhi,medium
C05953,1487,1129.77,Mumbai,medium
C05954,150,3046.59,Ahmedabad,low
C05955,487,2541.79,Hyderabad,medium
C05956,759,3144.26,Visakhapatnam,medium
C05957,1180,1661.55,Mumbai,medium
C05958,685,2663.03,Ahmedabad,medium
C05959,1268,1347.32,Vijayawada,low
C05960,1352,6839.87,Delhi,high
C05961,1269,1061.45,Bengaluru,medium
C05962,154,7072.61,Delhi,high
C05963,1062,1841.29,Chennai,low
C05964,800,736.17,Kolkata,high
C05965,52,4379.95,Chennai,medium
C05966,448,1953.5,Mumbai,medium
C05967,81,3129.95,Hyderabad,high
C05968,1348,3988.01,Kolkata,low
C05969,784,2242.2,Ahmedabad,low
C05970,944,1224.86,Kolkata,high
C05971,351,3393.97,Visakhapatnam,medium
C05972,673,1800.88,Bengaluru,medium
C05973,963,2811.15,Chennai,low
C05974,1476,443.91,Visakhapatnam,medium
C05975,613,2406.86,Mumbai,high
C05976,293,1188.52,Pune,low
C05977,283,5272.15,Hyderabad,medium
C05978,1161,2698.76,Ahmedabad,medium
C05979,320,2103.69,Pune,high
C05980,798,2469.19,Vijayawada,low
C05981,1317,940.64,Kolkata,high
C05982,693,5170.16,Kolkata,low
C05983,698,6567.79,Visakhapatnam,low
C05984,1348,2323.75,Chennai,medium
C05985,1188,5060.92,Visakhapatnam,low
C05986,1077,1243.39,Hyderabad,high
C05987,1498,1072.15,Mumbai,medium
C05988,160,1848.52,Bengaluru,low
C05989,340,2388.1,Bengaluru,high
C05990,364,1393.33,Delhi,low
C05991,767,2553.17,Pune,medium
C05992,196,2196.66,Kolkata,medium
C05993,172,940.72,Ahmedabad,medium
C05994,1146,2521.87,Hyderabad,high
C05995,882,3155.29,Kolkata,high
C05996,347,2012.23,Vijayawada,low
C05997,454,3807.63,Ahmedabad,low
C05998,266,815.85,Chennai,low
C05999,520,2439.89,Hyderabad,high
C06000,1429,841.23,Vijayawada,low
C06001,137,872.52,Delhi,medium
C06002,116,1194.44,Hyderabad,low
C06003,506,975.75,Mumbai,low
C06004,1055,1260.6,Pune,medium
C06005,823,1566.1,Kolkata,low
C06006,1074,3101.66,Chennai,medium
C06007,78,1460.87,Kolkata,high
C06008,169,642.19,Hyderabad,low
C06009,1237,3776.63,Hyderabad,low
C06010,500,1044.65,Visakhapatnam,medium
C06011,44,1732.59,Pune,high
C06012,195,2406.17,Visakhapatnam,medium
C06013,1072,2049.37,Mumbai,medium
C06014,465,3665.64,Mumbai,high
C06015,45,2457.49,Visakhapatnam,medium
C06016,574,1028.33,Vijayawada,medium
C06017,1076,7417.57,Kolkata,low
C06018,442,2042.35,Visakhapatnam,medium
C06019,715,1635.61,Delhi,medium
C06020,563,3368.06,Kolkata,low
C06021,1362,2116.85,Chennai,medium
C06022,89,2333.3,Ahmedabad,high
C06023,1364,9094.83,Vijayawada,medium
C06024,449,1505.25,Mumbai,low
C06025,115,1464.1,Kolkata,low
C06026,451,1941.7,Delhi,high
C06027,641,3612.04,Delhi,high
C06028,651,676.07,Pune,medium
C06029,141,501.66,Delhi,high
C06030,546,1228.95,Delhi,high
C06031,78,622.34,Chennai,low
C06032,473,1365.67,Mumbai,medium
C06033,452,2495.31,Ahmedabad,high
C06034,825,1008.84,Pune,medium
C06035,830,712.02,Visakhapatnam,low
C06036,1036,1882.98,Ahmedabad,high
C06037,1252,3153.27,Chennai,high
C06038,538,598.13,Bengaluru,high
C06039,249,3067.73,Hyderabad,low
C06040,1298,3061.9,Hyderabad,low
C06041,591,3346.59,Hyderabad,medium
C06042,941,3974.1,Kolkata,high
C06043,1193,7531.51,Mumbai,low
C06044,139,1428.07,Pune,low
C06045,1352,1932.87,Delhi,medium
C06046,793,1373.14,Bengaluru,medium
C06047,885,1802.31,Hyderabad,medium
C06048,101,4875.17,Bengaluru,medium
C06049,320,750.91,Chennai,medium
C06050,449,1028.5,Bengaluru,high
C06051,1426,4405.94,Hyderabad,medium
C06052,387,3493.17,Hyderabad,low
C06053,206,1421.55,Delhi,medium
C06054,1217,3136.63,Vijayawada,medium
C06055,583,2246.96,Hyderabad,high
C06056,1183,4772.95,Ahmedabad,low
C06057,1446,1889.32,Mumbai,low
C06058,163,3505.9,Kolkata,high
C06059,802,10025.12,Hyderabad,low
C06060,1048,2655.28,Kolkata,medium
C06061,874,1858.65,Mumbai,low
C06062,1211,2878.81,Hyderabad,high
C06063,159,1419.57,Chennai,high
C06064,606,8499.15,Ahmedabad,low
C06065,577,2023.51,Hyderabad,high
C06066,586,1507.39,Delhi,low
C06067,1442,1045.6,Ahmedabad,low
C06068,1361,3672.89,Hyderabad,high
C06069,921,3162.8,Vijayawada,high
C06070,1030,1302.79,Delhi,high
C06071,126,2618.18,Chennai,medium
C06072,211,675.18,Visakhapatnam,medium
C06073,964,2029.96,Ahmedabad,high
C06074,365,2415.92,Pune,high
C06075,790,5460.56,Vijayawada,high
C06076,328,1090.63,Pune,high
C06077,1339,784.16,Pune,medium
C06078,386,1005.78,Visakhapatnam,medium
C06079,792,755.04,Ahmedabad,medium
C06080,628,4291.4,Mumbai,high
C06081,1042,4925.38,Vijayawada,medium
C06082,767,2216.5,Kolkata,low
C06083,1263,3981.38,Chennai,low
C06084,711,1963.76,Pune,high
C06085,985,1692.09,Ahmedabad,high
C06086,1423,1449.64,Mumbai,low
C06087,733,1471.13,Vijayawada,high
C06088,327,658.18,Visakhapatnam,medium
C06089,1136,2137.32,Mumbai,high
C06090,315,1753.42,Delhi,high
C06091,841,2922.01,Bengaluru,medium
C06092,259,1912.82,Vijayawada,high
C06093,115,1619.36,Vijayawada,low
C06094,1208,1021.74,Hyderabad,medium
C06095,1157,1886.43,Mumbai,high
C06096,494,2908.51,Pune,medium
C06097,269,856.09,Pune,high
C06098,794,1905.31,Vijayawada,medium
C06099,1101,2094.39,Kolkata,low
C06100,1211,1128.68,Pune,high
C06101,865,1228.36,Bengaluru,low
C06102,1341,2091.09,Ahmedabad,low
C06103,1451,861.62,Delhi,high
C06104,31,2259.71,Vijayawada,low
C06105,1044,1005.82,Mumbai,low
C06106,1453,3591.76,Chennai,low
C06107,861,8226.62,Chennai,low
C06108,1139,1028.7,Bengaluru,low
C06109,78,2547.27,Hyderabad,low
C06110,635,1122.33,Bengaluru,low
C06111,410,3540.99,Bengaluru,low
C06112,549,790.86,Ahmedabad,low
C06113,894,2460.02,Pune,high
C06114,855,1020.55,Hyderabad,high
C06115,1253,1573.41,Chennai,medium
C06116,824,920.92,Pune,low
C06117,652,3071.96,Kolkata,high
C06118,1237,1044.72,Ahmedabad,high
C06119,1289,2576.84,Visakhapatnam,low
C06120,1420,1439.25,Ahmedabad,low
C06121,1053,1670.93,Pune,medium
C06122,93,1981.45,Chennai,high
C06123,999,1097.02,Kolkata,high
C06124,230,2063.75,Kolkata,high
C06125,1232,4867.13,Visakhapatnam,medium
C06126,1432,1085.48,Ahmedabad,low
C06127,808,3855.36,Hyderabad,medium
C06128,207,4766.2,Ahmedabad,medium
C06129,1143,1058.96,Bengaluru,low
C06130,532,699.07,Bengaluru,medium
C06131,807,2190.35,Pune,low
C06132,1266,1261.08,Ahmedabad,low
C06133,691,6064.06,Chennai,high
C06134,1471,1841.19,Ahmedabad,low
C06135,1286,1068.61,Kolkata,low
C06136,51,853.96,Mumbai,high
C06137,1412,3655.47,Hyderabad,high
C06138,940,1241.74,Bengaluru,high
C06139,401,1852.02,Ahmedabad,medium
C06140,1457,3350.33,Visakhapatnam,medium
C06141,1127,1313.92,Hyderabad,medium
C06142,1229,1747.06,Bengaluru,high
C06143,1088,1780.72,Ahmedabad,low
C06144,955,2806.53,Chennai,low
C06145,111,2642.62,Chennai,high
C06146,708,1560.04,Kolkata,low
C06147,1436,1876.03,Mumbai,low
C06148,437,1413.59,Ahmedabad,medium
C06149,540,688.9,Hyderabad,medium
C06150,1369,2128.1,Mumbai,medium
C06151,119,6157.75,Chennai,low
C06152,487,1013.46,Pune,high
C06153,1225,1089.06,Ahmedabad,low
C06154,1491,1022.05,Ahmedabad,high
C06155,267,2882.83,Bengaluru,low
C06156,315,2409.22,Mumbai,high
C06157,1269,1623.75,Visakhapatnam,low
C06158,927,991.11,Ahmedabad,medium
C06159,1461,1911.39,Kolkata,low
C06160,1480,651.02,Vijayawada,high
C06161,784,1975.88,Vijayawada,low
C06162,887,3171.73,Ahmedabad,low
C06163,601,798.12,Kolkata,high
C06164,1467,664.75,Kolkata,low
C06165,163,5024.98,Bengaluru,medium
C06166,1391,1209.42,Pune,medium
C06167,851,3766.52,Vijayawada,low
C06168,311,1628.55,Bengaluru,low
C06169,361,1620.15,Bengaluru,high
C06170,412,2393.5,Delhi,medium
C06171,1381,1013.27,Vijayawada,medium
C06172,1171,1961.89,Chennai,medium
C06173,166,1404.69,Mumbai,high
C06174,876,762.97,Bengaluru,high
C06175,111,2241.51,Delhi,low
C06176,331,1516.85,Chennai,low
C06177,1466,1625.35,Kolkata,low
C06178,791,819.7,Hyderabad,high
C06179,54,5064.2,Bengaluru,high
C06180,1393,3182.45,Chennai,high
C06181,1116,3368.57,Hyderabad,medium
C06182,310,1475.87,Pune,low
C06183,1013,584.98,Delhi,low
C06184,1389,6405.67,Ahmedabad,medium
C06185,1010,1729.92,Delhi,low
C06186,383,1106.35,Kolkata,high
C06187,1327,2360.11,Vijayawada,low
C06188,329,3843.62,Mumbai,high
C06189,327,1773.23,Bengaluru,medium
C06190,1081,4132.41,Bengaluru,high
C06191,367,3639.1,Delhi,high
C06192,876,894.17,Pune,low
C06193,567,1161.63,Kolkata,low
C06194,914,3354.11,Hyderabad,medium
C06195,838,308.69,Hyderabad,low
C06196,1405,1633.36,Pune,medium
C06197,951,710.17,Visakhapatnam,low
C06198,290,1320.52,Ahmedabad,high
C06199,1073,1482.24,Kolkata,high
C06200,1331,1426.08,Mumbai,low
C06201,1256,1257.11,Vijayawada,medium
C06202,1048,882.18,Bengaluru,medium
C06203,1258,7984.71,Hyderabad,medium
C06204,165,6059.56,Vijayawada,low
C06205,1472,845.73,Mumbai,high
C06206,111,5033.74,Pune,medium
C06207,835,1388.38,Chennai,medium
C06208,1361,1957.68,Pune,medium
C06209,1126,1727.47,Visakhapatnam,medium
C06210,661,1172.28,Ahmedabad,high
C06211,1028,3411.97,Kolkata,high
C06212,1237,1953.48,Vijayawada,high
C06213,1269,1320.52,Visakhapatnam,high
C06214,1205,770.9,Mumbai,medium
C06215,720,1006.97,Bengaluru,high
C06216,1032,619.33,Pune,high
C06217,1088,1814.36,Visakhapatnam,high
C06218,158,826.92,Chennai,high
C06219,579,1514.63,Chennai,medium
C06220,1247,4385.72,Vijayawada,low
C06221,671,3924.86,Pune,low
C06222,1189,1762.63,Delhi,medium
C06223,657,1700.94,Delhi,medium
C06224,1090,6108.65,Kolkata,medium
C06225,570,2525.09,Visakhapatnam,medium
C06226,1401,1454.57,Delhi,high
C06227,315,712.39,Chennai,low
C06228,1437,2325.2,Pune,high
C06229,1141,3085.91,Vijayawada,medium
C06230,448,1193.89,Ahmedabad,high
C06231,1095,2175.09,Mumbai,low
C06232,626,1421.15,Delhi,low
C06233,1254,1597.06,Pune,low
C06234,1356,357.26,Ahmedabad,medium
C06235,533,1558.35,Kolkata,medium
C06236,1498,3380.0,Chennai,high
C06237,970,1194.08,Vijayawada,medium
C06238,329,1862.52,Chennai,high
C06239,177,1101.22,Chennai,low
C06240,801,2275.21,Vijayawada,medium
C06241,36,1563.69,Bengaluru,low
C06242,551,977.54,Ahmedabad,medium
C06243,1157,4279.97,Visakhapatnam,medium
C06244,1076,3292.32,Visakhapatnam,medium
C06245,437,1214.82,Chennai,low
C06246,905,2487.68,Ahmedabad,high
C06247,251,2552.58,Ahmedabad,medium
C06248,822,2732.68,Pune,low
C06249,316,598.41,Mumbai,low
C06250,770,3462.81,Hyderabad,low
C06251,173,1242.94,Chennai,low
C06252,1153,1426.46,Vijayawada,medium
C06253,290,9998.25,Bengaluru,high
C06254,1436,2190.23,Kolkata,low
C06255,111,1400.29,Visakhapatnam,low
C06256,50,429.28,Bengaluru,medium
C06257,1308,4442.13,Chennai,medium
C06258,910,750.81,Delhi,low
C06259,481,937.58,Visakhapatnam,high
C06260,1198,1451.22,Chennai,high
C06261,754,4519.74,Delhi,low
C06262,77,2975.44,Vijayawada,high
C06263,678,1624.49,Delhi,low
C06264,814,2199.38,Delhi,high
C06265,1292,1218.4,Hyderabad,low
C06266,216,1971.04,Visakhapatnam,high
C06267,1287,1887.88,Chennai,medium
C06268,285,3378.69,Bengaluru,low
C06269,862,3375.19,Delhi,low
C06270,971,2481.52,Visakhapatnam,low
C06271,385,1422.28,Delhi,medium
C06272,249,2915.3,Hyderabad,low
C06273,1404,1695.55,Chennai,medium
C06274,1217,890.96,Visakhapatnam,medium
C06275,943,1384.93,Delhi,low
C06276,235,1901.66,Bengaluru,medium
C06277,1489,3252.51,Ahmedabad,medium
C06278,337,1597.59,Kolkata,high
C06279,808,820.21,Hyderabad,high
C06280,586,1867.63,Delhi,high
C06281,1036,1937.76,Kolkata,high
C06282,731,2031.11,Pune,low
C06283,1052,3272.99,Vijayawada,high
C06284,824,3490.65,Ahmedabad,high
C06285,450,1223.3,Pune,low
C06286,1470,1205.98,Bengaluru,high
C06287,1461,915.45,Kolkata,low
C06288,857,2834.93,Delhi,low
C06289,673,4615.96,Pune,medium
C06290,591,1466.65,Delhi,high
C06291,625,1538.58,Delhi,medium
C06292,1259,4670.17,Ahmedabad,low
C06293,1435,2500.27,Visakhapatnam,low
C06294,1351,2390.11,Bengaluru,medium
C06295,1490,830.02,Hyderabad,medium
C06296,1200,2798.15,Pune,medium
C06297,810,983.98,Hyderabad,medium
C06298,923,861.29,Ahmedabad,medium
C06299,213,1436.75,Kolkata,medium
C06300,743,1230.01,Delhi,medium
C06301,780,1558.54,Chennai,medium
C06302,353,705.5,Mumbai,low
C06303,1229,3356.9,Vijayawada,high
C06304,1117,3746.35,Delhi,low
C06305,811,507.64,Pune,low
C06306,498,3400.03,Bengaluru,high
C06307,355,1062.84,Bengaluru,high
C06308,1454,3141.88,Vijayawada,low
C06309,542,1721.67,Bengaluru,high
C06310,552,1833.98,Ahmedabad,low
C06311,630,1595.96,Mumbai,medium
C06312,600,3957.73,Mumbai,low
C06313,868,804.17,Chennai,low
C06314,1096,2672.15,Bengaluru,low
C06315,218,3682.72,Visakhapatnam,low
C06316,1202,2867.41,Mumbai,medium
C06317,1152,8156.71,Ahmedabad,medium
C06318,373,1276.31,Delhi,low
C06319,430,3353.6,Visakhapatnam,high
C06320,187,1680.06,Bengaluru,low
C06321,581,4012.85,Mumbai,high
C06322,284,1791.03,Ahmedabad,high
C06323,785,1398.87,Mumbai,low
C06324,1122,4206.93,Mumbai,low
C06325,47,1307.7,Pune,low
C06326,587,718.58,Vijayawada,low
C06327,1055,1286.39,Vijayawada,low
C06328,836,2691.66,Mumbai,low
C06329,129,4448.7,Ahmedabad,low
C06330,300,1934.83,Delhi,high
C06331,782,4240.22,Visakhapatnam,medium
C06332,977,744.51,Delhi,medium
C06333,388,1349.41,Bengaluru,high
C06334,538,1492.14,Mumbai,high
C06335,1271,1670.83,Hyderabad,low
C06336,802,1901.13,Mumbai,low
C06337,618,2820.4,Ahmedabad,high
C06338,1033,1348.05,Kolkata,high
C06339,1138,1970.24,Kolkata,high
C06340,985,1747.97,Vijayawada,medium
C06341,1270,986.06,Visakhapatnam,high
C06342,859,1671.8,Chennai,high
C06343,864,1639.53,Mumbai,high
C06344,1053,1616.86,Mumbai,low
C06345,453,1837.54,Bengaluru,high
C06346,782,1890.75,Chennai,low
C06347,1267,1359.06,Kolkata,medium
C06348,799,4116.7,Chennai,medium
C06349,78,841.66,Pune,medium
C06350,436,1126.55,Hyderabad,low
C06351,921,10965.6,Mumbai,medium
C06352,1239,916.76,Mumbai,high
C06353,648,746.65,Kolkata,low
C06354,321,2901.41,Hyderabad,low
C06355,929,466.57,Chennai,medium
C06356,847,1544.74,Ahmedabad,high
C06357,982,7261.4,Pune,low
C06358,978,659.4,Mumbai,medium
C06359,135,496.34,Delhi,low
C06360,1340,679.31,Bengaluru,medium
C06361,796,3227.54,Hyderabad,medium
C06362,982,3739.27,Kolkata,high
C06363,917,1289.95,Bengaluru,high
C06364,632,2806.32,Pune,high
C06365,1159,4443.55,Ahmedabad,low
C06366,1011,5752.08,Bengaluru,medium
C06367,708,1533.68,Delhi,medium
C06368,1067,403.26,Mumbai,low
C06369,237,1055.71,Mumbai,high
C06370,1486,1363.92,Vijayawada,medium
C06371,152,1521.16,Hyderabad,high
C06372,477,1593.09,Vijayawada,medium
C06373,79,3725.0,Ahmedabad,medium
C06374,714,4121.29,Visakhapatnam,medium
C06375,740,1609.94,Visakhapatnam,medium
C06376,613,3675.91,Pune,low
C06377,1088,2271.11,Visakhapatnam,low
C06378,927,1877.08,Ahmedabad,medium
C06379,1082,3244.76,Hyderabad,high
C06380,1152,1886.55,Visakhapatnam,high
C06381,167,6857.64,Mumbai,medium
C06382,706,706.68,Ahmedabad,high
C06383,1330,1287.79,Chennai,low
C06384,321,1657.9,Delhi,low
C06385,1293,2395.11,Kolkata,medium
C06386,837,4104.0,Delhi,low
C06387,120,1771.68,Chennai,low
C06388,302,714.15,Delhi,medium
C06389,1195,3112.48,Delhi,medium
C06390,340,2940.29,Kolkata,high
C06391,1193,509.45,Chennai,low
C06392,31,1795.55,Bengaluru,low
C06393,106,640.31,Chennai,high
C06394,1018,1168.55,Bengaluru,low
C06395,989,1000.96,Mumbai,high
C06396,1040,3045.94,Bengaluru,low
C06397,1400,1942.02,Ahmedabad,medium
C06398,1293,780.48,Pune,medium
C06399,558,3189.39,Visakhapatnam,high
C06400,1152,708.8,Pune,high
C06401,1391,2230.8,Pune,high
C06402,348,1060.44,Visakhapatnam,high
C06403,1427,1419.2,Chennai,high
C06404,532,2498.18,Delhi,low
C06405,918,2526.23,Ahmedabad,medium
C06406,702,4292.27,Vijayawada,medium
C06407,1051,1706.29,Kolkata,low
C06408,1241,2196.75,Chennai,medium
C06409,248,1354.26,Mumbai,high
C06410,487,2026.03,Delhi,low
C06411,980,2395.17,Mumbai,low
C06412,1458,1688.58,Vijayawada,high
C06413,773,557.3,Kolkata,high
C06414,848,2232.77,Kolkata,high
C06415,708,2281.31,Chennai,low
C06416,526,1156.82,Mumbai,high
C06417,1015,781.09,Bengaluru,medium
C06418,146,4697.86,Kolkata,medium
C06419,915,2477.44,Mumbai,medium
C06420,999,1550.98,Hyderabad,medium
C06421,788,859.6,Bengaluru,medium
C06422,512,1055.07,Ahmedabad,medium
C06423,841,4197.42,Visakhapatnam,low
C06424,860,1968.49,Kolkata,low
C06425,616,1258.48,Delhi,high
C06426,367,2506.99,Pune,low
C06427,1254,1060.17,Pune,high
C06428,801,4774.72,Bengaluru,low
C06429,198,4336.67,Bengaluru,high
C06430,47,1329.12,Mumbai,high
C06431,907,1196.2,Ahmedabad,low
C06432,1458,328.24,Mumbai,low
C06433,34,687.12,Ahmedabad,low
C06434,96,753.62,Mumbai,medium
C06435,781,1965.33,Pune,high
C06436,1201,1456.06,Bengaluru,low
C06437,368,750.75,Chennai,medium
C06438,234,1499.35,Hyderabad,high
C06439,198,2499.91,Hyderabad,high
C06440,30,2536.75,Delhi,low
C06441,830,523.61,Ahmedabad,low
C06442,577,1656.02,Visakhapatnam,medium
C06443,1290,732.43,Vijayawada,low
C06444,1284,3234.62,Chennai,low
C06445,163,2996.61,Ahmedabad,high
C06446,562,1004.08,Mumbai,high
C06447,1463,1094.02,Vijayawada,low
C06448,1046,1333.71,Visakhapatnam,low
C06449,1441,416.23,Chennai,low
C06450,835,2239.31,Pune,high
C06451,363,1507.48,Ahmedabad,medium
C06452,764,3381.77,Vijayawada,medium
C06453,631,881.46,Kolkata,medium
C06454,511,1203.65,Chennai,high
C06455,698,676.07,Delhi,low
C06456,974,937.07,Mumbai,high
C06457,347,834.85,Hyderabad,low
C06458,150,3438.96,Visakhapatnam,low
C06459,332,1143.3,Bengaluru,medium
C06460,288,1951.31,Mumbai,high
C06461,180,1405.36,Chennai,medium
C06462,1438,788.7,Pune,high
C06463,519,1613.48,Ahmedabad,medium
C06464,869,2657.02,Bengaluru,high
C06465,1398,820.98,Vijayawada,high
C06466,1233,3045.64,Chennai,high
C06467,459,1036.1,Ahmedabad,high
C06468,99,1315.01,Pune,low
C06469,830,2541.44,Delhi,medium
C06470,165,1169.47,Hyderabad,low
C06471,546,1844.5,Kolkata,low
C06472,1049,1467.03,Ahmedabad,high
C06473,844,1957.91,Pune,medium
C06474,302,383.01,Pune,high
C06475,1478,547.99,Kolkata,high
C06476,674,2686.3,Visakhapatnam,high
C06477,406,3532.32,Hyderabad,low
C06478,543,995.98,Kolkata,low
C06479,1027,1535.98,Pune,low
C06480,116,2180.06,Mumbai,low
C06481,1080,2824.63,Visakhapatnam,medium
C06482,599,481.81,Delhi,high
C06483,399,1011.93,Kolkata,low
C06484,48,1450.07,Pune,high
C06485,732,2842.91,Visakhapatnam,medium
C06486,720,9131.83,Hyderabad,low
C06487,1018,1552.06,Vijayawada,low
C06488,462,721.26,Mumbai,medium
C06489,1423,2337.92,Vijayawada,medium
C06490,1117,4247.94,Kolkata,high
C06491,1239,1930.92,Visakhapatnam,high
C06492,432,998.47,Kolkata,high
C06493,110,3355.1,Ahmedabad,high
C06494,1240,2770.68,Vijayawada,medium
C06495,1133,923.89,Ahmedabad,low
C06496,612,2306.46,Pune,low
C06497,864,3441.85,Visakhapatnam,high
C06498,158,3880.7,Ahmedabad,medium
C06499,979,1723.91,Visakhapatnam,high
C06500,502,1426.23,Pune,high
C06501,486,3996.88,Ahmedabad,medium
C06502,644,819.7,Hyderabad,low
C06503,1398,2393.75,Visakhapatnam,medium
C06504,838,738.8,Chennai,low
C06505,1116,3597.65,Delhi,low
C06506,484,1522.05,Ahmedabad,low
C06507,843,4105.66,Hyderabad,medium
C06508,127,2477.39,Bengaluru,medium
C06509,1126,812.77,Vijayawada,medium
C06510,63,4543.94,Vijayawada,high
C06511,1340,4933.73,Chennai,high
C06512,1388,3194.0,Hyderabad,medium
C06513,1218,1097.19,Delhi,high
C06514,1384,1475.32,Vijayawada,medium
C06515,267,1978.45,Delhi,medium
C06516,1178,1139.26,Pune,low
C06517,1146,5407.64,Delhi,low
C06518,1433,1977.04,Kolkata,low
C06519,703,310.56,Delhi,medium
C06520,72,2244.24,Bengaluru,low
C06521,558,1435.46,Mumbai,high
C06522,628,1714.44,Chennai,medium
C06523,361,1416.49,Kolkata,low
C06524,365,3041.55,Pune,low
C06525,621,3726.93,Chennai,high
C06526,1446,2163.6,Vijayawada,high
C06527,170,1443.74,Bengaluru,low
C06528,278,1752.28,Hyderabad,low
C06529,165,1823.08,Chennai,low
C06530,262,1068.45,Ahmedabad,medium
C06531,278,2622.4,Vijayawada,high
C06532,982,2427.38,Vijayawada,low
C06533,1015,4899.21,Visakhapatnam,medium
C06534,200,4070.49,Pune,low
C06535,753,1152.69,Mumbai,medium
C06536,417,3067.86,Vijayawada,medium
C06537,67,970.12,Visakhapatnam,low
C06538,159,2829.62,Mumbai,low
C06539,730,1286.58,Mumbai,high
C06540,1442,925.59,Vijayawada,low
C06541,1010,2159.37,Pune,low
C06542,726,316.42,Kolkata,medium
C06543,242,576.75,Vijayawada,medium
C06544,464,1603.87,Mumbai,low
C06545,1301,1899.09,Ahmedabad,high
C06546,1458,1415.85,Bengaluru,high
C06547,494,644.78,Ahmedabad,high
C06548,967,1057.76,Kolkata,medium
C06549,1345,2321.17,Pune,low
C06550,115,2627.27,Hyderabad,medium
C06551,415,1781.12,Hyderabad,high
C06552,757,3818.01,Hyderabad,high
C06553,792,2330.53,Pune,medium
C06554,45,1107.32,Pune,medium
C06555,204,1499.99,Mumbai,low
C06556,1247,723.2,Vijayawada,high
C06557,268,1677.82,Visakhapatnam,low
C06558,999,3708.59,Ahmedabad,high
C06559,1159,2810.11,Pune,low
C06560,1309,4477.62,Hyderabad,high
C06561,679,1478.33,Delhi,medium
C06562,1129,4317.82,Kolkata,medium
C06563,109,1587.47,Bengaluru,low
C06564,644,4684.77,Mumbai,high
C06565,558,1774.61,Kolkata,low
C06566,604,2850.48,Pune,medium
C06567,182,4695.52,Vijayawada,medium
C06568,183,1587.34,Ahmedabad,medium
C06569,644,2074.54,Kolkata,low
C06570,83,4160.14,Chennai,medium
C06571,408,1650.92,Bengaluru,low
C06572,1105,762.77,Visakhapatnam,high
C06573,235,7248.11,Pune,low
C06574,224,1326.36,Chennai,medium
C06575,681,1995.67,Bengaluru,low
C06576,1210,3815.96,Delhi,high
C06577,191,1211.99,Delhi,low
C06578,596,934.89,Chennai,high
C06579,1138,2122.76,Bengaluru,high
C06580,1154,561.18,Visakhapatnam,high
C06581,1148,1492.79,Chennai,high
C06582,1377,2110.79,Chennai,low
C06583,856,1510.31,Hyderabad,medium
C06584,890,660.04,Bengaluru,high
C06585,712,5073.36,Chennai,high
C06586,136,1925.31,Mumbai,low
C06587,223,4563.25,Visakhapatnam,low
C06588,248,1520.08,Ahmedabad,low
C06589,990,1015.9,Pune,medium
C06590,1139,2144.17,Bengaluru,medium
C06591,355,1564.44,Visakhapatnam,high
C06592,537,837.14,Bengaluru,medium
C06593,374,4679.29,Mumbai,high
C06594,1195,1201.19,Bengaluru,high
C06595,64,544.23,Ahmedabad,low
C06596,1480,4267.78,Mumbai,low
C06597,1427,1296.92,Vijayawada,low
C06598,865,1212.52,Hyderabad,high
C06599,1101,571.37,Chennai,high
C06600,414,5581.17,Ahmedabad,high
C06601,517,778.51,Hyderabad,medium
C06602,462,1869.7,Visakhapatnam,high
C06603,825,3257.6,Delhi,high
C06604,629,2367.66,Pune,low
C06605,858,1731.54,Visakhapatnam,medium
C06606,1214,595.53,Chennai,medium
C06607,540,1063.39,Visakhapatnam,low
C06608,1477,2033.7,Kolkata,medium
C06609,1357,1079.1,Visakhapatnam,medium
C06610,32,2054.37,Bengaluru,medium
C06611,1239,2803.64,Delhi,high
C06612,548,3364.95,Mumbai,high
C06613,407,811.21,Visakhapatnam,low
C06614,1404,7505.28,Delhi,low
C06615,1486,2964.32,Hyderabad,low
C06616,541,1798.0,Hyderabad,high
C06617,177,3654.6,Kolkata,low
C06618,476,8375.42,Chennai,low
C06619,1206,706.54,Hyderabad,high
C06620,460,1554.83,Bengaluru,high
C06621,58,383.59,Kolkata,low
C06622,729,2040.12,Delhi,medium
C06623,325,2282.55,Mumbai,high
C06624,1357,1754.76,Bengaluru,medium
C06625,695,1176.26,Kolkata,medium
C06626,1380,475.02,Vijayawada,high
C06627,593,2294.66,Ahmedabad,high
C06628,442,4635.85,Mumbai,low
C06629,827,1225.84,Pune,low
C06630,1393,2396.06,Delhi,medium
C06631,1031,649.53,Chennai,medium
C06632,130,2422.92,Chennai,low
C06633,917,1393.88,Ahmedabad,low
C06634,155,1096.6,Hyderabad,high
C06635,969,1098.07,Vijayawada,medium
C06636,447,1393.67,Kolkata,low
C06637,618,2307.97,Mumbai,medium
C06638,602,767.11,Mumbai,medium
C06639,58,1390.5,Ahmedabad,high
C06640,163,1752.13,Visakhapatnam,medium
C06641,742,881.1,Chennai,high
C06642,489,5787.03,Ahmedabad,low
C06643,1439,1033.57,Chennai,medium
C06644,829,1164.92,Chennai,low
C06645,1013,953.03,Delhi,medium
C06646,303,5793.86,Hyderabad,low
C06647,1351,2578.42,Ahmedabad,medium
C06648,478,979.22,Vijayawada,high
C06649,1344,3694.47,Mumbai,low
C06650,578,2050.82,Pune,high
C06651,551,2127.61,Bengaluru,medium
C06652,1378,1438.9,Vijayawada,medium
C06653,856,1105.91,Hyderabad,low
C06654,1191,2241.92,Bengaluru,low
C06655,609,1262.99,Chennai,low
C06656,1398,5863.1,Vijayawada,high
C06657,1206,788.79,Vijayawada,low
C06658,1315,4885.58,Ahmedabad,high
C06659,36,1674.36,Mumbai,low
C06660,700,2186.26,Vijayawada,medium
C06661,1193,3093.61,Pune,low
C06662,1015,1194.97,Delhi,low
C06663,252,3156.77,Chennai,high
C06664,900,309.71,Chennai,high
C06665,586,1127.26,Visakhapatnam,low
C06666,1317,987.23,Kolkata,high
C06667,1262,796.93,Visakhapatnam,high
C06668,760,1565.28,Bengaluru,medium
C06669,996,2312.95,Visakhapatnam,low
C06670,531,2842.02,Pune,low
C06671,718,2105.09,Pune,medium
C06672,523,1167.76,Vijayawada,medium
C06673,1039,2287.93,Delhi,medium
C06674,1181,1951.45,Hyderabad,high
C06675,186,3307.6,Bengaluru,high
C06676,310,2982.6,Delhi,medium
C06677,119,1836.01,Delhi,medium
C06678,874,1004.58,Vijayawada,high
C06679,178,1177.47,Bengaluru,high
C06680,1153,1259.13,Ahmedabad,high
C06681,307,1466.48,Delhi,high
C06682,469,2142.6,Delhi,medium
C06683,228,2865.23,Hyderabad,medium
C06684,53,1741.17,Visakhapatnam,medium
C06685,276,1818.97,Chennai,high
C06686,1235,1975.73,Ahmedabad,low
C06687,221,1287.17,Pune,low
C06688,1282,986.38,Bengaluru,low
C06689,542,575.08,Visakhapatnam,high
C06690,1318,1145.61,Delhi,low
C06691,1004,2448.15,Chennai,high
C06692,372,1139.85,Hyderabad,medium
C06693,473,1542.2,Kolkata,medium
C06694,234,2437.49,Bengaluru,high
C06695,1223,2524.98,Delhi,high
C06696,598,892.34,Hyderabad,medium
C06697,1456,3441.39,Pune,medium
C06698,956,3745.53,Vijayawada,high
C06699,366,863.63,Hyderabad,high
C06700,229,1053.68,Visakhapatnam,low
C06701,1396,3903.98,Chennai,low
C06702,382,1636.13,Mumbai,low
C06703,122,425.25,Mumbai,low
C06704,458,724.69,Delhi,low
C06705,634,1530.66,Ahmedabad,low
C06706,1385,845.19,Ahmedabad,low
C06707,1296,1375.84,Mumbai,low
C06708,271,1838.31,Delhi,medium
C06709,1314,4656.44,Chennai,high
C06710,914,1490.32,Mumbai,high
C06711,159,3614.45,Mumbai,medium
C06712,804,4556.16,Hyderabad,low
C06713,797,4572.63,Hyderabad,high
C06714,388,2165.99,Kolkata,low
C06715,203,502.4,Mumbai,low
C06716,179,2428.62,Mumbai,medium
C06717,252,3558.17,Kolkata,low
C06718,1462,1707.61,Mumbai,medium
C06719,1491,5594.4,Vijayawada,high
C06720,1166,3147.72,Vijayawada,high
C06721,1229,2604.3,Pune,medium
C06722,352,3647.11,Visakhapatnam,high
C06723,1382,2235.53,Visakhapatnam,low
C06724,949,356.1,Kolkata,low
C06725,1281,1301.28,Ahmedabad,medium
C06726,676,3919.43,Chennai,high
C06727,468,1064.87,Hyderabad,low
C06728,861,1556.64,Chennai,medium
C06729,1126,912.69,Ahmedabad,low
C06730,1220,5739.29,Bengaluru,high
C06731,289,5369.62,Hyderabad,low
C06732,1464,1013.36,Vijayawada,low
C06733,1177,1980.86,Ahmedabad,medium
C06734,1360,1156.58,Visakhapatnam,high
C06735,306,2684.52,Hyderabad,high
C06736,398,2506.98,Vijayawada,low
C06737,288,3050.77,Delhi,low
C06738,1071,2233.42,Visakhapatnam,high
C06739,181,12131.44,Delhi,high
C06740,1161,922.78,Bengaluru,medium
C06741,1105,592.08,Vijayawada,low
C06742,561,1394.14,Chennai,medium
C06743,1154,649.6,Mumbai,low
C06744,120,682.28,Kolkata,medium
C06745,450,938.88,Mumbai,low
C06746,1461,988.43,Bengaluru,high
C06747,332,967.81,Visakhapatnam,medium
C06748,176,2520.93,Kolkata,high
C06749,1328,1295.33,Vijayawada,low
C06750,689,1601.76,Ahmedabad,low
C06751,1425,3218.89,Chennai,medium
C06752,91,1093.82,Hyderabad,low
C06753,85,1515.63,Hyderabad,high
C06754,92,2283.09,Bengaluru,medium
C06755,367,509.55,Visakhapatnam,low
C06756,199,381.97,Delhi,medium
C06757,231,2254.13,Ahmedabad,high
C06758,1356,2478.36,Pune,low
C06759,1321,6886.27,Visakhapatnam,low
C06760,336,1994.81,Pune,medium
C06761,806,3066.75,Bengaluru,high
C06762,1352,1585.23,Chennai,medium
C06763,564,2183.62,Mumbai,low
C06764,1147,5320.16,Mumbai,high
C06765,1398,452.57,Visakhapatnam,high
C06766,1006,2355.23,Chennai,medium
C06767,1099,7213.24,Bengaluru,low
C06768,389,2162.16,Chennai,high
C06769,1303,5262.78,Hyderabad,medium
C06770,807,1195.78,Ahmedabad,low
C06771,1068,1762.89,Kolkata,medium
C06772,83,1839.65,Hyderabad,high
C06773,130,425.86,Hyderabad,high
C06774,565,842.38,Delhi,medium
C06775,737,882.34,Pune,low
C06776,770,3071.39,Vijayawada,medium
C06777,1115,3173.03,Mumbai,medium
C06778,803,2222.01,Visakhapatnam,low
C06779,512,3075.46,Kolkata,low
C06780,581,1617.84,Vijayawada,low
C06781,688,3931.58,Pune,high
C06782,130,1810.31,Pune,medium
C06783,378,1868.99,Visakhapatnam,medium
C06784,115,1514.6,Vijayawada,high
C06785,110,2808.58,Ahmedabad,low
C06786,862,1368.9,Delhi,low
C06787,870,3395.55,Visakhapatnam,high
C06788,1173,862.34,Ahmedabad,high
C06789,757,881.17,Hyderabad,high
C06790,1333,2814.02,Vijayawada,low
C06791,287,1699.33,Bengaluru,low
C06792,578,1340.12,Hyderabad,low
C06793,832,3210.17,Chennai,high
C06794,284,1212.96,Vijayawada,high
C06795,40,1580.37,Chennai,high
C06796,559,4469.54,Mumbai,high
C06797,1000,4895.07,Ahmedabad,low
C06798,1086,5002.04,Delhi,medium
C06799,1500,1498.41,Delhi,high
C06800,1356,4005.8,Bengaluru,medium
C06801,578,971.38,Delhi,low
C06802,1408,998.3,Bengaluru,low
C06803,1456,390.62,Kolkata,high
C06804,1418,5339.6,Chennai,high
C06805,379,1026.55,Vijayawada,high
C06806,1351,1657.88,Chennai,medium
C06807,639,996.08,Mumbai,low
C06808,527,2828.21,Kolkata,high
C06809,297,1410.05,Pune,high
C06810,1112,770.79,Kolkata,low
C06811,243,2398.56,Chennai,medium
C06812,198,708.83,Ahmedabad,low
C06813,829,1044.43,Chennai,high
C06814,828,457.63,Mumbai,medium
C06815,795,713.35,Chennai,low
C06816,412,2021.48,Kolkata,low
C06817,1413,502.0,Pune,medium
C06818,1143,687.32,Mumbai,medium
C06819,422,1797.23,Hyderabad,high
C06820,203,1264.2,Ahmedabad,medium
C06821,660,6570.63,Kolkata,medium
C06822,625,5928.79,Vijayawada,high
C06823,1116,1023.92,Vijayawada,low
C06824,492,2585.52,Bengaluru,medium
C06825,524,2929.47,Vijayawada,high
C06826,1055,1220.7,Vijayawada,low
C06827,594,680.92,Pune,high
C06828,304,1785.67,Ahmedabad,high
C06829,1457,1608.72,Hyderabad,high
C06830,1439,1356.0,Pune,low
C06831,623,2399.58,Hyderabad,medium
C06832,519,1104.96,Delhi,low
C06833,457,851.28,Pune,low
C06834,1107,1932.26,Chennai,high
C06835,675,2313.28,Bengaluru,medium
C06836,484,837.75,Mumbai,low
C06837,214,3290.52,Bengaluru,high
C06838,1258,569.48,Ahmedabad,high
C06839,985,1236.16,Bengaluru,high
C06840,128,1522.09,Visakhapatnam,low
C06841,523,1190.34,Visakhapatnam,low
C06842,1322,1246.7,Delhi,medium
C06843,473,6073.8,Mumbai,medium
C06844,1348,1035.32,Pune,low
C06845,110,8798.5,Kolkata,low
C06846,187,2391.5,Bengaluru,high
C06847,1064,1910.99,Ahmedabad,medium
C06848,827,2453.08,Bengaluru,medium
C06849,1055,9320.72,Kolkata,high
C06850,1104,943.6,Hyderabad,low
C06851,408,868.94,Delhi,low
C06852,90,1102.0,Visakhapatnam,low
C06853,715,1838.0,Kolkata,low
C06854,1155,586.28,Mumbai,high
C06855,1102,1826.33,Hyderabad,low
C06856,1439,5411.86,Kolkata,medium
C06857,997,1986.16,Ahmedabad,medium
C06858,610,1488.16,Visakhapatnam,low
C06859,880,1204.4,Hyderabad,high
C06860,1422,3227.86,Delhi,medium
C06861,783,1052.32,Visakhapatnam,medium
C06862,304,5977.15,Hyderabad,low
C06863,667,6324.75,Visakhapatnam,low
C06864,282,2126.92,Vijayawada,high
C06865,1207,1786.58,Chennai,low
C06866,1134,3517.38,Chennai,low
C06867,503,3667.12,Kolkata,high
C06868,1007,1065.98,Pune,low
C06869,1231,1278.29,Mumbai,medium
C06870,428,762.05,Mumbai,high
C06871,352,2348.27,Delhi,high
C06872,1262,2776.23,Vijayawada,low
C06873,180,748.51,Delhi,medium
C06874,593,1338.98,Pune,medium
C06875,886,749.82,Bengaluru,low
C06876,552,1003.57,Hyderabad,high
C06877,632,2575.25,Mumbai,high
C06878,1127,1117.42,Kolkata,high
C06879,117,1480.31,Pune,high
C06880,73,625.02,Pune,low
C06881,1038,2032.63,Kolkata,medium
C06882,921,1748.94,Hyderabad,high
C06883,1450,1120.71,Bengaluru,low
C06884,293,1591.9,Kolkata,low
C06885,116,2023.8,Delhi,low
C06886,1095,1059.84,Delhi,medium
C06887,829,689.5,Kolkata,high
C06888,211,5820.64,Hyderabad,medium
C06889,345,1192.63,Ahmedabad,low
C06890,686,1690.28,Delhi,low
C06891,389,3472.35,Delhi,medium
C06892,727,17844.09,Pune,low
C06893,910,801.61,Vijayawada,high
C06894,405,2411.32,Kolkata,high
C06895,252,1136.41,Ahmedabad,high
C06896,1023,1268.17,Kolkata,high
C06897,1349,1127.1,Mumbai,high
C06898,461,865.98,Vijayawada,medium
C06899,624,1752.33,Hyderabad,low
C06900,525,690.29,Chennai,high
C06901,40,3330.8,Vijayawada,medium
C06902,427,1865.52,Pune,medium
C06903,516,2368.77,Ahmedabad,high
C06904,1156,1329.45,Vijayawada,low
C06905,864,1417.8,Hyderabad,low
C06906,508,2169.95,Pune,high
C06907,284,844.64,Hyderabad,low
C06908,1396,1426.31,Pune,medium
C06909,1445,1029.46,Hyderabad,high
C06910,127,1008.96,Vijayawada,medium
C06911,1186,456.75,Visakhapatnam,high
C06912,162,4298.86,Chennai,medium
C06913,1205,1152.04,Mumbai,low
C06914,1493,3834.28,Ahmedabad,medium
C06915,1223,3605.65,Mumbai,medium
C06916,1254,780.27,Visakhapatnam,high
C06917,1311,887.2,Kolkata,high
C06918,1202,9507.81,Kolkata,high
C06919,637,5617.51,Vijayawada,high
C06920,1268,1763.5,Visakhapatnam,high
C06921,1414,2127.78,Ahmedabad,low
C06922,1099,1194.51,Chennai,low
C06923,1126,2384.09,Pune,high
C06924,816,1129.32,Visakhapatnam,low
C06925,330,480.35,Pune,high
C06926,240,762.45,Chennai,low
C06927,1054,1824.85,Chennai,high
C06928,1297,862.94,Delhi,low
C06929,419,1722.98,Bengaluru,low
C06930,486,895.17,Chennai,low
C06931,910,1082.48,Kolkata,high
C06932,1176,3134.11,Hyderabad,medium
C06933,1304,2114.14,Hyderabad,high
C06934,998,1788.73,Mumbai,medium
C06935,1341,3187.11,Bengaluru,medium
C06936,885,2460.05,Hyderabad,high
C06937,935,4609.19,Mumbai,high
C06938,472,1334.93,Chennai,high
C06939,497,1361.41,Vijayawada,high
C06940,481,772.65,Pune,high
C06941,1386,1361.99,Visakhapatnam,medium
C06942,1361,3369.91,Delhi,high
C06943,313,4190.33,Vijayawada,low
C06944,613,3360.15,Hyderabad,medium
C06945,864,560.77,Bengaluru,low
C06946,1453,3639.44,Visakhapatnam,high
C06947,919,544.85,Pune,low
C06948,1154,3227.03,Mumbai,medium
C06949,1239,1417.26,Pune,high
C06950,1415,2841.79,Mumbai,medium
C06951,1383,757.07,Chennai,low
C06952,1157,3853.75,Kolkata,high
C06953,804,694.58,Pune,medium
C06954,1320,1165.66,Bengaluru,low
C06955,60,940.85,Vijayawada,medium
C06956,902,575.51,Bengaluru,high
C06957,1434,1914.07,Mumbai,low
C06958,1112,5822.59,Pune,high
C06959,719,10188.66,Bengaluru,medium
C06960,423,1917.34,Chennai,medium
C06961,1138,3719.65,Mumbai,low
C06962,1233,2093.1,Chennai,high
C06963,586,2489.45,Hyderabad,low
C06964,366,1441.08,Ahmedabad,low
C06965,32,2043.34,Hyderabad,high
C06966,1082,2552.69,Kolkata,high
C06967,830,1235.89,Kolkata,low
C06968,142,1711.58,Bengaluru,medium
C06969,1061,1732.92,Delhi,low
C06970,196,3080.06,Delhi,high
C06971,715,900.2,Hyderabad,low
C06972,165,1740.69,Kolkata,high
C06973,144,6237.57,Visakhapatnam,high
C06974,601,3835.98,Bengaluru,medium
C06975,1319,4326.47,Visakhapatnam,low
C06976,688,1828.81,Hyderabad,medium
C06977,865,2217.62,Mumbai,high
C06978,1098,3452.99,Delhi,high
C06979,937,4962.71,Kolkata,high
C06980,324,506.23,Hyderabad,high
C06981,784,765.48,Delhi,high
C06982,603,4216.16,Chennai,low
C06983,1044,1503.52,Ahmedabad,medium
C06984,1256,1163.19,Chennai,medium
C06985,362,796.59,Hyderabad,high
C06986,949,1254.86,Mumbai,high
C06987,855,723.43,Kolkata,high
C06988,296,7007.62,Visakhapatnam,low
C06989,735,1773.94,Hyderabad,high
C06990,218,1733.46,Ahmedabad,high
C06991,1310,2638.04,Ahmedabad,medium
C06992,127,3364.61,Mumbai,high
C06993,1462,3328.81,Visakhapatnam,low
C06994,569,3616.99,Hyderabad,medium
C06995,1103,1194.51,Vijayawada,medium
C06996,167,1483.16,Delhi,low
C06997,445,2967.31,Ahmedabad,low
C06998,212,1277.6,Mumbai,medium
C06999,762,1794.04,Mumbai,low
C07000,736,2332.6,Kolkata,low
C07001,986,2998.63,Vijayawada,low
C07002,980,566.82,Hyderabad,low
C07003,366,2864.44,Bengaluru,low
C07004,1264,1546.3,Mumbai,low
C07005,807,2850.9,Bengaluru,low
C07006,894,2982.59,Delhi,high
C07007,1401,5118.86,Pune,low
C07008,987,4338.51,Ahmedabad,high
C07009,1204,4319.15,Pune,medium
C07010,278,4600.53,Delhi,low
C07011,946,2175.34,Bengaluru,high
C07012,1146,1838.05,Chennai,medium
C07013,571,3174.4,Visakhapatnam,low
C07014,375,2896.89,Visakhapatnam,medium
C07015,127,1472.4,Mumbai,medium
C07016,632,2341.8,Vijayawada,low
C07017,223,1759.4,Kolkata,medium
C07018,613,1033.27,Hyderabad,low
C07019,955,4164.46,Delhi,high
C07020,542,1865.76,Bengaluru,medium
C07021,993,6817.19,Vijayawada,low
C07022,320,625.76,Ahmedabad,high
C07023,1053,1253.43,Vijayawada,low
C07024,412,1838.6,Bengaluru,low
C07025,360,3770.04,Bengaluru,medium
C07026,1236,2333.67,Vijayawada,low
C07027,239,2202.5,Delhi,medium
C07028,1093,865.08,Kolkata,low
C07029,1202,848.55,Vijayawada,medium
C07030,1036,2219.79,Visakhapatnam,medium
C07031,508,741.65,Kolkata,low
C07032,1134,1273.88,Delhi,low
C07033,1085,2492.74,Mumbai,high
C07034,1425,950.54,Pune,medium
C07035,89,5110.35,Pune,low
C07036,1202,3988.22,Ahmedabad,high
C07037,76,648.15,Ahmedabad,high
C07038,1235,981.91,Vijayawada,high
C07039,1333,407.4,Kolkata,medium
C07040,1424,1082.32,Bengaluru,medium
C07041,1009,2962.22,Hyderabad,medium
C07042,1046,1375.41,Delhi,medium
C07043,1091,2428.58,Mumbai,low
C07044,777,669.16,Hyderabad,medium
C07045,1137,3023.67,Mumbai,low
C07046,1379,1254.79,Mumbai,low
C07047,488,1814.29,Pune,medium
C07048,1410,1694.55,Mumbai,low
C07049,835,787.64,Pune,low
C07050,716,850.68,Vijayawada,medium
C07051,244,3376.55,Chennai,medium
C07052,1196,2332.95,Mumbai,high
C07053,179,3561.99,Vijayawada,high
C07054,386,2222.9,Bengaluru,high
C07055,314,1975.32,Pune,high
C07056,844,586.18,Ahmedabad,high
C07057,110,1509.91,Vijayawada,high
C07058,1124,1768.24,Chennai,low
C07059,910,6406.46,Visakhapatnam,high
C07060,1139,2813.16,Chennai,high
C07061,63,4885.28,Mumbai,low
C07062,107,2654.31,Pune,low
C07063,1269,1133.65,Delhi,high
C07064,1140,1942.39,Kolkata,high
C07065,1255,2098.73,Chennai,high
C07066,627,977.59,Mumbai,medium
C07067,1270,1402.05,Pune,high
C07068,1278,1574.66,Vijayawada,high
C07069,1319,5111.23,Bengaluru,high
C07070,202,465.48,Chennai,medium
C07071,955,3941.53,Vijayawada,high
C07072,967,979.09,Hyderabad,high
C07073,1371,737.81,Ahmedabad,low
C07074,761,3875.79,Mumbai,low
C07075,1144,2896.55,Kolkata,medium
C07076,829,4068.29,Ahmedabad,low
C07077,1134,3029.03,Mumbai,low
C07078,1290,6866.72,Ahmedabad,medium
C07079,809,2588.19,Bengaluru,high
C07080,160,1625.92,Ahmedabad,medium
C07081,1280,2249.46,Vijayawada,medium
C07082,817,4039.18,Vijayawada,low
C07083,1307,1084.58,Visakhapatnam,medium
C07084,1065,1178.28,Ahmedabad,high
C07085,345,1472.5,Mumbai,medium
C07086,1087,458.32,Visakhapatnam,low
C07087,1041,1969.02,Hyderabad,high
C07088,1119,528.24,Pune,high
C07089,1103,1863.16,Hyderabad,medium
C07090,1347,3158.9,Mumbai,high
C07091,1310,1320.24,Delhi,medium
C07092,136,5354.36,Chennai,low
C07093,1388,696.6,Pune,medium
C07094,810,3904.41,Visakhapatnam,medium
C07095,1434,2791.63,Ahmedabad,high
C07096,108,590.0,Hyderabad,high
C07097,285,10483.5,Mumbai,medium
C07098,1139,1726.94,Mumbai,high
C07099,731,1017.57,Pune,medium
C07100,544,721.21,Mumbai,high
C07101,835,1560.14,Ahmedabad,high
C07102,837,1656.94,Delhi,low
C07103,752,1924.19,Visakhapatnam,medium
C07104,410,1483.23,Delhi,high
C07105,302,2716.61,Vijayawada,high
C07106,1209,1399.1,Chennai,medium
C07107,485,511.74,Delhi,high
C07108,1202,1633.46,Bengaluru,medium
C07109,859,386.33,Mumbai,medium
C07110,193,2265.37,Pune,low
C07111,1121,952.41,Pune,high
C07112,1019,2001.65,Mumbai,medium
C07113,826,4228.87,Mumbai,high
C07114,381,971.51,Kolkata,high
C07115,483,3588.03,Delhi,medium
C07116,1114,1358.1,Visakhapatnam,high
C07117,787,5625.8,Bengaluru,low
C07118,1063,1419.69,Bengaluru,high
C07119,1485,1042.34,Kolkata,medium
C07120,779,2813.68,Hyderabad,high
C07121,1032,1355.98,Vijayawada,medium
C07122,821,1041.69,Vijayawada,medium
C07123,62,1319.42,Visakhapatnam,medium
C07124,1028,1748.56,Chennai,medium
C07125,489,4306.84,Hyderabad,low
C07126,657,512.03,Visakhapatnam,low
C07127,1413,1827.21,Vijayawada,high
C07128,182,2701.95,Bengaluru,medium
C07129,1256,2041.18,Ahmedabad,low
C07130,126,4217.32,Delhi,high
C07131,1473,1715.08,Pune,high
C07132,513,1596.52,Chennai,low
C07133,206,2645.34,Pune,low
C07134,837,1920.03,Chennai,low
C07135,696,1396.57,Chennai,medium
C07136,250,2517.54,Pune,medium
C07137,444,1177.79,Bengaluru,low
C07138,385,1209.88,Pune,high
C07139,469,1277.1,Kolkata,medium
C07140,1104,4337.43,Bengaluru,low
C07141,902,221.82,Ahmedabad,medium
C07142,123,2327.81,Hyderabad,high
C07143,574,1840.55,Mumbai,high
C07144,1347,603.64,Bengaluru,medium
C07145,208,2201.43,Hyderabad,medium
C07146,393,2452.3,Ahmedabad,medium
C07147,1290,2640.72,Vijayawada,low
C07148,1455,321.13,Visakhapatnam,high
C07149,998,4375.15,Vijayawada,low
C07150,1269,1114.33,Mumbai,medium
C07151,43,2812.45,Chennai,medium
C07152,295,2913.88,Delhi,high
C07153,1108,1018.1,Vijayawada,medium
C07154,853,2765.12,Mumbai,low
C07155,707,1401.04,Vijayawada,medium
C07156,882,468.32,Hyderabad,medium
C07157,1225,3845.17,Vijayawada,medium
C07158,951,1087.64,Vijayawada,medium
C07159,602,1032.9,Chennai,low
C07160,313,1385.13,Ahmedabad,high
C07161,721,2148.44,Vijayawada,medium
C07162,1400,1734.23,Chennai,high
C07163,1324,2570.32,Pune,high
C07164,1234,753.61,Kolkata,medium
C07165,679,1110.97,Visakhapatnam,medium
C07166,394,1669.27,Vijayawada,low
C07167,653,6180.59,Visakhapatnam,low
C07168,199,1671.65,Kolkata,medium
C07169,82,3644.36,Mumbai,low
C07170,110,1845.68,Hyderabad,low
C07171,658,1314.44,Pune,high
C07172,500,1533.29,Visakhapatnam,high
C07173,505,1613.35,Bengaluru,low
C07174,298,2664.87,Bengaluru,medium
C07175,679,4398.59,Bengaluru,low
C07176,41,2274.09,Pune,medium
C07177,1014,3893.81,Hyderabad,high
C07178,447,961.44,Kolkata,high
C07179,403,1374.76,Bengaluru,medium
C07180,651,1124.11,Chennai,high
C07181,1104,2208.2,Visakhapatnam,medium
C07182,820,1425.42,Visakhapatnam,high
C07183,1497,2892.55,Ahmedabad,low
C07184,1053,982.79,Delhi,medium
C07185,949,1851.06,Ahmedabad,high
C07186,629,2812.98,Kolkata,low
C07187,43,470.17,Mumbai,medium
C07188,1085,7148.1,Mumbai,medium
C07189,619,1497.41,Delhi,low
C07190,1106,482.64,Delhi,low
C07191,1479,1994.81,Vijayawada,low
C07192,303,1839.56,Delhi,low
C07193,288,1706.69,Delhi,high
C07194,323,3428.29,Hyderabad,high
C07195,654,2925.97,Visakhapatnam,low
C07196,150,2184.54,Kolkata,high
C07197,46,2411.83,Bengaluru,high
C07198,531,1681.95,Kolkata,medium
C07199,1032,5707.93,Mumbai,low
C07200,1499,688.19,Vijayawada,medium
C07201,736,1971.04,Hyderabad,high
C07202,368,1877.71,Ahmedabad,medium
C07203,1092,3053.9,Bengaluru,high
C07204,963,1040.06,Mumbai,low
C07205,746,579.49,Ahmedabad,medium
C07206,687,1993.16,Chennai,high
C07207,773,2161.03,Vijayawada,high
C07208,574,4739.95,Ahmedabad,low
C07209,806,788.24,Mumbai,high
C07210,96,3812.7,Pune,low
C07211,1296,8386.36,Bengaluru,high
C07212,1401,1408.1,Ahmedabad,medium
C07213,1376,777.77,Vijayawada,low
C07214,239,1381.62,Kolkata,low
C07215,1155,1816.46,Mumbai,high
C07216,930,2596.72,Bengaluru,high
C07217,990,1225.54,Mumbai,low
C07218,966,4946.43,Delhi,low
C07219,937,872.27,Delhi,high
C07220,1372,581.18,Visakhapatnam,low
C07221,89,3695.62,Pune,low
C07222,383,410.36,Mumbai,high
C07223,1190,1576.33,Visakhapatnam,low
C07224,873,13657.37,Mumbai,low
C07225,904,1785.96,Pune,high
C07226,1228,868.74,Bengaluru,high
C07227,650,1734.08,Delhi,high
C07228,1157,1741.53,Mumbai,low
C07229,371,1998.12,Pune,high
C07230,774,2768.37,Delhi,high
C07231,1136,916.09,Delhi,medium
C07232,1168,5390.8,Chennai,medium
C07233,885,2110.89,Bengaluru,medium
C07234,1350,2886.96,Ahmedabad,high
C07235,1039,1196.61,Delhi,low
C07236,835,4153.43,Chennai,low
C07237,70,1523.03,Visakhapatnam,medium
C07238,564,2155.87,Chennai,high
C07239,1050,981.44,Visakhapatnam,high
C07240,268,941.56,Mumbai,medium
C07241,1266,2815.44,Visakhapatnam,medium
C07242,35,1349.11,Mumbai,high
C07243,387,1033.35,Ahmedabad,low
C07244,361,1184.97,Hyderabad,medium
C07245,534,2835.18,Visakhapatnam,medium
C07246,1109,1195.92,Ahmedabad,high
C07247,260,1667.48,Delhi,medium
C07248,1479,1817.67,Pune,low
C07249,1216,517.63,Vijayawada,high
C07250,527,691.81,Mumbai,low
C07251,87,2239.76,Bengaluru,low
C07252,776,1114.85,Kolkata,high
C07253,141,3577.48,Vijayawada,low
C07254,384,3374.38,Hyderabad,low
C07255,573,2872.68,Vijayawada,medium
C07256,1272,5874.6,Ahmedabad,high
C07257,1061,1705.36,Vijayawada,high
C07258,927,2744.39,Pune,high
C07259,461,1231.12,Pune,high
C07260,1083,8862.48,Pune,low
C07261,514,6534.84,Vijayawada,medium
C07262,154,1813.95,Hyderabad,low
C07263,65,2314.21,Chennai,medium
C07264,513,4355.02,Kolkata,high
C07265,197,1635.82,Visakhapatnam,high
C07266,686,1174.66,Bengaluru,medium
C07267,166,3176.82,Pune,low
C07268,460,1894.15,Visakhapatnam,low
C07269,76,2027.36,Mumbai,high
C07270,1212,1046.56,Mumbai,high
C07271,1231,589.37,Pune,high
C07272,79,2098.62,Bengaluru,medium
C07273,437,3241.42,Ahmedabad,medium
C07274,1368,1554.28,Vijayawada,low
C07275,146,4578.93,Visakhapatnam,low
C07276,40,1139.1,Visakhapatnam,medium
C07277,992,906.86,Bengaluru,low
C07278,1436,1723.03,Visakhapatnam,medium
C07279,220,1705.91,Visakhapatnam,low
C07280,327,2969.12,Kolkata,low
C07281,1326,1087.7,Mumbai,high
C07282,340,4380.0,Bengaluru,low
C07283,352,6464.22,Bengaluru,high
C07284,1464,1754.78,Ahmedabad,medium
C07285,985,4055.6,Mumbai,low
C07286,265,905.8,Visakhapatnam,high
C07287,1409,3620.75,Bengaluru,low
C07288,260,3555.57,Kolkata,medium
C07289,244,3155.1,Mumbai,low
C07290,115,1781.88,Bengaluru,high
C07291,95,263.82,Ahmedabad,low
C07292,732,1186.09,Vijayawada,medium
C07293,539,1198.34,Delhi,high
C07294,468,953.06,Hyderabad,medium
C07295,1201,1948.86,Delhi,medium
C07296,808,1370.89,Pune,low
C07297,1128,1053.15,Hyderabad,high
C07298,396,904.45,Ahmedabad,high
C07299,1392,1130.55,Chennai,high
C07300,242,3731.32,Mumbai,medium
C07301,390,1171.31,Bengaluru,low
C07302,612,1287.98,Hyderabad,high
C07303,1428,1337.68,Kolkata,high
C07304,1104,2243.71,Mumbai,medium
C07305,47,2421.41,Visakhapatnam,high
C07306,698,248.77,Mumbai,low
C07307,1251,3496.8,Chennai,medium
C07308,293,4578.75,Hyderabad,high
C07309,426,909.52,Pune,medium
C07310,809,956.76,Bengaluru,high
C07311,1371,1343.29,Hyderabad,low
C07312,1495,1101.18,Visakhapatnam,high
C07313,737,2082.02,Mumbai,high
C07314,1224,507.91,Ahmedabad,low
C07315,229,870.34,Delhi,medium
C07316,272,4895.25,Mumbai,medium
C07317,420,984.56,Kolkata,medium
C07318,1155,4039.07,Pune,high
C07319,780,2267.68,Kolkata,medium
C07320,296,555.31,Delhi,low
C07321,561,2720.32,Bengaluru,high
C07322,349,1667.46,Hyderabad,low
C07323,1016,1338.75,Hyderabad,medium
C07324,282,2110.68,Pune,high
C07325,361,2450.52,Ahmedabad,low
C07326,1171,2851.15,Ahmedabad,medium
C07327,153,3871.53,Mumbai,high
C07328,1298,2346.85,Hyderabad,medium
C07329,204,736.11,Kolkata,medium
C07330,1239,1323.02,Hyderabad,medium
C07331,497,12191.85,Mumbai,low
C07332,606,2882.64,Vijayawada,high
C07333,249,8396.57,Pune,medium
C07334,564,4458.53,Mumbai,high
C07335,1323,2106.35,Hyderabad,low
C07336,1466,2189.56,Chennai,low
C07337,541,1757.71,Hyderabad,low
C07338,64,581.71,Visakhapatnam,medium
C07339,860,1821.24,Ahmedabad,high
C07340,1340,3953.99,Ahmedabad,medium
C07341,896,1218.99,Chennai,high
C07342,162,2352.68,Pune,medium
C07343,1238,3130.9,Pune,medium
C07344,613,996.5,Kolkata,low
C07345,534,1342.37,Chennai,medium
C07346,247,928.81,Mumbai,medium
C07347,975,1054.83,Kolkata,low
C07348,256,779.46,Hyderabad,high
C07349,151,1002.5,Bengaluru,high
C07350,281,4528.69,Hyderabad,low
C07351,84,992.75,Kolkata,high
C07352,500,1954.21,Bengaluru,medium
C07353,846,1298.13,Chennai,low
C07354,1031,3873.08,Mumbai,medium
C07355,1087,4220.87,Hyderabad,high
C07356,56,3156.4,Vijayawada,low
C07357,1402,2196.3,Pune,medium
C07358,249,1548.98,Mumbai,high
C07359,92,829.5,Bengaluru,medium
C07360,1472,6366.69,Hyderabad,medium
C07361,202,1098.56,Delhi,high
C07362,116,2770.86,Kolkata,medium
C07363,238,3584.09,Delhi,low
C07364,976,1254.65,Delhi,medium
C07365,193,3534.23,Hyderabad,medium
C07366,769,2958.04,Vijayawada,medium
C07367,1037,5534.29,Chennai,low
C07368,850,1326.72,Mumbai,low
C07369,1471,780.34,Delhi,low
C07370,65,1295.92,Visakhapatnam,medium
C07371,402,2061.72,Pune,high
C07372,1111,1869.41,Pune,medium
C07373,902,1393.83,Kolkata,high
C07374,549,520.38,Ahmedabad,low
C07375,448,2443.91,Bengaluru,high
C07376,41,6487.07,Pune,low
C07377,1404,2434.03,Delhi,high
C07378,854,2674.4,Mumbai,medium
C07379,550,2611.37,Kolkata,medium
C07380,924,2330.0,Mumbai,low
C07381,753,3298.18,Visakhapatnam,low
C07382,1104,2327.46,Delhi,low
C07383,1462,1468.95,Ahmedabad,low
C07384,95,1072.93,Hyderabad,medium
C07385,855,1531.05,Kolkata,medium
C07386,235,2207.74,Chennai,medium
C07387,1313,1465.7,Visakhapatnam,low
C07388,168,2208.04,Bengaluru,low
C07389,945,2394.64,Visakhapatnam,medium
C07390,1395,3093.66,Ahmedabad,low
C07391,546,4143.76,Hyderabad,low
C07392,1371,1893.62,Chennai,high
C07393,513,769.3,Vijayawada,high
C07394,169,1438.31,Visakhapatnam,high
C07395,1478,1852.3,Chennai,high
C07396,36,545.82,Pune,low
C07397,1397,4438.95,Bengaluru,medium
C07398,382,1974.53,Hyderabad,medium
C07399,1280,2306.35,Visakhapatnam,high
C07400,107,4372.69,Visakhapatnam,medium
C07401,1354,1195.06,Visakhapatnam,medium
C07402,838,2614.08,Visakhapatnam,high
C07403,1039,1675.94,Delhi,high
C07404,163,1597.01,Delhi,medium
C07405,1238,1089.66,Ahmedabad,high
C07406,276,5314.45,Kolkata,medium
C07407,1264,1410.17,Vijayawada,high
C07408,629,2836.12,Bengaluru,medium
C07409,812,532.08,Bengaluru,low
C07410,472,3875.91,Ahmedabad,medium
C07411,130,3567.0,Ahmedabad,medium
C07412,1199,1917.69,Chennai,low
C07413,507,1553.13,Mumbai,medium
C07414,924,2334.47,Mumbai,low
C07415,1440,7968.53,Vijayawada,high
C07416,1240,572.17,Visakhapatnam,medium
C07417,1223,2992.49,Visakhapatnam,low
C07418,1280,995.25,Ahmedabad,low
C07419,167,1776.85,Chennai,low
C07420,912,1532.14,Mumbai,low
C07421,468,1362.58,Ahmedabad,low
C07422,1085,1787.8,Ahmedabad,high
C07423,381,861.2,Bengaluru,low
C07424,871,3514.0,Hyderabad,low
C07425,1383,560.79,Hyderabad,high
C07426,1382,2556.49,Chennai,low
C07427,1147,1455.77,Bengaluru,low
C07428,786,840.87,Visakhapatnam,high
C07429,1080,2053.07,Visakhapatnam,high
C07430,1227,654.27,Ahmedabad,low
C07431,259,1847.07,Bengaluru,medium
C07432,75,713.85,Vijayawada,high
C07433,1311,2429.33,Visakhapatnam,medium
C07434,1384,987.04,Vijayawada,low
C07435,174,1342.64,Vijayawada,medium
C07436,562,2178.97,Chennai,high
C07437,313,1089.41,Mumbai,low
C07438,954,1733.44,Pune,high
C07439,1080,672.87,Delhi,high
C07440,931,2712.46,Vijayawada,medium
C07441,926,5668.82,Hyderabad,high
C07442,383,11053.23,Hyderabad,low
C07443,561,1909.89,Vijayawada,low
C07444,887,3004.52,Ahmedabad,medium
C07445,999,565.74,Bengaluru,low
C07446,416,4780.59,Kolkata,high
C07447,204,2981.23,Chennai,high
C07448,855,1314.2,Bengaluru,high
C07449,1398,4022.7,Bengaluru,low
C07450,1076,1525.58,Ahmedabad,high
C07451,1239,1336.52,Chennai,low
C07452,1258,2451.63,Kolkata,high
C07453,1063,901.77,Mumbai,medium
C07454,833,3496.78,Visakhapatnam,high
C07455,1007,906.1,Hyderabad,medium
C07456,118,909.6,Visakhapatnam,medium
C07457,499,996.49,Bengaluru,medium
C07458,211,2948.99,Visakhapatnam,medium
C07459,260,1205.49,Pune,medium
C07460,120,749.45,Ahmedabad,high
C07461,1345,1214.21,Delhi,low
C07462,1028,1762.9,Chennai,high
C07463,1445,835.4,Vijayawada,high
C07464,489,851.46,Pune,high
C07465,802,7100.24,Pune,low
C07466,972,1028.83,Visakhapatnam,high
C07467,1402,1459.08,Kolkata,low
C07468,629,1417.77,Hyderabad,high
C07469,893,1368.76,Chennai,high
C07470,800,2695.71,Kolkata,high
C07471,539,3333.69,Chennai,high
C07472,909,1475.38,Hyderabad,medium
C07473,957,805.8,Vijayawada,medium
C07474,340,4121.32,Bengaluru,medium
C07475,53,1691.84,Mumbai,high
C07476,722,5542.78,Bengaluru,medium
C07477,321,418.18,Mumbai,medium
C07478,1217,2043.78,Delhi,high
C07479,862,6264.39,Chennai,high
C07480,1149,1430.7,Mumbai,low
C07481,1059,1554.6,Visakhapatnam,low
C07482,574,2181.19,Vijayawada,medium
C07483,1120,1251.78,Vijayawada,low
C07484,1287,1469.53,Hyderabad,medium
C07485,311,1445.14,Chennai,medium
C07486,1012,1197.17,Mumbai,high
C07487,941,4001.0,Visakhapatnam,high
C07488,169,2429.02,Kolkata,low
C07489,1306,2118.47,Bengaluru,low
C07490,644,3044.56,Bengaluru,low
C07491,261,1515.82,Visakhapatnam,high
C07492,538,1088.23,Pune,high
C07493,1258,1216.63,Mumbai,low
C07494,1493,1802.09,Kolkata,low
C07495,506,904.2,Delhi,medium
C07496,864,1300.33,Hyderabad,medium
C07497,412,1287.0,Delhi,low
C07498,551,7161.71,Pune,high
C07499,1076,296.65,Bengaluru,medium
C07500,710,1601.65,Hyderabad,low
C07501,767,5526.13,Chennai,medium
C07502,1044,1948.36,Mumbai,medium
C07503,285,2937.35,Visakhapatnam,low
C07504,908,1920.67,Pune,high
C07505,94,1166.51,Delhi,high
C07506,622,419.18,Chennai,low
C07507,1191,2057.17,Kolkata,medium
C07508,159,1087.24,Ahmedabad,high
C07509,1021,1069.9,Bengaluru,high
C07510,289,1301.41,Chennai,high
C07511,1132,5595.41,Visakhapatnam,high
C07512,1321,8592.86,Hyderabad,high
C07513,1138,2072.95,Hyderabad,medium
C07514,975,1330.68,Vijayawada,low
C07515,228,837.44,Chennai,low
C07516,936,2440.83,Chennai,medium
C07517,1088,5735.5,Bengaluru,low
C07518,698,1532.68,Visakhapatnam,low
C07519,837,383.44,Kolkata,medium
C07520,1148,2782.41,Kolkata,high
C07521,1388,3415.41,Vijayawada,high
C07522,539,642.1,Visakhapatnam,medium
C07523,1456,2018.8,Visakhapatnam,high
C07524,931,2413.51,Chennai,high
C07525,810,1716.46,Visakhapatnam,medium
C07526,1440,1076.58,Bengaluru,medium
C07527,726,3483.88,Visakhapatnam,medium
C07528,672,1384.85,Hyderabad,low
C07529,284,685.52,Visakhapatnam,low
C07530,1256,475.03,Mumbai,low
C07531,1437,4085.07,Ahmedabad,medium
C07532,534,2687.52,Kolkata,high
C07533,121,1905.93,Pune,low
C07534,174,1352.03,Ahmedabad,low
C07535,895,1276.26,Hyderabad,low
C07536,1250,894.54,Vijayawada,high
C07537,838,1359.8,Delhi,medium
C07538,673,453.72,Delhi,medium
C07539,1482,1115.55,Mumbai,low
C07540,1084,1470.61,Visakhapatnam,medium
C07541,701,2675.69,Pune,high
C07542,144,1753.89,Kolkata,medium
C07543,45,3017.68,Hyderabad,low
C07544,1246,4326.35,Visakhapatnam,medium
C07545,308,3580.84,Chennai,high
C07546,1218,2443.96,Chennai,low
C07547,126,1813.93,Chennai,medium
C07548,798,951.49,Chennai,high
C07549,1170,2911.74,Visakhapatnam,medium
C07550,913,5363.53,Ahmedabad,medium
C07551,132,2248.26,Pune,medium
C07552,566,6258.9,Mumbai,low
C07553,666,667.75,Pune,medium
C07554,775,850.08,Ahmedabad,medium
C07555,726,3138.26,Vijayawada,low
C07556,1199,2137.37,Ahmedabad,medium
C07557,683,4228.07,Delhi,low
C07558,1067,1781.99,Visakhapatnam,low
C07559,900,1023.88,Mumbai,low
C07560,786,1566.67,Chennai,medium
C07561,810,664.67,Mumbai,high
C07562,407,864.33,Kolkata,medium
C07563,1464,3386.77,Chennai,low
C07564,252,3174.34,Kolkata,high
C07565,714,2279.01,Visakhapatnam,high
C07566,740,588.07,Delhi,low
C07567,48,1425.93,Kolkata,low
C07568,412,811.83,Bengaluru,low
C07569,341,3867.21,Chennai,low
C07570,955,1231.67,Kolkata,medium
C07571,1451,888.74,Ahmedabad,medium
C07572,851,1835.2,Mumbai,medium
C07573,1285,1187.31,Bengaluru,medium
C07574,86,4721.94,Bengaluru,low
C07575,392,1116.46,Chennai,high
C07576,234,724.91,Bengaluru,medium
C07577,1060,444.14,Chennai,high
C07578,1088,1764.34,Kolkata,low
C07579,42,1249.24,Vijayawada,low
C07580,251,711.06,Ahmedabad,high
C07581,1087,3899.25,Kolkata,medium
C07582,1486,2777.35,Ahmedabad,high
C07583,291,1767.29,Delhi,low
C07584,384,4369.28,Visakhapatnam,high
C07585,763,2768.86,Ahmedabad,low
C07586,589,1054.36,Ahmedabad,low
C07587,866,916.03,Chennai,low
C07588,1337,3063.24,Kolkata,low
C07589,331,2328.97,Bengaluru,low
C07590,139,2009.98,Delhi,high
C07591,544,1038.28,Delhi,high
C07592,1010,2672.33,Pune,low
C07593,910,1101.54,Pune,high
C07594,1235,1684.54,Kolkata,high
C07595,128,4610.33,Ahmedabad,high
C07596,747,1171.45,Mumbai,medium
C07597,572,647.49,Vijayawada,low
C07598,664,908.13,Mumbai,low
C07599,1405,3435.22,Vijayawada,high
C07600,506,2124.13,Vijayawada,medium
C07601,548,1655.36,Pune,medium
C07602,126,1292.88,Hyderabad,high
C07603,909,2467.66,Chennai,medium
C07604,1366,1036.52,Pune,medium
C07605,1365,2195.63,Ahmedabad,medium
C07606,328,1119.04,Delhi,low
C07607,258,1004.32,Mumbai,low
C07608,345,1189.37,Ahmedabad,medium
C07609,1130,1410.26,Visakhapatnam,high
C07610,1036,1743.77,Visakhapatnam,high
C07611,203,2097.68,Ahmedabad,medium
C07612,845,163.71,Delhi,low
C07613,1390,1064.83,Chennai,high
C07614,1343,1395.52,Mumbai,medium
C07615,377,4787.83,Hyderabad,low
C07616,1166,892.07,Vijayawada,medium
C07617,1433,2000.91,Mumbai,low
C07618,1002,4756.71,Pune,high
C07619,55,766.71,Vijayawada,low
C07620,167,2325.35,Visakhapatnam,medium
C07621,535,1068.56,Hyderabad,medium
C07622,703,1296.64,Delhi,low
C07623,821,1067.98,Visakhapatnam,low
C07624,695,1118.6,Vijayawada,high
C07625,326,10559.54,Chennai,high
C07626,499,3116.41,Pune,low
C07627,655,3683.69,Hyderabad,low
C07628,1463,2478.32,Bengaluru,high
C07629,171,633.64,Kolkata,medium
C07630,1001,2326.84,Vijayawada,medium
C07631,1083,3615.36,Bengaluru,medium
C07632,737,1033.63,Mumbai,medium
C07633,550,3371.13,Chennai,high
C07634,766,2845.12,Chennai,medium
C07635,905,5999.12,Hyderabad,high
C07636,460,1371.94,Vijayawada,medium
C07637,1439,881.91,Bengaluru,medium
C07638,1264,1422.94,Visakhapatnam,low
C07639,952,4576.38,Vijayawada,low
C07640,61,548.44,Pune,low
C07641,1348,469.23,Visakhapatnam,low
C07642,331,1907.69,Vijayawada,medium
C07643,1058,1350.0,Vijayawada,high
C07644,553,1809.06,Vijayawada,high
C07645,820,3327.56,Visakhapatnam,high
C07646,1216,1256.86,Kolkata,high
C07647,1110,532.77,Vijayawada,low
C07648,1444,6798.48,Visakhapatnam,low
C07649,656,941.38,Pune,medium
C07650,1215,904.31,Mumbai,medium
C07651,244,3688.44,Chennai,medium
C07652,1424,1401.96,Mumbai,medium
C07653,801,1727.34,Delhi,low
C07654,213,2463.54,Visakhapatnam,high
C07655,810,3640.48,Chennai,low
C07656,578,1449.24,Mumbai,low
C07657,1170,4834.39,Delhi,high
C07658,950,449.11,Mumbai,high
C07659,512,2949.54,Delhi,high
C07660,241,1042.99,Mumbai,low
C07661,1353,4391.9,Vijayawada,medium
C07662,91,1974.11,Kolkata,low
C07663,1190,1162.3,Delhi,low
C07664,1088,2769.41,Vijayawada,low
C07665,1487,3216.71,Visakhapatnam,high
C07666,464,2731.96,Mumbai,low
C07667,278,921.72,Hyderabad,low
C07668,60,1314.13,Mumbai,low
C07669,389,1795.24,Hyderabad,low
C07670,159,1752.37,Vijayawada,medium
C07671,974,2930.35,Kolkata,medium
C07672,264,485.83,Hyderabad,low
C07673,1070,2236.92,Visakhapatnam,high
C07674,1173,1490.78,Ahmedabad,high
C07675,821,1043.69,Bengaluru,low
C07676,1151,1110.9,Bengaluru,medium
C07677,417,1565.71,Pune,medium
C07678,220,173.27,Chennai,low
C07679,511,1141.05,Vijayawada,medium
C07680,683,1018.68,Delhi,high
C07681,204,2544.91,Visakhapatnam,high
C07682,127,1066.3,Ahmedabad,medium
C07683,892,1565.12,Vijayawada,high
C07684,313,4905.06,Delhi,medium
C07685,663,3435.34,Kolkata,high
C07686,677,3235.76,Bengaluru,low
C07687,37,1300.66,Delhi,high
C07688,64,2561.92,Ahmedabad,medium
C07689,403,1546.13,Hyderabad,medium
C07690,601,1584.59,Pune,high
C07691,1234,2349.22,Kolkata,medium
C07692,182,1221.09,Pune,low
C07693,1441,4750.45,Hyderabad,medium
C07694,916,1622.07,Kolkata,medium
C07695,580,2690.48,Bengaluru,low
C07696,56,4636.35,Kolkata,medium
C07697,642,3519.65,Bengaluru,high
C07698,214,720.36,Delhi,medium
C07699,33,2403.6,Ahmedabad,high
C07700,693,3129.13,Bengaluru,medium
C07701,1287,3213.94,Visakhapatnam,medium
C07702,1296,872.97,Ahmedabad,low
C07703,1100,1174.35,Visakhapatnam,low
C07704,782,3435.8,Vijayawada,low
C07705,910,1097.07,Kolkata,high
C07706,444,1481.4,Chennai,high
C07707,318,5013.36,Kolkata,high
C07708,1192,1744.93,Visakhapatnam,high
C07709,859,1122.3,Mumbai,medium
C07710,1272,1017.49,Ahmedabad,low
C07711,1111,2234.58,Delhi,high
C07712,917,756.72,Vijayawada,high
C07713,1095,1532.68,Visakhapatnam,low
C07714,997,2235.32,Vijayawada,high
C07715,1382,4188.05,Ahmedabad,high
C07716,178,2777.89,Pune,low
C07717,789,1131.61,Visakhapatnam,medium
C07718,399,3871.95,Pune,medium
C07719,188,1481.57,Visakhapatnam,medium
C07720,802,806.2,Hyderabad,high
C07721,1247,1609.56,Delhi,low
C07722,75,4584.11,Bengaluru,low
C07723,913,2004.1,Pune,medium
C07724,1322,1814.71,Vijayawada,high
C07725,1174,5217.27,Mumbai,medium
C07726,60,709.93,Chennai,low
C07727,1163,780.47,Hyderabad,high
C07728,784,629.7,Mumbai,low
C07729,974,2293.34,Pune,medium
C07730,1075,2005.73,Pune,low
C07731,973,4906.52,Ahmedabad,medium
C07732,625,2108.64,Bengaluru,high
C07733,312,1384.15,Ahmedabad,medium
C07734,818,1802.1,Visakhapatnam,low
C07735,182,1943.12,Bengaluru,high
C07736,1408,607.22,Vijayawada,low
C07737,604,10480.35,Bengaluru,high
C07738,1489,2523.64,Visakhapatnam,medium
C07739,312,2063.27,Kolkata,medium
C07740,392,2684.9,Mumbai,low
C07741,1265,2854.52,Ahmedabad,medium
C07742,1079,1642.84,Visakhapatnam,low
C07743,950,1194.2,Hyderabad,high
C07744,571,2657.62,Pune,medium
C07745,300,2312.89,Bengaluru,high
C07746,739,1063.28,Chennai,medium
C07747,1025,4527.45,Hyderabad,medium
C07748,921,2178.13,Vijayawada,low
C07749,35,2892.64,Visakhapatnam,low
C07750,288,4448.36,Pune,medium
C07751,30,1825.79,Visakhapatnam,low
C07752,131,2211.8,Bengaluru,high
C07753,847,3047.45,Delhi,high
C07754,730,1123.7,Kolkata,medium
C07755,138,1864.36,Ahmedabad,low
C07756,462,1953.05,Mumbai,medium
C07757,992,966.91,Mumbai,high
C07758,363,8119.35,Vijayawada,high
C07759,701,721.12,Chennai,low
C07760,149,774.16,Bengaluru,medium
C07761,1095,4229.29,Vijayawada,low
C07762,359,2861.68,Chennai,high
C07763,956,923.96,Delhi,low
C07764,309,2671.19,Kolkata,low
C07765,827,4673.41,Vijayawada,medium
C07766,42,1764.94,Ahmedabad,low
C07767,150,9747.6,Pune,high
C07768,1343,586.93,Hyderabad,low
C07769,267,2825.74,Visakhapatnam,medium
C07770,32,3842.14,Visakhapatnam,low
C07771,979,3212.86,Bengaluru,high
C07772,206,1576.1,Pune,low
C07773,905,1490.33,Bengaluru,high
C07774,119,2402.43,Pune,low
C07775,932,3058.81,Hyderabad,high
C07776,308,2662.84,Delhi,low
C07777,97,3538.93,Ahmedabad,low
C07778,911,928.23,Visakhapatnam,medium
C07779,1423,1552.3,Hyderabad,low
C07780,1020,977.04,Chennai,high
C07781,1368,1400.48,Bengaluru,high
C07782,1205,3482.26,Chennai,high
C07783,1486,1930.88,Pune,high
C07784,630,9798.65,Delhi,high
C07785,318,2041.12,Visakhapatnam,high
C07786,989,1871.21,Kolkata,high
C07787,1167,1928.62,Visakhapatnam,low
C07788,874,1189.12,Pune,low
C07789,1248,1733.59,Chennai,medium
C07790,997,3746.6,Bengaluru,medium
C07791,210,1938.41,Visakhapatnam,high
C07792,1084,1074.7,Mumbai,medium
C07793,444,986.57,Chennai,high
C07794,199,1343.34,Delhi,high
C07795,174,1888.53,Hyderabad,medium
C07796,710,3910.31,Hyderabad,low
C07797,750,753.12,Vijayawada,high
C07798,1280,1462.14,Kolkata,low
C07799,1432,1977.02,Mumbai,low
C07800,989,546.55,Chennai,low
C07801,767,1047.02,Ahmedabad,medium
C07802,1103,1157.03,Delhi,medium
C07803,340,1072.94,Kolkata,high
C07804,153,2039.11,Kolkata,medium
C07805,1147,1621.62,Kolkata,low
C07806,909,1254.64,Ahmedabad,low
C07807,1234,2377.29,Vijayawada,low
C07808,1499,5516.73,Chennai,medium
C07809,1139,5224.21,Vijayawada,low
C07810,1150,515.81,Chennai,low
C07811,681,2619.24,Delhi,medium
C07812,1321,1603.31,Chennai,medium
C07813,312,1991.0,Vijayawada,low
C07814,707,1389.44,Pune,low
C07815,942,1942.97,Ahmedabad,medium
C07816,1473,1986.16,Hyderabad,medium
C07817,767,1235.49,Ahmedabad,high
C07818,717,1005.16,Pune,low
C07819,775,1344.65,Kolkata,low
C07820,451,2096.05,Visakhapatnam,low
C07821,49,2656.83,Visakhapatnam,low
C07822,1137,3134.48,Pune,medium
C07823,249,1305.47,Hyderabad,medium
C07824,1318,2164.71,Chennai,high
C07825,86,3364.95,Visakhapatnam,low
C07826,508,3839.81,Bengaluru,low
C07827,235,1732.47,Ahmedabad,high
C07828,824,1559.21,Bengaluru,high
C07829,1436,2038.1,Hyderabad,low
C07830,702,852.55,Chennai,high
C07831,941,1587.15,Kolkata,low
C07832,1436,2920.54,Mumbai,low
C07833,1328,2732.05,Hyderabad,medium
C07834,1498,1510.0,Visakhapatnam,medium
C07835,508,2073.64,Pune,medium
C07836,1460,1053.13,Bengaluru,high
C07837,392,2843.56,Hyderabad,low
C07838,1395,1711.21,Mumbai,low
C07839,926,1504.44,Pune,high
C07840,761,1422.86,Hyderabad,low
C07841,353,1727.9,Kolkata,high
C07842,133,1345.37,Bengaluru,medium
C07843,257,2760.96,Pune,low
C07844,404,1392.15,Pune,high
C07845,1435,5069.35,Visakhapatnam,medium
C07846,931,4665.4,Visakhapatnam,medium
C07847,95,1008.32,Ahmedabad,medium
C07848,119,1883.43,Ahmedabad,low
C07849,937,1179.23,Delhi,low
C07850,979,1455.67,Visakhapatnam,high
C07851,131,6615.16,Pune,high
C07852,1238,1473.83,Pune,high
C07853,87,2274.89,Delhi,high
C07854,164,2559.07,Hyderabad,low
C07855,834,939.3,Chennai,high
C07856,1303,1032.49,Delhi,medium
C07857,54,821.91,Delhi,high
C07858,1215,1011.98,Bengaluru,low
C07859,598,282.31,Pune,low
C07860,94,2564.5,Delhi,medium
C07861,123,6841.54,Vijayawada,high
C07862,1460,1981.53,Chennai,low
C07863,177,716.92,Vijayawada,medium
C07864,1313,1185.28,Visakhapatnam,low
C07865,483,1335.78,Pune,high
C07866,1292,929.0,Mumbai,high
C07867,765,3148.43,Pune,low
C07868,795,3047.91,Visakhapatnam,medium
C07869,330,849.37,Hyderabad,medium
C07870,824,2883.74,Bengaluru,low
C07871,151,4856.0,Kolkata,medium
C07872,1196,6199.38,Visakhapatnam,low
C07873,1349,11590.37,Hyderabad,medium
C07874,1199,1001.49,Kolkata,high
C07875,150,11285.63,Bengaluru,high
C07876,822,1429.83,Ahmedabad,medium
C07877,568,1224.69,Hyderabad,high
C07878,524,2226.4,Ahmedabad,high
C07879,576,1233.0,Mumbai,high
C07880,476,2333.02,Delhi,high
C07881,621,763.18,Chennai,high
C07882,1461,1541.26,Pune,low
C07883,72,4151.27,Hyderabad,medium
C07884,1035,1734.46,Ahmedabad,medium
C07885,351,1973.53,Pune,medium
C07886,46,2451.51,Delhi,low
C07887,1326,3852.48,Pune,low
C07888,179,613.79,Ahmedabad,low
C07889,807,2631.96,Pune,medium
C07890,296,1512.1,Kolkata,low
C07891,615,2005.92,Bengaluru,medium
C07892,1130,3584.98,Chennai,low
C07893,1222,828.25,Hyderabad,high
C07894,412,931.99,Visakhapatnam,high
C07895,336,511.58,Delhi,low
C07896,660,1259.65,Pune,low
C07897,172,4274.07,Hyderabad,high
C07898,95,1664.3,Visakhapatnam,low
C07899,1347,753.3,Kolkata,high
C07900,125,1312.71,Pune,low
C07901,41,684.32,Vijayawada,high
C07902,877,866.25,Vijayawada,medium
C07903,527,2317.57,Hyderabad,low
C07904,268,839.26,Bengaluru,medium
C07905,834,3709.88,Ahmedabad,low
C07906,308,1718.68,Visakhapatnam,low
C07907,606,1902.98,Pune,medium
C07908,714,1502.07,Visakhapatnam,high
C07909,1142,2974.68,Ahmedabad,medium
C07910,1188,2994.69,Mumbai,low
C07911,380,2237.98,Visakhapatnam,high
C07912,1245,2598.41,Kolkata,medium
C07913,373,1568.2,Kolkata,low
C07914,502,2560.54,Delhi,medium
C07915,1404,1445.08,Mumbai,low
C07916,1451,1802.61,Mumbai,medium
C07917,787,1505.72,Pune,high
C07918,412,1337.22,Bengaluru,medium
C07919,976,1150.12,Ahmedabad,low
C07920,1453,2439.48,Visakhapatnam,low
C07921,32,4219.35,Ahmedabad,low
C07922,216,3853.58,Pune,low
C07923,492,795.34,Vijayawada,low
C07924,400,4161.06,Delhi,medium
C07925,1464,1463.72,Mumbai,low
C07926,1355,2659.83,Visakhapatnam,high
C07927,1382,998.75,Mumbai,low
C07928,752,1974.02,Vijayawada,low
C07929,1099,2207.16,Visakhapatnam,medium
C07930,38,685.77,Pune,high
C07931,223,2672.89,Kolkata,low
C07932,259,4317.36,Vijayawada,medium
C07933,463,1606.83,Vijayawada,medium
C07934,710,4357.49,Vijayawada,high
C07935,197,1591.2,Visakhapatnam,medium
C07936,1195,3126.82,Ahmedabad,high
C07937,993,425.59,Mumbai,high
C07938,1444,8671.07,Bengaluru,medium
C07939,1168,4758.03,Vijayawada,low
C07940,1481,1495.98,Hyderabad,medium
C07941,514,499.54,Ahmedabad,high
C07942,1462,2170.6,Visakhapatnam,low
C07943,167,704.15,Vijayawada,medium
C07944,1276,2403.54,Mumbai,high
C07945,1221,2352.09,Ahmedabad,low
C07946,1072,976.16,Chennai,medium
C07947,666,3730.03,Hyderabad,high
C07948,226,3038.64,Vijayawada,low
C07949,374,3394.21,Ahmedabad,low
C07950,32,1810.39,Hyderabad,low
C07951,1158,717.27,Delhi,high
C07952,633,3398.74,Vijayawada,low
C07953,1310,1509.9,Delhi,low
C07954,1386,729.37,Mumbai,low
C07955,546,4334.53,Bengaluru,medium
C07956,600,7045.59,Ahmedabad,medium
C07957,1371,1752.38,Delhi,high
C07958,299,7324.43,Vijayawada,high
C07959,254,1910.07,Bengaluru,medium
C07960,767,1405.64,Visakhapatnam,high
C07961,1485,1194.81,Delhi,high
C07962,50,5216.83,Mumbai,high
C07963,1314,1084.04,Hyderabad,low
C07964,103,2902.9,Delhi,low
C07965,597,1251.48,Mumbai,low
C07966,298,1334.54,Mumbai,high
C07967,928,3516.44,Ahmedabad,medium
C07968,290,1406.02,Bengaluru,low
C07969,793,1383.57,Delhi,low
C07970,297,3758.84,Vijayawada,low
C07971,885,5083.98,Pune,low
C07972,863,2736.93,Chennai,medium
C07973,433,1176.08,Hyderabad,high
C07974,147,1291.61,Pune,high
C07975,1248,1895.97,Delhi,medium
C07976,965,2217.52,Ahmedabad,medium
C07977,844,947.12,Visakhapatnam,low
C07978,1281,2879.92,Vijayawada,low
C07979,300,1902.88,Bengaluru,high
C07980,76,590.12,Mumbai,high
C07981,213,984.11,Kolkata,high
C07982,1434,1297.06,Bengaluru,medium
C07983,641,1716.74,Kolkata,high
C07984,113,6146.1,Mumbai,high
C07985,1117,2101.39,Delhi,low
C07986,89,1042.15,Chennai,low
C07987,1138,2077.57,Chennai,low
C07988,1299,1431.8,Kolkata,medium
C07989,362,2223.05,Mumbai,high
C07990,196,2625.2,Delhi,low
C07991,889,3950.28,Ahmedabad,low
C07992,1056,1771.81,Hyderabad,medium
C07993,861,5223.2,Vijayawada,medium
C07994,885,3247.88,Kolkata,medium
C07995,113,1136.5,Kolkata,low
C07996,1464,7570.0,Kolkata,low
C07997,202,2226.28,Visakhapatnam,high
C07998,836,1045.98,Pune,medium
C07999,153,5270.79,Chennai,high
C08000,617,6947.22,Chennai,medium
C08001,1373,1761.77,Hyderabad,medium
C08002,913,1297.47,Kolkata,low
C08003,1432,1609.21,Chennai,high
C08004,416,2864.41,Delhi,high
C08005,883,4130.48,Pune,low
C08006,649,2608.05,Visakhapatnam,medium
C08007,372,1923.04,Ahmedabad,low
C08008,295,4765.94,Mumbai,medium
C08009,305,1468.8,Kolkata,low
C08010,211,3517.97,Chennai,low
C08011,553,1492.64,Delhi,medium
C08012,1392,2382.03,Mumbai,high
C08013,733,1671.92,Vijayawada,high
C08014,686,1735.82,Chennai,high
C08015,339,1408.44,Bengaluru,high
C08016,1084,4314.33,Vijayawada,high
C08017,110,1117.82,Vijayawada,high
C08018,1039,1112.53,Visakhapatnam,high
C08019,1295,7145.14,Bengaluru,high
C08020,1305,3398.68,Kolkata,low
C08021,1339,381.92,Delhi,high
C08022,667,1246.54,Bengaluru,high
C08023,1260,554.32,Visakhapatnam,high
C08024,808,970.29,Chennai,low
C08025,441,234.04,Vijayawada,medium
C08026,520,1646.65,Mumbai,high
C08027,606,856.86,Ahmedabad,low
C08028,778,1871.47,Hyderabad,medium
C08029,1118,625.91,Delhi,low
C08030,532,1899.67,Chennai,low
C08031,101,1374.5,Delhi,low
C08032,191,4778.16,Pune,high
C08033,1113,4504.91,Ahmedabad,medium
C08034,87,2998.95,Pune,high
C08035,576,1455.7,Pune,medium
C08036,829,6542.27,Visakhapatnam,high
C08037,580,655.94,Ahmedabad,medium
C08038,958,722.87,Kolkata,high
C08039,1488,1704.6,Chennai,high
C08040,1331,7790.55,Pune,low
C08041,768,1578.17,Delhi,medium
C08042,789,1597.88,Visakhapatnam,medium
C08043,584,705.07,Kolkata,medium
C08044,1247,3328.9,Vijayawada,medium
C08045,160,3344.61,Kolkata,low
C08046,604,3006.23,Mumbai,low
C08047,392,1195.77,Pune,medium
C08048,787,1137.04,Hyderabad,high
C08049,1458,776.67,Hyderabad,high
C08050,710,1900.86,Visakhapatnam,medium
C08051,1070,891.83,Bengaluru,medium
C08052,409,837.33,Kolkata,high
C08053,322,1366.68,Pune,medium
C08054,1209,1309.75,Kolkata,medium
C08055,648,1268.84,Ahmedabad,low
C08056,261,2437.51,Delhi,low
C08057,958,1894.9,Chennai,low
C08058,520,1492.55,Pune,high
C08059,1235,2027.38,Bengaluru,medium
C08060,401,944.87,Kolkata,low
C08061,615,1927.49,Hyderabad,high
C08062,572,1985.12,Vijayawada,high
C08063,430,677.6,Delhi,low
C08064,880,3438.34,Bengaluru,medium
C08065,678,1014.97,Chennai,low
C08066,144,1908.83,Ahmedabad,high
C08067,875,3836.86,Delhi,high
C08068,967,3285.36,Delhi,low
C08069,1424,1840.62,Hyderabad,low
C08070,1123,1422.14,Bengaluru,medium
C08071,1117,3332.32,Pune,low
C08072,320,2790.83,Bengaluru,low
C08073,784,1204.24,Vijayawada,medium
C08074,219,1073.69,Vijayawada,medium
C08075,681,468.02,Mumbai,low
C08076,772,1989.55,Chennai,high
C08077,390,1705.8,Kolkata,high
C08078,973,3767.12,Chennai,medium
C08079,1423,2273.16,Ahmedabad,low
C08080,260,4284.64,Ahmedabad,low
C08081,1346,1143.96,Mumbai,high
C08082,1415,3771.92,Hyderabad,high
C08083,1113,1276.33,Kolkata,medium
C08084,332,2983.88,Delhi,medium
C08085,977,697.39,Ahmedabad,low
C08086,1212,2097.25,Kolkata,medium
C08087,1426,495.46,Pune,medium
C08088,415,1513.08,Delhi,medium
C08089,36,2396.52,Bengaluru,medium
C08090,156,1282.94,Hyderabad,high
C08091,1464,909.37,Pune,low
C08092,929,3119.78,Vijayawada,low
C08093,80,1682.93,Pune,medium
C08094,1359,1309.4,Vijayawada,high
C08095,123,1849.69,Hyderabad,low
C08096,341,9990.37,Ahmedabad,high
C08097,394,3809.75,Mumbai,low
C08098,663,3832.28,Mumbai,medium
C08099,978,2389.04,Delhi,low
C08100,901,2005.72,Hyderabad,high
C08101,646,379.21,Delhi,high
C08102,1447,1157.72,Bengaluru,low
C08103,845,1317.07,Vijayawada,high
C08104,1451,532.12,Bengaluru,medium
C08105,366,848.29,Hyderabad,low
C08106,279,496.71,Delhi,medium
C08107,1304,1755.71,Pune,medium
C08108,1482,3064.81,Mumbai,high
C08109,830,3695.77,Mumbai,high
C08110,84,2357.02,Visakhapatnam,high
C08111,411,962.31,Visakhapatnam,high
C08112,1322,512.7,Ahmedabad,low
C08113,734,574.54,Mumbai,high
C08114,794,788.95,Visakhapatnam,medium
C08115,1380,1010.08,Delhi,low
C08116,333,1622.47,Mumbai,low
C08117,1340,931.07,Ahmedabad,low
C08118,1462,2243.69,Visakhapatnam,low
C08119,1099,1547.76,Visakhapatnam,high
C08120,386,1812.38,Hyderabad,medium
C08121,774,3777.07,Ahmedabad,high
C08122,1450,835.8,Delhi,medium
C08123,491,2363.03,Mumbai,low
C08124,896,1783.73,Kolkata,low
C08125,1068,1449.21,Pune,low
C08126,991,3200.17,Kolkata,low
C08127,130,3187.21,Vijayawada,medium
C08128,123,972.94,Vijayawada,low
C08129,826,1599.01,Visakhapatnam,medium
C08130,277,2161.01,Vijayawada,low
C08131,439,1507.32,Kolkata,low
C08132,232,2632.81,Hyderabad,medium
C08133,285,2160.98,Mumbai,medium
C08134,234,5923.64,Pune,high
C08135,1163,665.71,Delhi,high
C08136,1418,1662.3,Vijayawada,high
C08137,404,997.26,Bengaluru,medium
C08138,1394,2665.67,Kolkata,high
C08139,566,629.16,Vijayawada,medium
C08140,854,2254.41,Ahmedabad,low
C08141,694,1195.13,Ahmedabad,medium
C08142,298,1116.93,Mumbai,low
C08143,473,702.97,Mumbai,low
C08144,360,1330.41,Vijayawada,low
C08145,1329,3642.65,Bengaluru,high
C08146,628,1770.77,Chennai,low
C08147,738,2706.83,Vijayawada,high
C08148,1189,5311.13,Mumbai,high
C08149,1391,2136.63,Mumbai,low
C08150,754,1251.78,Kolkata,low
C08151,802,2438.79,Mumbai,high
C08152,721,1263.64,Delhi,medium
C08153,1373,1296.82,Hyderabad,medium
C08154,526,670.22,Ahmedabad,low
C08155,166,3286.6,Bengaluru,high
C08156,143,1400.58,Chennai,medium
C08157,1430,2026.18,Ahmedabad,medium
C08158,244,917.97,Delhi,low
C08159,1024,2389.66,Pune,low
C08160,1174,1096.94,Chennai,low
C08161,1367,1641.61,Vijayawada,medium
C08162,334,3184.75,Hyderabad,high
C08163,176,3009.52,Delhi,medium
C08164,387,1774.41,Kolkata,high
C08165,147,570.35,Vijayawada,medium
C08166,1389,12592.65,Kolkata,low
C08167,1199,5599.04,Ahmedabad,high
C08168,778,2879.24,Kolkata,low
C08169,672,1103.19,Chennai,medium
C08170,122,1671.89,Pune,medium
C08171,544,1264.36,Visakhapatnam,low
C08172,386,4093.06,Bengaluru,medium
C08173,207,2134.89,Kolkata,high
C08174,578,1081.21,Bengaluru,low
C08175,1189,1325.51,Pune,medium
C08176,907,3730.56,Chennai,low
C08177,1196,5092.91,Bengaluru,high
C08178,799,4860.8,Visakhapatnam,low
C08179,1240,2944.26,Pune,medium
C08180,1150,1527.42,Ahmedabad,medium
C08181,408,218.89,Hyderabad,medium
C08182,31,2183.53,Mumbai,low
C08183,549,1797.86,Mumbai,medium
C08184,354,1971.46,Hyderabad,low
C08185,1305,1864.18,Ahmedabad,low
C08186,308,760.12,Bengaluru,low
C08187,659,2585.97,Bengaluru,low
C08188,1200,2714.82,Delhi,high
C08189,910,2804.73,Visakhapatnam,medium
C08190,977,3330.3,Vijayawada,high
C08191,1355,2665.58,Ahmedabad,medium
C08192,104,1378.87,Visakhapatnam,high
C08193,1001,1719.0,Delhi,low
C08194,367,1909.84,Kolkata,medium
C08195,1020,1930.52,Delhi,low
C08196,1262,3443.98,Mumbai,low
C08197,926,2735.11,Kolkata,high
C08198,87,6945.26,Ahmedabad,medium
C08199,1454,7553.35,Visakhapatnam,high
C08200,1125,1895.64,Visakhapatnam,medium
C08201,1358,148.67,Vijayawada,medium
C08202,751,4021.79,Delhi,high
C08203,455,1266.86,Visakhapatnam,high
C08204,1449,1069.11,Chennai,low
C08205,266,1389.3,Visakhapatnam,low
C08206,1320,1346.45,Kolkata,medium
C08207,662,2679.85,Delhi,low
C08208,1079,653.22,Visakhapatnam,high
C08209,715,893.39,Mumbai,low
C08210,285,2249.8,Mumbai,low
C08211,354,2698.51,Bengaluru,high
C08212,171,2731.33,Pune,low
C08213,744,1079.19,Ahmedabad,medium
C08214,587,953.05,Chennai,high
C08215,1340,1294.95,Ahmedabad,medium
C08216,1012,2103.71,Hyderabad,high
C08217,132,4727.27,Hyderabad,low
C08218,891,475.66,Vijayawada,medium
C08219,840,1559.42,Chennai,medium
C08220,1145,756.95,Kolkata,medium
C08221,851,614.98,Chennai,high
C08222,947,3374.71,Visakhapatnam,medium
C08223,663,2564.57,Bengaluru,medium
C08224,442,2410.7,Kolkata,medium
C08225,903,3275.44,Hyderabad,medium
C08226,707,1317.81,Hyderabad,low
C08227,862,1358.76,Delhi,medium
C08228,674,7452.22,Delhi,medium
C08229,437,1533.44,Hyderabad,high
C08230,820,2902.65,Chennai,high
C08231,903,1807.48,Visakhapatnam,low
C08232,981,541.41,Ahmedabad,low
C08233,255,476.53,Visakhapatnam,high
C08234,763,1235.46,Mumbai,high
C08235,1455,3576.03,Kolkata,low
C08236,687,3004.7,Delhi,low
C08237,1452,3260.68,Pune,high
C08238,984,947.63,Hyderabad,low
C08239,783,5145.4,Pune,low
C08240,360,961.37,Vijayawada,low
C08241,977,2067.05,Kolkata,high
C08242,452,1787.93,Kolkata,medium
C08243,510,1607.64,Bengaluru,medium
C08244,1287,4296.8,Chennai,high
C08245,1301,1138.22,Vijayawada,high
C08246,716,748.67,Visakhapatnam,medium
C08247,744,1823.55,Chennai,medium
C08248,1376,1388.05,Kolkata,low
C08249,641,16168.83,Pune,medium
C08250,628,2794.12,Delhi,medium
C08251,1482,1379.49,Chennai,low
C08252,655,906.03,Visakhapatnam,low
C08253,840,530.25,Visakhapatnam,high
C08254,1236,924.4,Delhi,high
C08255,526,1939.63,Chennai,medium
C08256,1214,4551.93,Ahmedabad,medium
C08257,493,3731.78,Visakhapatnam,medium
C08258,869,2089.03,Chennai,low
C08259,1106,1458.97,Vijayawada,low
C08260,329,2143.66,Delhi,low
C08261,1245,1284.89,Pune,high
C08262,890,5499.86,Mumbai,high
C08263,1006,1591.72,Delhi,high
C08264,1400,1701.77,Vijayawada,high
C08265,1099,426.35,Visakhapatnam,medium
C08266,234,1585.27,Delhi,low
C08267,242,3100.31,Hyderabad,high
C08268,942,899.22,Mumbai,low
C08269,1445,1104.97,Mumbai,low
C08270,1010,3013.34,Hyderabad,medium
C08271,699,689.33,Chennai,high
C08272,742,3579.98,Delhi,medium
C08273,1320,1273.66,Kolkata,medium
C08274,719,1398.24,Ahmedabad,high
C08275,300,866.98,Mumbai,low
C08276,530,2301.4,Hyderabad,low
C08277,648,8905.81,Chennai,high
C08278,916,2991.45,Chennai,medium
C08279,161,1026.34,Mumbai,high
C08280,1281,3765.72,Delhi,high
C08281,141,1465.13,Hyderabad,low
C08282,758,4398.23,Bengaluru,low
C08283,265,3040.82,Delhi,high
C08284,975,265.74,Pune,medium
C08285,759,937.19,Vijayawada,high
C08286,1248,3325.56,Kolkata,low
C08287,707,1986.48,Visakhapatnam,medium
C08288,1316,925.28,Ahmedabad,low
C08289,1167,1192.38,Kolkata,low
C08290,1204,521.38,Visakhapatnam,low
C08291,170,1699.52,Chennai,high
C08292,768,7574.1,Vijayawada,medium
C08293,417,3037.37,Chennai,high
C08294,700,7474.95,Kolkata,medium
C08295,483,3194.23,Bengaluru,low
C08296,486,3510.11,Vijayawada,high
C08297,789,6494.38,Hyderabad,low
C08298,637,2300.23,Mumbai,low
C08299,864,1593.75,Mumbai,high
C08300,307,3521.95,Hyderabad,low
C08301,429,4631.05,Chennai,medium
C08302,629,1317.6,Mumbai,medium
C08303,862,1126.11,Delhi,high
C08304,250,1970.02,Hyderabad,medium
C08305,505,3090.28,Ahmedabad,high
C08306,1216,3023.9,Kolkata,high
C08307,1449,713.25,Kolkata,high
C08308,87,6235.95,Hyderabad,high
C08309,1363,1186.53,Pune,high
C08310,1479,1515.12,Mumbai,high
C08311,604,1001.06,Kolkata,high
C08312,132,10398.9,Mumbai,high
C08313,213,2106.72,Ahmedabad,medium
C08314,615,1035.26,Bengaluru,medium
C08315,569,3156.1,Delhi,low
C08316,648,2967.52,Delhi,medium
C08317,149,1593.23,Mumbai,low
C08318,1128,3108.63,Pune,low
C08319,364,1052.69,Mumbai,high
C08320,1278,1306.55,Chennai,medium
C08321,830,487.31,Pune,low
C08322,948,761.26,Pune,high
C08323,356,5828.42,Delhi,low
C08324,303,5231.59,Vijayawada,low
C08325,1307,1878.64,Delhi,low
C08326,309,5305.22,Hyderabad,low
C08327,706,1622.13,Kolkata,high
C08328,250,1536.6,Delhi,low
C08329,50,1867.35,Delhi,low
C08330,479,1659.62,Delhi,medium
C08331,866,1565.04,Ahmedabad,medium
C08332,168,3784.81,Bengaluru,high
C08333,906,1984.52,Ahmedabad,medium
C08334,51,2860.22,Ahmedabad,medium
C08335,320,3519.03,Ahmedabad,high
C08336,1279,2316.62,Pune,medium
C08337,540,958.02,Hyderabad,low
C08338,599,747.09,Pune,low
C08339,144,1982.77,Bengaluru,low
C08340,502,1610.38,Visakhapatnam,high
C08341,559,1905.21,Ahmedabad,low
C08342,511,1781.31,Hyderabad,low
C08343,584,9651.46,Mumbai,low
C08344,290,758.16,Vijayawada,medium
C08345,968,493.77,Bengaluru,high
C08346,63,2234.08,Bengaluru,medium
C08347,1499,1409.33,Mumbai,low
C08348,1385,2210.53,Mumbai,medium
C08349,136,2630.86,Pune,low
C08350,929,4147.29,Kolkata,medium
C08351,1382,675.76,Vijayawada,medium
C08352,238,1253.48,Ahmedabad,high
C08353,1332,2378.53,Ahmedabad,medium
C08354,563,2970.08,Kolkata,low
C08355,1304,7489.7,Visakhapatnam,low
C08356,570,3350.11,Hyderabad,medium
C08357,766,1734.77,Vijayawada,low
C08358,1129,1009.04,Ahmedabad,low
C08359,1417,1247.32,Ahmedabad,high
C08360,333,1224.5,Pune,high
C08361,161,2755.75,Mumbai,low
C08362,678,2127.26,Visakhapatnam,low
C08363,1227,761.41,Pune,medium
C08364,837,1355.88,Vijayawada,medium
C08365,1489,3184.17,Chennai,high
C08366,331,2262.27,Delhi,medium
C08367,540,2604.93,Delhi,medium
C08368,1204,2308.7,Bengaluru,low
C08369,234,5180.84,Mumbai,low
C08370,206,2098.48,Hyderabad,low
C08371,1117,1400.56,Ahmedabad,high
C08372,115,992.57,Delhi,high
C08373,739,2117.07,Vijayawada,medium
C08374,1287,368.37,Hyderabad,high
C08375,181,1596.8,Ahmedabad,low
C08376,1022,1574.58,Chennai,high
C08377,103,741.47,Delhi,high
C08378,339,984.53,Pune,low
C08379,1233,3046.72,Visakhapatnam,high
C08380,545,2091.22,Pune,low
C08381,1255,1923.12,Pune,high
C08382,254,2196.6,Ahmedabad,low
C08383,383,1911.7,Mumbai,low
C08384,1038,4037.59,Kolkata,high
C08385,551,1950.36,Delhi,low
C08386,1171,697.64,Ahmedabad,low
C08387,364,5193.31,Hyderabad,medium
C08388,622,2289.9,Mumbai,low
C08389,261,1227.24,Kolkata,low
C08390,801,796.98,Pune,high
C08391,563,2328.28,Visakhapatnam,high
C08392,813,1668.0,Delhi,low
C08393,33,5007.73,Vijayawada,low
C08394,444,1437.56,Chennai,medium
C08395,648,1044.45,Ahmedabad,low
C08396,654,3222.17,Vijayawada,high
C08397,1052,3284.52,Vijayawada,high
C08398,1218,2008.54,Pune,low
C08399,584,2793.84,Ahmedabad,low
C08400,370,1756.44,Hyderabad,medium
C08401,1287,2095.51,Kolkata,high
C08402,1431,3838.3,Pune,low
C08403,1283,2702.68,Pune,low
C08404,1426,1612.46,Ahmedabad,medium
C08405,557,4335.44,Visakhapatnam,high
C08406,402,386.99,Kolkata,medium
C08407,1329,6832.12,Delhi,low
C08408,1254,593.87,Pune,medium
C08409,507,1197.43,Chennai,low
C08410,956,1752.76,Ahmedabad,medium
C08411,683,1636.52,Mumbai,low
C08412,764,3462.37,Visakhapatnam,low
C08413,65,905.01,Kolkata,low
C08414,847,2132.48,Pune,high
C08415,201,1236.08,Mumbai,high
C08416,304,2180.66,Hyderabad,high
C08417,785,1725.79,Visakhapatnam,high
C08418,352,1912.09,Mumbai,high
C08419,615,1259.02,Bengaluru,low
C08420,690,1292.07,Kolkata,low
C08421,116,2169.54,Mumbai,high
C08422,680,3324.11,Pune,high
C08423,1465,1220.07,Visakhapatnam,medium
C08424,506,1023.36,Kolkata,low
C08425,978,2681.93,Mumbai,high
C08426,866,1762.37,Mumbai,high
C08427,637,3088.27,Mumbai,low
C08428,913,999.02,Kolkata,low
C08429,716,566.18,Chennai,high
C08430,1083,1272.95,Hyderabad,high
C08431,1399,1093.8,Vijayawada,medium
C08432,228,1710.14,Delhi,low
C08433,249,1189.86,Delhi,high
C08434,1132,2913.77,Hyderabad,low
C08435,588,1492.55,Visakhapatnam,high
C08436,489,1984.95,Mumbai,low
C08437,1345,1994.21,Bengaluru,low
C08438,340,2043.18,Bengaluru,low
C08439,186,1771.99,Pune,high
C08440,636,2508.48,Vijayawada,high
C08441,260,1073.16,Pune,high
C08442,344,4470.09,Kolkata,high
C08443,884,1543.48,Vijayawada,medium
C08444,852,767.42,Chennai,low
C08445,242,2034.06,Visakhapatnam,low
C08446,1117,1035.12,Pune,medium
C08447,1169,2773.9,Vijayawada,low
C08448,827,7568.77,Chennai,medium
C08449,303,1079.52,Hyderabad,low
C08450,825,2234.08,Mumbai,high
C08451,1059,575.05,Ahmedabad,medium
C08452,1337,2417.72,Vijayawada,medium
C08453,530,1012.15,Pune,high
C08454,700,1199.19,Kolkata,high
C08455,852,879.81,Chennai,medium
C08456,666,2897.03,Bengaluru,high
C08457,921,3464.38,Mumbai,low
C08458,636,1827.57,Mumbai,low
C08459,1280,1026.25,Mumbai,high
C08460,923,5058.03,Mumbai,low
C08461,183,1105.19,Delhi,low
C08462,65,441.52,Chennai,high
C08463,160,2424.78,Hyderabad,medium
C08464,364,877.82,Visakhapatnam,medium
C08465,1119,3422.54,Delhi,low
C08466,606,1405.01,Ahmedabad,high
C08467,1193,2664.99,Bengaluru,low
C08468,994,4476.14,Visakhapatnam,medium
C08469,344,820.39,Kolkata,high
C08470,1278,1245.99,Visakhapatnam,high
C08471,598,1713.61,Visakhapatnam,high
C08472,1108,4890.01,Bengaluru,high
C08473,359,1173.32,Vijayawada,high
C08474,437,1223.06,Bengaluru,high
C08475,1155,2456.11,Hyderabad,low
C08476,479,1236.87,Kolkata,medium
C08477,869,1987.6,Hyderabad,high
C08478,1439,656.58,Mumbai,high
C08479,34,7592.05,Hyderabad,low
C08480,742,749.59,Delhi,high
C08481,360,1460.31,Vijayawada,medium
C08482,426,1762.4,Vijayawada,medium
C08483,416,6240.34,Bengaluru,low
C08484,688,760.82,Hyderabad,medium
C08485,397,6535.14,Chennai,low
C08486,1114,2944.54,Delhi,high
C08487,1483,2360.56,Hyderabad,medium
C08488,1162,949.12,Mumbai,medium
C08489,1291,2609.16,Mumbai,high
C08490,1186,1124.7,Visakhapatnam,low
C08491,152,4100.53,Ahmedabad,medium
C08492,1123,957.52,Kolkata,low
C08493,966,1672.36,Kolkata,low
C08494,495,1254.65,Mumbai,high
C08495,453,947.33,Vijayawada,high
C08496,819,2914.34,Delhi,low
C08497,1020,2549.34,Kolkata,high
C08498,200,3949.71,Vijayawada,medium
C08499,1330,566.02,Bengaluru,high
C08500,1140,3594.83,Kolkata,low
C08501,844,9173.59,Ahmedabad,low
C08502,537,1342.08,Kolkata,high
C08503,654,6169.6,Bengaluru,low
C08504,182,1517.0,Delhi,low
C08505,1389,737.65,Vijayawada,low
C08506,441,1475.69,Delhi,high
C08507,1276,3557.72,Mumbai,low
C08508,1408,1043.91,Vijayawada,high
C08509,488,1218.43,Pune,low
C08510,974,2647.42,Visakhapatnam,high
C08511,159,1803.58,Vijayawada,medium
C08512,696,2632.13,Hyderabad,medium
C08513,1017,2100.92,Ahmedabad,medium
C08514,224,2458.48,Hyderabad,medium
C08515,1318,1359.06,Pune,high
C08516,372,2092.61,Hyderabad,high
C08517,1132,985.11,Vijayawada,low
C08518,1369,4158.97,Chennai,low
C08519,183,1191.85,Visakhapatnam,low
C08520,986,3749.18,Visakhapatnam,medium
C08521,869,1546.42,Bengaluru,medium
C08522,1060,2052.56,Bengaluru,medium
C08523,1245,1304.81,Kolkata,high
C08524,1122,929.96,Delhi,high
C08525,1448,579.08,Chennai,medium
C08526,1383,906.49,Ahmedabad,low
C08527,1413,1458.26,Hyderabad,high
C08528,338,2065.78,Kolkata,medium
C08529,784,3471.31,Kolkata,high
C08530,817,1347.22,Mumbai,high
C08531,754,1014.62,Visakhapatnam,low
C08532,313,704.7,Pune,medium
C08533,448,2459.18,Chennai,high
C08534,1068,4423.2,Visakhapatnam,high
C08535,362,4099.65,Pune,medium
C08536,487,2855.49,Visakhapatnam,medium
C08537,1404,2726.01,Kolkata,high
C08538,1333,5426.22,Hyderabad,medium
C08539,640,2233.66,Mumbai,high
C08540,1274,2739.49,Hyderabad,medium
C08541,579,1461.23,Ahmedabad,low
C08542,1294,742.64,Kolkata,medium
C08543,1238,1154.06,Chennai,low
C08544,926,1789.32,Visakhapatnam,high
C08545,841,1872.54,Ahmedabad,low
C08546,1181,6295.74,Hyderabad,high
C08547,1249,1897.65,Ahmedabad,medium
C08548,1434,3873.02,Ahmedabad,medium
C08549,1175,1356.61,Pune,high
C08550,1295,1469.9,Visakhapatnam,medium
C08551,860,758.76,Chennai,low
C08552,1072,1111.01,Delhi,high
C08553,1062,2535.33,Chennai,low
C08554,871,1808.87,Ahmedabad,low
C08555,621,3322.43,Ahmedabad,high
C08556,1320,2025.06,Pune,low
C08557,846,1431.46,Visakhapatnam,high
C08558,1122,7273.08,Bengaluru,medium
C08559,629,1693.42,Visakhapatnam,high
C08560,87,3833.34,Chennai,medium
C08561,677,1386.8,Hyderabad,high
C08562,371,2854.87,Vijayawada,medium
C08563,50,3290.36,Pune,low
C08564,272,2061.24,Hyderabad,low
C08565,846,389.6,Mumbai,medium
C08566,110,1821.48,Kolkata,medium
C08567,623,4005.17,Vijayawada,high
C08568,155,2536.16,Hyderabad,high
C08569,396,2405.08,Chennai,high
C08570,547,587.62,Pune,high
C08571,243,1126.92,Delhi,low
C08572,1169,2351.77,Vijayawada,high
C08573,1167,2350.28,Delhi,high
C08574,114,3964.26,Pune,medium
C08575,654,1638.24,Vijayawada,high
C08576,515,2343.33,Visakhapatnam,high
C08577,1000,1819.26,Chennai,high
C08578,247,947.69,Vijayawada,medium
C08579,881,415.41,Delhi,low
C08580,335,2382.01,Ahmedabad,medium
C08581,56,2015.47,Hyderabad,low
C08582,465,1204.39,Hyderabad,high
C08583,736,628.34,Kolkata,high
C08584,855,2710.46,Bengaluru,high
C08585,1251,1514.28,Pune,high
C08586,446,2585.08,Hyderabad,medium
C08587,823,6046.13,Chennai,low
C08588,1172,447.47,Chennai,high
C08589,422,1142.3,Ahmedabad,high
C08590,1391,1570.97,Chennai,medium
C08591,949,4634.02,Visakhapatnam,low
C08592,1059,621.34,Ahmedabad,high
C08593,69,6335.04,Bengaluru,high
C08594,996,1966.18,Mumbai,medium
C08595,1346,1691.11,Hyderabad,low
C08596,261,1582.57,Delhi,medium
C08597,792,1355.56,Bengaluru,low
C08598,502,3557.52,Chennai,medium
C08599,650,898.75,Chennai,low
C08600,1261,2253.1,Visakhapatnam,low
C08601,835,1402.24,Ahmedabad,medium
C08602,1392,1096.8,Pune,medium
C08603,1174,9666.54,Kolkata,medium
C08604,367,2363.56,Chennai,low
C08605,803,2681.59,Mumbai,low
C08606,269,3771.01,Pune,medium
C08607,1281,714.56,Visakhapatnam,medium
C08608,1008,5622.5,Mumbai,medium
C08609,901,352.38,Mumbai,low
C08610,400,1092.08,Bengaluru,high
C08611,46,1335.65,Pune,low
C08612,471,2627.17,Chennai,medium
C08613,90,2074.98,Chennai,medium
C08614,659,1615.04,Ahmedabad,medium
C08615,651,1786.02,Vijayawada,medium
C08616,1432,953.2,Pune,medium
C08617,1253,680.17,Delhi,high
C08618,925,2886.43,Pune,low
C08619,227,2825.53,Delhi,high
C08620,491,5041.52,Pune,low
C08621,1031,1077.1,Bengaluru,low
C08622,618,2823.89,Pune,high
C08623,742,1496.87,Delhi,low
C08624,370,3902.41,Visakhapatnam,low
C08625,36,3497.55,Delhi,medium
C08626,291,2064.88,Mumbai,low
C08627,169,1443.53,Ahmedabad,low
C08628,1340,3361.52,Mumbai,high
C08629,978,2740.87,Ahmedabad,low
C08630,901,1153.61,Chennai,high
C08631,1345,759.36,Vijayawada,high
C08632,534,1492.18,Visakhapatnam,medium
C08633,1168,4820.15,Pune,high
C08634,1412,3792.42,Pune,high
C08635,695,873.52,Mumbai,low
C08636,1226,842.61,Chennai,low
C08637,1425,4121.97,Pune,low
C08638,1489,860.38,Pune,low
C08639,861,2506.35,Bengaluru,high
C08640,701,1206.04,Ahmedabad,medium
C08641,1289,5149.33,Bengaluru,medium
C08642,166,1090.91,Hyderabad,medium
C08643,136,3784.72,Vijayawada,high
C08644,126,2029.82,Pune,medium
C08645,1257,2120.63,Bengaluru,medium
C08646,947,500.12,Ahmedabad,medium
C08647,581,429.94,Ahmedabad,low
C08648,779,1559.58,Delhi,medium
C08649,319,2113.35,Chennai,medium
C08650,1113,866.24,Chennai,low
C08651,974,887.04,Bengaluru,medium
C08652,1219,2592.81,Chennai,high
C08653,1199,2595.14,Ahmedabad,low
C08654,562,1645.85,Chennai,high
C08655,446,2988.94,Hyderabad,medium
C08656,503,839.08,Ahmedabad,high
C08657,1124,1428.22,Hyderabad,low
C08658,429,5253.57,Bengaluru,high
C08659,475,1881.74,Kolkata,low
C08660,170,1954.02,Delhi,low
C08661,1349,8057.89,Vijayawada,high
C08662,403,724.85,Kolkata,low
C08663,1080,3020.63,Ahmedabad,high
C08664,1125,5308.86,Mumbai,high
C08665,169,1457.36,Pune,low
C08666,1012,3147.31,Vijayawada,medium
C08667,432,950.73,Hyderabad,medium
C08668,1166,1151.9,Kolkata,low
C08669,677,2311.77,Bengaluru,medium
C08670,401,3024.83,Bengaluru,medium
C08671,1446,3729.95,Chennai,medium
C08672,699,4993.04,Delhi,medium
C08673,493,1722.79,Ahmedabad,high
C08674,132,3910.38,Bengaluru,high
C08675,1186,1440.93,Bengaluru,medium
C08676,900,3235.38,Ahmedabad,low
C08677,629,2059.89,Chennai,medium
C08678,1046,2404.83,Bengaluru,high
C08679,1011,2370.42,Ahmedabad,high
C08680,805,634.28,Mumbai,high
C08681,844,866.85,Visakhapatnam,low
C08682,665,1924.06,Delhi,low
C08683,841,601.13,Mumbai,high
C08684,1268,3089.7,Visakhapatnam,medium
C08685,800,3171.8,Kolkata,medium
C08686,729,2226.54,Hyderabad,high
C08687,1233,868.53,Visakhapatnam,high
C08688,89,4414.42,Hyderabad,low
C08689,128,6766.43,Vijayawada,high
C08690,1164,1980.57,Pune,medium
C08691,496,2508.37,Visakhapatnam,low
C08692,1118,2052.21,Delhi,high
C08693,1481,2540.92,Pune,low
C08694,224,1665.41,Bengaluru,high
C08695,1247,1760.01,Kolkata,high
C08696,1099,3243.01,Chennai,medium
C08697,378,8268.41,Chennai,medium
C08698,597,724.51,Vijayawada,high
C08699,639,1682.55,Visakhapatnam,high
C08700,1289,835.68,Ahmedabad,high
C08701,789,5066.26,Ahmedabad,low
C08702,1179,1228.45,Pune,medium
C08703,702,704.48,Visakhapatnam,medium
C08704,1094,2725.38,Mumbai,high
C08705,257,5593.41,Visakhapatnam,low
C08706,396,2770.77,Mumbai,low
C08707,933,2056.29,Visakhapatnam,medium
C08708,1133,2348.39,Visakhapatnam,high
C08709,1386,4515.13,Bengaluru,low
C08710,642,1019.75,Vijayawada,high
C08711,414,1673.78,Visakhapatnam,medium
C08712,197,1341.16,Ahmedabad,low
C08713,702,842.55,Visakhapatnam,high
C08714,642,1454.04,Chennai,medium
C08715,232,3698.05,Chennai,low
C08716,901,2601.47,Ahmedabad,low
C08717,1101,2736.25,Kolkata,high
C08718,244,1979.8,Bengaluru,low
C08719,475,2529.31,Hyderabad,low
C08720,1111,1069.73,Vijayawada,medium
C08721,919,1471.98,Vijayawada,low
C08722,197,2039.26,Visakhapatnam,low
C08723,1278,2155.82,Ahmedabad,high
C08724,193,2216.45,Chennai,medium
C08725,1210,1645.21,Hyderabad,low
C08726,1294,1408.41,Visakhapatnam,high
C08727,371,14017.94,Bengaluru,medium
C08728,988,3245.27,Visakhapatnam,low
C08729,788,2354.51,Pune,low
C08730,1177,1546.82,Kolkata,medium
C08731,1228,1342.45,Delhi,low
C08732,795,1653.29,Bengaluru,high
C08733,1375,2177.39,Pune,high
C08734,1063,530.2,Vijayawada,low
C08735,981,649.0,Hyderabad,high
C08736,682,1189.83,Delhi,low
C08737,1408,2059.43,Kolkata,low
C08738,278,1540.73,Bengaluru,high
C08739,523,4704.72,Visakhapatnam,low
C08740,51,686.76,Delhi,high
C08741,287,1104.52,Visakhapatnam,medium
C08742,659,4834.83,Mumbai,high
C08743,675,1960.14,Pune,low
C08744,528,3199.31,Kolkata,low
C08745,1205,6828.45,Hyderabad,high
C08746,1117,1146.61,Pune,high
C08747,236,1687.47,Vijayawada,high
C08748,281,1507.89,Hyderabad,medium
C08749,701,505.25,Hyderabad,low
C08750,643,1471.13,Delhi,high
C08751,974,3191.46,Delhi,medium
C08752,172,2557.86,Pune,high
C08753,1117,2691.75,Ahmedabad,low
C08754,806,1410.16,Kolkata,low
C08755,930,1175.06,Bengaluru,low
C08756,1443,4107.45,Pune,high
C08757,1257,1302.82,Kolkata,high
C08758,532,2179.16,Delhi,medium
C08759,525,2001.61,Visakhapatnam,low
C08760,1472,4654.82,Hyderabad,high
C08761,713,3384.49,Vijayawada,medium
C08762,911,775.59,Bengaluru,medium
C08763,1326,831.83,Chennai,medium
C08764,1393,2622.37,Delhi,low
C08765,1362,1726.28,Pune,medium
C08766,799,1339.0,Delhi,high
C08767,1028,3483.18,Visakhapatnam,low
C08768,761,2033.25,Pune,low
C08769,237,1862.43,Kolkata,medium
C08770,534,2988.21,Kolkata,high
C08771,1286,1410.53,Hyderabad,high
C08772,304,4989.44,Vijayawada,low
C08773,995,1078.48,Ahmedabad,low
C08774,965,2758.79,Hyderabad,low
C08775,1145,4571.21,Visakhapatnam,medium
C08776,1361,735.32,Kolkata,medium
C08777,39,1439.96,Pune,low
C08778,634,3781.88,Mumbai,high
C08779,198,3819.03,Kolkata,medium
C08780,555,1610.13,Bengaluru,high
C08781,1428,1116.56,Kolkata,low
C08782,101,3350.62,Bengaluru,high
C08783,1456,3884.89,Ahmedabad,medium
C08784,1329,844.3,Delhi,medium
C08785,1126,823.03,Chennai,medium
C08786,573,2083.82,Hyderabad,medium
C08787,284,2709.79,Hyderabad,low
C08788,1400,1482.0,Vijayawada,high
C08789,32,2799.18,Mumbai,medium
C08790,468,1134.51,Hyderabad,medium
C08791,322,455.32,Ahmedabad,medium
C08792,457,1366.5,Kolkata,low
C08793,1072,1875.52,Bengaluru,medium
C08794,1327,1504.55,Chennai,high
C08795,584,847.63,Ahmedabad,low
C08796,1113,553.01,Visakhapatnam,low
C08797,1242,1288.69,Pune,low
C08798,74,3226.06,Visakhapatnam,medium
C08799,1207,4072.74,Hyderabad,medium
C08800,1044,3895.42,Kolkata,medium
C08801,1453,1059.13,Visakhapatnam,high
C08802,1447,850.34,Hyderabad,high
C08803,385,2485.81,Mumbai,high
C08804,1128,2719.92,Chennai,high
C08805,1072,2334.73,Ahmedabad,medium
C08806,685,486.09,Pune,low
C08807,1477,1024.61,Delhi,medium
C08808,1131,1765.6,Ahmedabad,low
C08809,1035,2470.64,Bengaluru,medium
C08810,574,2963.99,Delhi,low
C08811,1344,1976.94,Kolkata,high
C08812,1176,2231.77,Bengaluru,low
C08813,815,1902.08,Chennai,high
C08814,101,2810.72,Delhi,medium
C08815,456,2205.93,Visakhapatnam,high
C08816,1100,1878.58,Bengaluru,high
C08817,1040,1511.87,Delhi,high
C08818,992,1897.67,Ahmedabad,high
C08819,765,2466.43,Vijayawada,low
C08820,509,2141.8,Delhi,medium
C08821,611,2305.56,Ahmedabad,medium
C08822,58,4308.35,Chennai,low
C08823,506,2138.58,Hyderabad,high
C08824,55,1180.5,Visakhapatnam,low
C08825,744,3196.74,Delhi,high
C08826,1334,740.64,Kolkata,low
C08827,411,891.25,Vijayawada,low
C08828,840,2239.13,Mumbai,medium
C08829,571,2517.95,Mumbai,low
C08830,566,801.32,Bengaluru,high
C08831,378,1403.48,Delhi,low
C08832,1281,1213.89,Hyderabad,high
C08833,1366,1311.86,Pune,medium
C08834,975,3323.85,Mumbai,low
C08835,579,2849.13,Chennai,low
C08836,70,1777.77,Hyderabad,high
C08837,1443,1262.27,Ahmedabad,high
C08838,1241,748.65,Chennai,low
C08839,1187,4530.84,Delhi,low
C08840,584,2644.97,Pune,low
C08841,1158,1137.07,Bengaluru,low
C08842,1302,2873.49,Ahmedabad,high
C08843,1291,1719.69,Chennai,low
C08844,1329,1493.56,Mumbai,low
C08845,597,2388.52,Vijayawada,medium
C08846,87,1111.61,Visakhapatnam,high
C08847,1172,1439.57,Ahmedabad,low
C08848,828,1947.87,Chennai,high
C08849,863,1301.01,Delhi,low
C08850,393,2780.67,Pune,low
C08851,1045,6065.88,Chennai,low
C08852,409,1102.4,Chennai,low
C08853,572,609.85,Delhi,low
C08854,888,490.0,Bengaluru,low
C08855,1122,1632.29,Visakhapatnam,low
C08856,102,1169.68,Delhi,medium
C08857,813,2060.39,Vijayawada,medium
C08858,233,1962.02,Kolkata,low
C08859,132,634.89,Ahmedabad,low
C08860,335,553.28,Vijayawada,medium
C08861,948,2181.78,Mumbai,low
C08862,340,1965.64,Hyderabad,low
C08863,1247,1364.8,Pune,low
C08864,830,613.02,Kolkata,high
C08865,307,2445.36,Bengaluru,high
C08866,768,4114.52,Delhi,medium
C08867,1143,2156.48,Visakhapatnam,low
C08868,50,1037.62,Pune,medium
C08869,1004,1852.89,Visakhapatnam,medium
C08870,91,740.68,Hyderabad,low
C08871,1043,3580.35,Delhi,low
C08872,713,1898.35,Visakhapatnam,low
C08873,83,570.34,Ahmedabad,low
C08874,1290,1480.45,Ahmedabad,low
C08875,418,2432.53,Hyderabad,high
C08876,954,1449.63,Mumbai,low
C08877,221,1504.49,Bengaluru,low
C08878,1137,812.15,Kolkata,high
C08879,114,2601.37,Vijayawada,medium
C08880,184,1180.91,Kolkata,medium
C08881,321,443.13,Mumbai,low
C08882,81,1414.07,Chennai,medium
C08883,1483,3405.98,Chennai,high
C08884,864,1399.73,Bengaluru,medium
C08885,257,5570.46,Visakhapatnam,low
C08886,1150,2378.85,Bengaluru,medium
C08887,42,2243.37,Ahmedabad,medium
C08888,657,1655.87,Delhi,medium
C08889,140,1721.85,Mumbai,low
C08890,647,1516.74,Chennai,low
C08891,406,1478.92,Pune,low
C08892,220,2541.74,Kolkata,low
C08893,325,979.71,Pune,low
C08894,469,894.45,Visakhapatnam,medium
C08895,198,867.37,Mumbai,high
C08896,1390,6803.67,Hyderabad,high
C08897,586,2540.88,Chennai,high
C08898,943,2193.96,Ahmedabad,low
C08899,799,905.2,Visakhapatnam,low
C08900,456,2699.21,Mumbai,medium
C08901,1343,1668.65,Pune,medium
C08902,223,2068.86,Delhi,low
C08903,993,954.07,Kolkata,low
C08904,1364,1997.63,Ahmedabad,high
C08905,644,1366.56,Vijayawada,low
C08906,1416,1094.33,Mumbai,medium
C08907,736,2900.71,Pune,high
C08908,1136,662.51,Pune,low
C08909,812,2598.39,Hyderabad,low
C08910,246,2808.65,Bengaluru,high
C08911,1396,1016.15,Bengaluru,medium
C08912,1129,1056.09,Visakhapatnam,low
C08913,379,1557.09,Kolkata,high
C08914,858,2162.17,Chennai,high
C08915,1272,1629.76,Vijayawada,medium
C08916,552,2385.96,Ahmedabad,high
C08917,906,5661.7,Vijayawada,high
C08918,892,1294.04,Mumbai,low
C08919,979,590.33,Kolkata,low
C08920,49,3079.1,Vijayawada,high
C08921,581,5375.98,Chennai,medium
C08922,560,2323.53,Hyderabad,high
C08923,502,887.59,Ahmedabad,high
C08924,1171,1660.73,Bengaluru,high
C08925,254,870.01,Visakhapatnam,low
C08926,1034,2733.66,Chennai,high
C08927,1191,747.85,Mumbai,low
C08928,925,1480.98,Chennai,low
C08929,133,937.04,Kolkata,high
C08930,1113,1954.67,Delhi,medium
C08931,1275,1418.59,Mumbai,low
C08932,697,2019.16,Delhi,medium
C08933,1136,1826.34,Chennai,high
C08934,925,947.87,Chennai,medium
C08935,110,2705.42,Vijayawada,low
C08936,270,1743.84,Delhi,high
C08937,1110,946.71,Kolkata,medium
C08938,591,7724.44,Kolkata,low
C08939,333,2453.38,Hyderabad,low
C08940,165,1629.33,Mumbai,low
C08941,1036,4516.19,Mumbai,low
C08942,765,5959.38,Pune,low
C08943,456,1637.73,Delhi,low
C08944,154,2256.0,Hyderabad,low
C08945,1153,947.04,Vijayawada,medium
C08946,539,1635.77,Chennai,high
C08947,1492,1581.54,Kolkata,medium
C08948,520,2029.77,Visakhapatnam,low
C08949,1283,2234.64,Hyderabad,low
C08950,1087,2590.04,Vijayawada,high
C08951,1193,2100.67,Bengaluru,low
C08952,546,819.39,Bengaluru,medium
C08953,35,978.03,Hyderabad,high
C08954,219,1261.9,Kolkata,high
C08955,1315,1498.3,Mumbai,low
C08956,314,3563.67,Ahmedabad,low
C08957,965,845.25,Visakhapatnam,high
C08958,1119,1426.85,Visakhapatnam,high
C08959,971,3344.25,Visakhapatnam,low
C08960,825,1481.22,Hyderabad,high
C08961,719,2427.97,Chennai,high
C08962,198,1643.92,Vijayawada,medium
C08963,1013,2126.96,Chennai,medium
C08964,531,1551.59,Hyderabad,low
C08965,77,2777.02,Visakhapatnam,high
C08966,1084,659.35,Chennai,high
C08967,478,1421.39,Delhi,medium
C08968,273,2182.69,Bengaluru,high
C08969,530,2546.42,Ahmedabad,low
C08970,226,4750.29,Vijayawada,low
C08971,681,1396.01,Bengaluru,high
C08972,1267,4708.88,Vijayawada,high
C08973,786,1172.83,Chennai,medium
C08974,1056,4269.12,Mumbai,high
C08975,662,3062.22,Mumbai,low
C08976,417,994.06,Chennai,high
C08977,54,2197.59,Bengaluru,medium
C08978,446,1741.04,Pune,low
C08979,598,2703.15,Kolkata,medium
C08980,91,1556.84,Ahmedabad,medium
C08981,798,1474.14,Visakhapatnam,high
C08982,1253,4382.85,Chennai,medium
C08983,1221,1688.12,Chennai,medium
C08984,914,3080.1,Ahmedabad,low
C08985,1496,1554.74,Hyderabad,low
C08986,149,5318.11,Vijayawada,low
C08987,576,1158.2,Hyderabad,low
C08988,1476,1207.55,Vijayawada,low
C08989,1440,4848.76,Vijayawada,low
C08990,312,1347.93,Delhi,high
C08991,944,5096.15,Visakhapatnam,medium
C08992,32,3213.89,Mumbai,medium
C08993,318,1627.86,Hyderabad,high
C08994,739,553.85,Vijayawada,low
C08995,1047,1777.54,Chennai,high
C08996,695,1922.92,Mumbai,medium
C08997,495,3843.86,Pune,high
C08998,424,5054.49,Kolkata,medium
C08999,357,1153.2,Delhi,medium
C09000,960,3029.98,Hyderabad,low
C09001,633,2960.32,Bengaluru,low
C09002,1299,3616.49,Bengaluru,high
C09003,315,2489.13,Vijayawada,high
C09004,709,509.24,Bengaluru,high
C09005,267,1627.04,Kolkata,low
C09006,1316,849.23,Mumbai,high
C09007,700,1577.9,Pune,high
C09008,66,3403.45,Chennai,high
C09009,844,2194.9,Bengaluru,low
C09010,154,3796.37,Ahmedabad,high
C09011,384,2247.74,Delhi,low
C09012,571,774.05,Kolkata,medium
C09013,78,349.67,Hyderabad,low
C09014,291,1982.8,Vijayawada,low
C09015,1099,1566.33,Mumbai,medium
C09016,207,953.87,Hyderabad,low
C09017,389,595.94,Delhi,low
C09018,1192,1116.51,Kolkata,low
C09019,748,1586.24,Bengaluru,low
C09020,90,2774.88,Chennai,high
C09021,1494,2034.8,Pune,low
C09022,1049,5119.36,Kolkata,medium
C09023,695,918.19,Delhi,high
C09024,559,3191.45,Chennai,medium
C09025,124,1856.2,Chennai,high
C09026,393,2827.3,Mumbai,medium
C09027,888,1355.34,Delhi,high
C09028,644,3612.42,Kolkata,low
C09029,249,2180.78,Visakhapatnam,low
C09030,711,1157.37,Delhi,low
C09031,779,1785.99,Ahmedabad,high
C09032,1311,1540.45,Delhi,high
C09033,663,2473.79,Ahmedabad,low
C09034,561,836.05,Delhi,medium
C09035,1173,1765.98,Kolkata,low
C09036,1035,2327.36,Kolkata,high
C09037,376,1839.05,Mumbai,medium
C09038,237,4320.19,Mumbai,medium
C09039,1398,2976.96,Mumbai,medium
C09040,957,1791.27,Hyderabad,high
C09041,832,2072.25,Kolkata,high
C09042,823,2181.41,Pune,high
C09043,849,2339.49,Mumbai,low
C09044,595,549.42,Bengaluru,high
C09045,935,1479.63,Kolkata,high
C09046,935,685.85,Vijayawada,medium
C09047,1307,4131.62,Chennai,medium
C09048,986,1730.2,Bengaluru,high
C09049,356,1587.43,Visakhapatnam,low
C09050,1338,3224.26,Delhi,medium
C09051,60,2368.6,Hyderabad,medium
C09052,252,864.31,Vijayawada,medium
C09053,1055,1718.92,Visakhapatnam,medium
C09054,647,1447.63,Mumbai,low
C09055,511,579.17,Pune,medium
C09056,459,1149.25,Chennai,low
C09057,659,1597.57,Kolkata,high
C09058,804,1670.41,Vijayawada,low
C09059,256,686.83,Mumbai,low
C09060,718,3805.2,Kolkata,medium
C09061,1268,1684.42,Pune,low
C09062,760,1844.48,Chennai,high
C09063,382,2335.45,Hyderabad,medium
C09064,1381,1078.46,Chennai,medium
C09065,1346,2421.57,Bengaluru,low
C09066,237,1417.92,Visakhapatnam,medium
C09067,430,1005.02,Vijayawada,high
C09068,194,2613.07,Vijayawada,low
C09069,979,4746.34,Delhi,low
C09070,1399,2883.27,Kolkata,low
C09071,658,3279.6,Delhi,medium
C09072,1416,1283.23,Visakhapatnam,medium
C09073,1054,637.2,Vijayawada,low
C09074,162,4741.61,Vijayawada,high
C09075,597,6842.97,Visakhapatnam,medium
C09076,1129,4906.75,Hyderabad,medium
C09077,859,1447.05,Chennai,low
C09078,741,849.82,Bengaluru,low
C09079,119,900.41,Mumbai,low
C09080,359,602.52,Pune,medium
C09081,431,1678.65,Chennai,low
C09082,411,5111.42,Delhi,low
C09083,272,1641.66,Kolkata,low
C09084,666,2190.87,Visakhapatnam,high
C09085,1111,4401.41,Kolkata,low
C09086,520,1384.2,Ahmedabad,low
C09087,235,6759.05,Vijayawada,medium
C09088,138,6570.88,Hyderabad,low
C09089,364,1652.95,Hyderabad,high
C09090,442,1236.63,Bengaluru,high
C09091,944,2832.02,Vijayawada,high
C09092,1305,1436.05,Visakhapatnam,low
C09093,194,848.76,Bengaluru,medium
C09094,96,4139.57,Hyderabad,low
C09095,639,3968.85,Ahmedabad,low
C09096,522,1991.46,Bengaluru,high
C09097,1046,792.09,Bengaluru,high
C09098,985,809.45,Vijayawada,medium
C09099,123,1929.93,Bengaluru,high
C09100,824,1300.66,Mumbai,medium
C09101,1430,1442.07,Visakhapatnam,low
C09102,1069,3497.55,Chennai,low
C09103,1221,2898.96,Chennai,high
C09104,985,4408.7,Vijayawada,medium
C09105,776,945.43,Hyderabad,high
C09106,276,1440.1,Bengaluru,low
C09107,926,2947.99,Pune,low
C09108,721,2408.58,Vijayawada,low
C09109,1476,4873.61,Bengaluru,low
C09110,997,2365.85,Mumbai,high
C09111,1112,5983.81,Ahmedabad,high
C09112,37,2556.91,Ahmedabad,low
C09113,988,3590.16,Visakhapatnam,low
C09114,1494,1458.64,Delhi,medium
C09115,259,1816.79,Kolkata,low
C09116,903,3254.05,Hyderabad,high
C09117,1443,5135.73,Vijayawada,low
C09118,1290,2891.54,Ahmedabad,low
C09119,295,1705.27,Delhi,high
C09120,1250,4406.38,Visakhapatnam,high
C09121,816,433.01,Chennai,medium
C09122,1034,714.15,Bengaluru,high
C09123,435,2803.44,Ahmedabad,medium
C09124,494,1816.58,Hyderabad,medium
C09125,888,2668.11,Vijayawada,low
C09126,44,1876.96,Mumbai,medium
C09127,1150,2608.83,Hyderabad,high
C09128,1497,1060.17,Vijayawada,medium
C09129,750,2608.05,Ahmedabad,high
C09130,94,3435.48,Hyderabad,low
C09131,1363,3979.45,Chennai,high
C09132,630,6663.18,Delhi,low
C09133,466,2109.5,Kolkata,low
C09134,362,2150.78,Bengaluru,medium
C09135,1228,668.8,Hyderabad,medium
C09136,1263,1274.26,Kolkata,high
C09137,751,1587.7,Ahmedabad,medium
C09138,845,3562.61,Ahmedabad,low
C09139,826,1210.02,Ahmedabad,high
C09140,1428,3020.46,Pune,low
C09141,924,1798.1,Visakhapatnam,high
C09142,272,1604.2,Delhi,high
C09143,776,2116.09,Mumbai,low
C09144,689,1395.89,Hyderabad,high
C09145,266,1361.94,Kolkata,medium
C09146,327,594.33,Kolkata,low
C09147,39,1532.06,Ahmedabad,low
C09148,475,1317.59,Delhi,medium
C09149,125,1287.11,Vijayawada,medium
C09150,350,2360.22,Chennai,low
C09151,1469,2761.84,Bengaluru,high
C09152,1132,2093.24,Delhi,high
C09153,310,3437.71,Chennai,high
C09154,629,2616.67,Vijayawada,low
C09155,481,1485.87,Hyderabad,low
C09156,647,1332.33,Bengaluru,high
C09157,900,2205.87,Visakhapatnam,low
C09158,61,2613.62,Pune,low
C09159,125,4465.52,Mumbai,low
C09160,784,3904.19,Bengaluru,medium
C09161,1005,1265.96,Pune,high
C09162,1156,1684.52,Kolkata,high
C09163,625,2784.17,Kolkata,high
C09164,531,3603.79,Delhi,high
C09165,1288,3313.87,Pune,low
C09166,664,1726.79,Vijayawada,low
C09167,221,796.66,Hyderabad,medium
C09168,64,940.33,Bengaluru,medium
C09169,1051,2148.99,Kolkata,medium
C09170,348,2248.43,Ahmedabad,high
C09171,1228,881.3,Kolkata,low
C09172,685,1852.91,Ahmedabad,low
C09173,1160,2713.07,Pune,medium
C09174,257,851.71,Mumbai,high
C09175,186,3691.51,Ahmedabad,medium
C09176,704,1408.31,Bengaluru,low
C09177,509,4076.49,Visakhapatnam,medium
C09178,1182,1272.58,Ahmedabad,high
C09179,231,923.56,Pune,medium
C09180,561,1336.42,Mumbai,medium
C09181,1339,1692.05,Hyderabad,high
C09182,1255,1398.32,Ahmedabad,low
C09183,495,1564.22,Kolkata,low
C09184,344,2236.39,Chennai,medium
C09185,921,1610.46,Pune,medium
C09186,895,1724.29,Ahmedabad,medium
C09187,319,592.61,Hyderabad,medium
C09188,162,2321.91,Ahmedabad,low
C09189,85,1698.6,Ahmedabad,low
C09190,155,5126.78,Vijayawada,medium
C09191,280,977.33,Pune,medium
C09192,569,555.66,Ahmedabad,high
C09193,1343,2689.97,Delhi,medium
C09194,1391,2254.73,Hyderabad,low
C09195,230,934.55,Ahmedabad,medium
C09196,658,665.94,Delhi,high
C09197,62,4889.52,Mumbai,medium
C09198,637,4512.98,Bengaluru,medium
C09199,1060,357.34,Pune,high
C09200,970,1336.35,Mumbai,medium
C09201,132,5309.57,Mumbai,high
C09202,383,1320.94,Pune,medium
C09203,837,1308.51,Vijayawada,medium
C09204,332,1497.79,Ahmedabad,low
C09205,1166,868.67,Vijayawada,medium
C09206,123,594.33,Ahmedabad,medium
C09207,907,3567.78,Chennai,low
C09208,51,543.28,Ahmedabad,high
C09209,802,2113.85,Delhi,low
C09210,1009,3202.92,Bengaluru,high
C09211,452,700.82,Pune,low
C09212,1153,987.1,Kolkata,medium
C09213,885,3960.43,Mumbai,medium
C09214,1266,2545.09,Mumbai,low
C09215,1113,1205.09,Kolkata,high
C09216,1062,3932.39,Ahmedabad,high
C09217,136,3943.37,Kolkata,high
C09218,1451,2144.0,Hyderabad,medium
C09219,1088,1002.69,Vijayawada,medium
C09220,1241,1375.81,Delhi,low
C09221,147,2168.29,Pune,medium
C09222,511,1592.33,Chennai,low
C09223,740,3313.84,Hyderabad,high
C09224,1104,665.93,Visakhapatnam,low
C09225,1001,681.48,Delhi,high
C09226,886,2024.56,Bengaluru,medium
C09227,1250,1307.72,Ahmedabad,medium
C09228,557,1197.46,Hyderabad,medium
C09229,422,570.38,Pune,medium
C09230,952,1823.01,Hyderabad,high
C09231,1000,1739.32,Vijayawada,high
C09232,978,2752.61,Ahmedabad,high
C09233,724,1882.45,Pune,medium
C09234,355,1651.35,Kolkata,low
C09235,1231,3868.38,Hyderabad,low
C09236,1109,766.96,Chennai,low
C09237,400,2550.88,Ahmedabad,low
C09238,854,607.47,Mumbai,medium
C09239,452,1043.78,Mumbai,low
C09240,1476,818.37,Mumbai,low
C09241,1347,2992.32,Mumbai,medium
C09242,241,1725.07,Bengaluru,low
C09243,981,1784.27,Pune,high
C09244,1033,876.7,Kolkata,high
C09245,277,1481.4,Ahmedabad,low
C09246,896,1095.85,Mumbai,low
C09247,633,2309.5,Mumbai,high
C09248,1142,945.14,Pune,low
C09249,621,4272.3,Chennai,high
C09250,857,605.72,Visakhapatnam,high
C09251,506,1065.61,Hyderabad,medium
C09252,389,5354.66,Bengaluru,medium
C09253,1214,1356.55,Hyderabad,low
C09254,1227,765.76,Mumbai,low
C09255,90,2075.46,Mumbai,high
C09256,876,1321.52,Visakhapatnam,high
C09257,58,1045.47,Bengaluru,medium
C09258,407,882.91,Kolkata,medium
C09259,1044,10883.3,Bengaluru,low
C09260,894,1528.49,Vijayawada,low
C09261,176,514.87,Ahmedabad,medium
C09262,69,4752.63,Delhi,low
C09263,849,2677.77,Delhi,medium
C09264,110,1093.72,Pune,high
C09265,52,981.43,Hyderabad,medium
C09266,1224,2788.61,Delhi,low
C09267,408,1533.1,Kolkata,medium
C09268,405,514.74,Chennai,medium
C09269,801,5751.68,Visakhapatnam,low
C09270,261,1357.57,Ahmedabad,low
C09271,1183,4758.38,Chennai,medium
C09272,917,4132.03,Delhi,high
C09273,40,939.07,Vijayawada,low
C09274,1182,3523.17,Hyderabad,high
C09275,844,1178.63,Pune,medium
C09276,154,534.96,Mumbai,medium
C09277,1291,1365.88,Visakhapatnam,high
C09278,695,2330.89,Bengaluru,high
C09279,1266,1332.43,Delhi,high
C09280,1268,1474.33,Delhi,low
C09281,976,3785.22,Mumbai,medium
C09282,399,1929.01,Vijayawada,low
C09283,357,1040.44,Visakhapatnam,low
C09284,823,2840.86,Delhi,medium
C09285,1365,2046.8,Hyderabad,medium
C09286,1183,349.5,Kolkata,low
C09287,286,2377.9,Kolkata,high
C09288,889,2322.11,Ahmedabad,medium
C09289,1352,1823.7,Pune,low
C09290,959,3213.6,Mumbai,high
C09291,1349,1162.68,Chennai,medium
C09292,450,2240.08,Visakhapatnam,medium
C09293,572,650.03,Visakhapatnam,high
C09294,1313,2345.26,Visakhapatnam,medium
C09295,77,6406.26,Ahmedabad,high
C09296,31,942.83,Vijayawada,high
C09297,920,1098.47,Chennai,low
C09298,887,1134.6,Ahmedabad,medium
C09299,875,1958.71,Hyderabad,low
C09300,121,901.96,Vijayawada,low
C09301,1392,2366.94,Bengaluru,high
C09302,381,3121.25,Visakhapatnam,low
C09303,369,2547.5,Mumbai,low
C09304,790,570.25,Chennai,low
C09305,1299,3437.16,Hyderabad,medium
C09306,560,3310.42,Vijayawada,high
C09307,100,3087.59,Visakhapatnam,low
C09308,385,2293.63,Mumbai,medium
C09309,424,2076.97,Delhi,low
C09310,384,3521.33,Hyderabad,low
C09311,531,6284.4,Pune,low
C09312,113,968.81,Mumbai,medium
C09313,1365,3627.59,Pune,medium
C09314,151,1701.9,Bengaluru,high
C09315,493,1654.5,Pune,medium
C09316,702,663.01,Hyderabad,low
C09317,859,1495.82,Visakhapatnam,high
C09318,1165,941.35,Vijayawada,medium
C09319,1453,1331.47,Delhi,high
C09320,426,881.58,Delhi,low
C09321,362,1344.47,Chennai,low
C09322,837,1382.39,Mumbai,high
C09323,903,1916.84,Mumbai,low
C09324,1130,630.15,Hyderabad,medium
C09325,1185,703.42,Vijayawada,high
C09326,502,2277.39,Bengaluru,low
C09327,581,1071.92,Chennai,low
C09328,361,3619.12,Visakhapatnam,low
C09329,939,2083.84,Pune,high
C09330,834,2670.28,Pune,high
C09331,1261,4502.97,Visakhapatnam,low
C09332,145,1471.78,Bengaluru,low
C09333,527,1239.08,Ahmedabad,medium
C09334,435,3172.1,Bengaluru,medium
C09335,971,2506.71,Chennai,high
C09336,791,1593.64,Chennai,low
C09337,164,4447.02,Hyderabad,medium
C09338,403,1568.04,Visakhapatnam,medium
C09339,1342,1838.76,Bengaluru,high
C09340,446,1825.0,Ahmedabad,medium
C09341,1304,980.49,Bengaluru,high
C09342,301,1893.1,Mumbai,medium
C09343,944,4462.37,Bengaluru,high
C09344,499,2403.72,Bengaluru,medium
C09345,792,1836.71,Delhi,high
C09346,850,1620.34,Mumbai,medium
C09347,591,2231.89,Ahmedabad,medium
C09348,339,2930.39,Vijayawada,high
C09349,846,2674.58,Chennai,medium
C09350,240,1450.74,Mumbai,high
C09351,82,2223.08,Visakhapatnam,medium
C09352,276,2458.98,Ahmedabad,low
C09353,84,935.3,Hyderabad,high
C09354,1244,2007.99,Mumbai,high
C09355,1121,441.73,Chennai,medium
C09356,311,2463.13,Chennai,low
C09357,421,2764.91,Mumbai,high
C09358,246,2926.16,Bengaluru,medium
C09359,1445,1392.37,Delhi,medium
C09360,756,2200.46,Hyderabad,medium
C09361,222,4541.95,Chennai,low
C09362,315,4511.98,Bengaluru,high
C09363,1340,1766.19,Bengaluru,medium
C09364,516,1970.61,Hyderabad,high
C09365,934,3705.72,Ahmedabad,high
C09366,974,678.59,Mumbai,medium
C09367,984,1459.05,Visakhapatnam,low
C09368,796,4288.37,Chennai,low
C09369,344,3392.84,Bengaluru,high
C09370,1146,2288.3,Delhi,high
C09371,550,676.38,Pune,high
C09372,1135,1742.54,Bengaluru,high
C09373,399,1226.72,Hyderabad,medium
C09374,1141,2232.14,Ahmedabad,medium
C09375,114,1063.66,Kolkata,medium
C09376,1328,924.1,Kolkata,high
C09377,436,470.3,Delhi,low
C09378,378,3982.7,Visakhapatnam,high
C09379,1173,1388.1,Kolkata,medium
C09380,225,1993.58,Pune,high
C09381,147,1797.38,Mumbai,medium
C09382,986,899.38,Vijayawada,high
C09383,623,794.05,Kolkata,medium
C09384,147,936.44,Vijayawada,medium
C09385,1333,1124.94,Vijayawada,medium
C09386,1109,2284.35,Vijayawada,low
C09387,1138,1073.12,Mumbai,medium
C09388,1462,5601.34,Kolkata,high
C09389,1008,3509.36,Mumbai,medium
C09390,382,3044.15,Hyderabad,high
C09391,1070,1665.31,Chennai,medium
C09392,1017,4816.6,Mumbai,high
C09393,1227,1562.18,Mumbai,medium
C09394,654,1763.79,Delhi,high
C09395,683,2010.27,Pune,low
C09396,1229,2840.48,Kolkata,low
C09397,1167,2723.12,Mumbai,low
C09398,405,1321.75,Pune,low
C09399,247,1272.95,Vijayawada,low
C09400,752,2728.42,Kolkata,low
C09401,644,2865.35,Ahmedabad,low
C09402,1161,1393.9,Kolkata,low
C09403,1236,641.54,Chennai,low
C09404,1353,1573.07,Hyderabad,low
C09405,377,2699.53,Mumbai,low
C09406,590,5820.04,Bengaluru,medium
C09407,1196,826.23,Visakhapatnam,low
C09408,1246,1364.13,Hyderabad,low
C09409,1270,1397.49,Kolkata,medium
C09410,378,4345.15,Ahmedabad,low
C09411,305,1759.58,Kolkata,medium
C09412,30,998.03,Chennai,medium
C09413,137,2588.14,Visakhapatnam,medium
C09414,911,1383.71,Delhi,low
C09415,166,812.15,Ahmedabad,medium
C09416,1355,1007.51,Hyderabad,low
C09417,1498,5556.2,Delhi,high
C09418,183,2310.64,Hyderabad,high
C09419,202,1930.6,Visakhapatnam,low
C09420,533,1530.13,Pune,low
C09421,1133,2176.42,Visakhapatnam,low
C09422,305,2159.64,Mumbai,medium
C09423,979,2176.45,Bengaluru,low
C09424,1242,1939.51,Delhi,medium
C09425,41,3166.12,Hyderabad,medium
C09426,73,1827.24,Vijayawada,low
C09427,974,953.25,Ahmedabad,high
C09428,106,1208.9,Pune,medium
C09429,605,497.29,Kolkata,low
C09430,1433,6720.87,Kolkata,low
C09431,1000,3153.7,Kolkata,low
C09432,830,1049.42,Chennai,low
C09433,1481,1498.68,Vijayawada,high
C09434,754,1189.84,Hyderabad,low
C09435,1202,4905.92,Pune,low
C09436,978,715.24,Mumbai,low
C09437,585,1939.05,Kolkata,low
C09438,940,1677.4,Kolkata,high
C09439,330,3080.93,Delhi,high
C09440,257,1682.33,Delhi,low
C09441,870,574.04,Bengaluru,low
C09442,1346,1528.92,Visakhapatnam,medium
C09443,609,956.84,Bengaluru,medium
C09444,643,1895.56,Mumbai,low
C09445,1495,4572.23,Bengaluru,medium
C09446,744,581.1,Chennai,medium
C09447,268,1069.98,Delhi,medium
C09448,395,1256.76,Ahmedabad,medium
C09449,1378,1404.56,Kolkata,high
C09450,771,2912.08,Ahmedabad,medium
C09451,94,1607.99,Kolkata,high
C09452,456,2358.58,Chennai,high
C09453,628,1198.46,Mumbai,high
C09454,122,2090.15,Chennai,medium
C09455,172,2984.27,Ahmedabad,medium
C09456,726,1118.28,Bengaluru,high
C09457,1157,2991.18,Ahmedabad,low
C09458,207,1862.33,Ahmedabad,high
C09459,1290,3551.38,Visakhapatnam,low
C09460,383,1579.11,Chennai,high
C09461,404,2306.19,Hyderabad,low
C09462,617,1753.11,Vijayawada,low
C09463,941,1690.88,Chennai,medium
C09464,577,2129.93,Bengaluru,medium
C09465,374,2551.58,Delhi,medium
C09466,737,798.97,Kolkata,medium
C09467,432,4570.62,Vijayawada,medium
C09468,1202,537.41,Chennai,medium
C09469,1197,1153.34,Hyderabad,low
C09470,765,1693.02,Chennai,high
C09471,787,2353.3,Delhi,medium
C09472,310,5014.32,Kolkata,high
C09473,1192,537.89,Hyderabad,medium
C09474,1439,1294.06,Ahmedabad,low
C09475,435,451.74,Vijayawada,medium
C09476,1476,1837.38,Chennai,low
C09477,1367,2147.66,Hyderabad,low
C09478,1249,5062.21,Pune,low
C09479,1055,1946.82,Pune,high
C09480,670,3548.07,Ahmedabad,high
C09481,578,2630.78,Mumbai,low
C09482,830,1356.46,Chennai,low
C09483,687,720.34,Visakhapatnam,high
C09484,62,2152.3,Hyderabad,high
C09485,481,682.44,Ahmedabad,high
C09486,189,4177.33,Chennai,high
C09487,905,1620.03,Hyderabad,medium
C09488,1030,3914.36,Kolkata,high
C09489,222,1317.38,Chennai,low
C09490,963,2143.71,Vijayawada,high
C09491,566,2062.39,Chennai,low
C09492,966,1748.06,Hyderabad,medium
C09493,798,1358.74,Bengaluru,high
C09494,954,2323.05,Pune,medium
C09495,555,985.88,Kolkata,medium
C09496,299,820.09,Kolkata,low
C09497,857,4037.49,Vijayawada,low
C09498,783,2887.66,Chennai,high
C09499,208,1878.77,Vijayawada,medium
C09500,1089,5312.85,Visakhapatnam,high
C09501,98,1512.46,Hyderabad,low
C09502,957,4252.66,Ahmedabad,high
C09503,371,2017.6,Visakhapatnam,low
C09504,52,924.69,Vijayawada,medium
C09505,715,5983.54,Hyderabad,high
C09506,960,3427.22,Vijayawada,medium
C09507,71,1663.83,Chennai,low
C09508,774,2887.66,Kolkata,medium
C09509,98,1384.56,Pune,low
C09510,496,3085.56,Delhi,medium
C09511,576,380.44,Kolkata,high
C09512,1072,927.67,Delhi,low
C09513,85,3401.8,Kolkata,medium
C09514,1350,1530.37,Ahmedabad,high
C09515,462,2059.97,Hyderabad,medium
C09516,994,750.04,Bengaluru,high
C09517,307,5982.87,Mumbai,high
C09518,405,3902.55,Kolkata,medium
C09519,1003,1579.87,Visakhapatnam,high
C09520,605,1383.66,Bengaluru,high
C09521,63,3514.96,Vijayawada,medium
C09522,1070,6529.91,Vijayawada,medium
C09523,703,3345.88,Delhi,high
C09524,704,7385.06,Visakhapatnam,low
C09525,823,988.33,Ahmedabad,low
C09526,1202,1056.74,Kolkata,low
C09527,653,831.08,Mumbai,high
C09528,1084,2398.71,Visakhapatnam,high
C09529,1016,2017.64,Kolkata,low
C09530,674,1630.71,Pune,low
C09531,1403,3045.93,Chennai,high
C09532,312,4010.04,Mumbai,low
C09533,1452,667.71,Ahmedabad,low
C09534,567,1221.1,Vijayawada,medium
C09535,1463,3067.55,Bengaluru,high
C09536,852,1328.11,Ahmedabad,low
C09537,863,1071.39,Kolkata,low
C09538,412,3489.77,Hyderabad,low
C09539,853,778.5,Mumbai,high
C09540,1414,1479.58,Hyderabad,medium
C09541,422,2228.67,Visakhapatnam,high
C09542,393,1239.62,Vijayawada,high
C09543,194,2994.68,Visakhapatnam,high
C09544,357,1243.61,Ahmedabad,low
C09545,1180,4496.9,Mumbai,medium
C09546,1468,1658.73,Pune,low
C09547,507,2784.62,Ahmedabad,low
C09548,967,2923.27,Hyderabad,high
C09549,896,1197.08,Chennai,high
C09550,567,473.8,Mumbai,medium
C09551,1232,2275.68,Chennai,low
C09552,91,1886.6,Delhi,high
C09553,1454,2583.32,Visakhapatnam,high
C09554,1436,1553.55,Delhi,low
C09555,1411,1360.71,Delhi,medium
C09556,649,6641.21,Visakhapatnam,high
C09557,69,691.26,Bengaluru,medium
C09558,764,2900.42,Visakhapatnam,high
C09559,887,1238.99,Ahmedabad,low
C09560,809,1447.06,Visakhapatnam,low
C09561,160,1464.73,Visakhapatnam,medium
C09562,1133,1067.75,Ahmedabad,low
C09563,34,2609.3,Pune,medium
C09564,1273,4444.67,Vijayawada,low
C09565,586,2443.17,Delhi,high
C09566,1079,1925.11,Chennai,high
C09567,532,948.0,Hyderabad,high
C09568,330,2518.65,Bengaluru,medium
C09569,1133,7311.25,Bengaluru,medium
C09570,995,1405.42,Vijayawada,low
C09571,821,1409.73,Kolkata,high
C09572,585,1249.92,Delhi,high
C09573,263,1309.53,Pune,high
C09574,1110,302.2,Visakhapatnam,low
C09575,240,2342.13,Kolkata,high
C09576,547,1038.92,Visakhapatnam,high
C09577,1377,631.99,Mumbai,high
C09578,1076,2936.92,Bengaluru,medium
C09579,33,890.9,Delhi,medium
C09580,124,1444.34,Bengaluru,medium
C09581,141,4669.14,Visakhapatnam,low
C09582,874,720.22,Chennai,low
C09583,943,664.71,Hyderabad,low
C09584,93,2144.35,Vijayawada,high
C09585,1134,3799.82,Hyderabad,high
C09586,1341,646.92,Bengaluru,medium
C09587,356,2346.17,Kolkata,low
C09588,1112,2625.93,Mumbai,high
C09589,879,472.05,Vijayawada,low
C09590,1363,3024.7,Chennai,medium
C09591,1108,3182.22,Pune,low
C09592,1382,1469.8,Hyderabad,medium
C09593,331,4062.55,Vijayawada,high
C09594,1381,3767.77,Visakhapatnam,medium
C09595,1187,1924.78,Mumbai,high
C09596,1354,1342.25,Ahmedabad,high
C09597,594,956.43,Bengaluru,low
C09598,888,1756.58,Vijayawada,low
C09599,896,2606.82,Visakhapatnam,high
C09600,260,1458.01,Visakhapatnam,medium
C09601,255,431.46,Mumbai,medium
C09602,861,4106.01,Kolkata,low
C09603,61,2036.91,Vijayawada,low
C09604,1116,1406.4,Mumbai,low
C09605,521,3142.25,Visakhapatnam,low
C09606,964,4849.14,Hyderabad,high
C09607,388,291.28,Kolkata,low
C09608,1407,2387.05,Chennai,medium
C09609,581,712.1,Delhi,medium
C09610,1248,2489.82,Kolkata,high
C09611,1363,1956.07,Mumbai,high
C09612,548,2721.03,Pune,high
C09613,1423,1301.19,Ahmedabad,low
C09614,196,532.69,Mumbai,low
C09615,634,1343.19,Mumbai,medium
C09616,362,2344.89,Pune,low
C09617,865,3482.64,Visakhapatnam,low
C09618,1229,840.38,Bengaluru,low
C09619,486,3509.16,Ahmedabad,medium
C09620,539,1181.36,Hyderabad,low
C09621,1159,2278.19,Chennai,high
C09622,954,1292.21,Kolkata,high
C09623,150,2026.27,Delhi,high
C09624,801,3213.97,Ahmedabad,low
C09625,300,810.77,Chennai,low
C09626,798,1157.02,Pune,low
C09627,1442,2029.95,Chennai,low
C09628,750,8574.7,Pune,low
C09629,1460,1027.07,Kolkata,medium
C09630,1056,6779.3,Bengaluru,high
C09631,1121,6623.75,Ahmedabad,medium
C09632,600,1689.67,Hyderabad,low
C09633,849,1482.88,Chennai,high
C09634,1149,1147.91,Mumbai,low
C09635,751,1721.95,Visakhapatnam,medium
C09636,1050,721.39,Delhi,high
C09637,786,1712.97,Chennai,high
C09638,849,4762.43,Kolkata,low
C09639,434,1209.95,Mumbai,low
C09640,906,1539.28,Hyderabad,medium
C09641,855,595.74,Ahmedabad,high
C09642,1309,2295.45,Vijayawada,medium
C09643,611,2137.63,Visakhapatnam,low
C09644,294,1876.1,Pune,high
C09645,665,1563.38,Visakhapatnam,medium
C09646,1395,1488.09,Mumbai,low
C09647,133,2494.33,Chennai,low
C09648,1268,1766.6,Vijayawada,medium
C09649,407,2208.95,Mumbai,medium
C09650,1184,2069.95,Visakhapatnam,low
C09651,52,3736.0,Kolkata,medium
C09652,845,2795.0,Bengaluru,medium
C09653,1195,2040.4,Visakhapatnam,medium
C09654,392,4829.59,Delhi,medium
C09655,802,2365.43,Visakhapatnam,high
C09656,1260,4203.9,Mumbai,high
C09657,1265,2670.59,Vijayawada,low
C09658,471,543.64,Pune,high
C09659,1007,4203.55,Kolkata,high
C09660,1084,1965.31,Ahmedabad,high
C09661,1044,1740.23,Ahmedabad,high
C09662,413,2161.2,Pune,medium
C09663,55,1438.42,Chennai,low
C09664,535,2086.22,Chennai,high
C09665,383,1225.15,Hyderabad,high
C09666,545,4120.87,Visakhapatnam,low
C09667,225,1671.89,Pune,low
C09668,1265,1403.69,Vijayawada,high
C09669,418,986.67,Visakhapatnam,low
C09670,346,2143.61,Mumbai,medium
C09671,50,2032.78,Hyderabad,low
C09672,166,2316.98,Chennai,medium
C09673,131,923.18,Ahmedabad,medium
C09674,330,635.73,Visakhapatnam,high
C09675,167,2703.16,Chennai,high
C09676,1365,4724.7,Delhi,low
C09677,612,923.72,Visakhapatnam,low
C09678,475,5057.76,Chennai,low
C09679,64,2164.8,Delhi,high
C09680,1207,1791.76,Ahmedabad,medium
C09681,341,1390.11,Vijayawada,medium
C09682,301,731.87,Hyderabad,high
C09683,1285,3420.58,Vijayawada,medium
C09684,1349,1087.24,Pune,high
C09685,815,1084.28,Chennai,low
C09686,1396,3429.93,Mumbai,medium
C09687,53,529.33,Pune,high
C09688,1482,668.61,Mumbai,low
C09689,1092,1778.91,Mumbai,low
C09690,719,2178.03,Delhi,low
C09691,1197,2466.66,Ahmedabad,medium
C09692,906,1479.37,Visakhapatnam,low
C09693,1304,9323.4,Chennai,high
C09694,1300,1552.17,Kolkata,low
C09695,1194,1549.26,Vijayawada,low
C09696,1359,1072.24,Pune,medium
C09697,1123,1950.97,Mumbai,low
C09698,204,2684.55,Ahmedabad,high
C09699,776,3935.79,Delhi,high
C09700,35,683.69,Ahmedabad,high
C09701,866,1534.02,Kolkata,low
C09702,1107,2406.43,Kolkata,high
C09703,712,2636.29,Ahmedabad,low
C09704,1364,1807.68,Chennai,low
C09705,664,2560.91,Delhi,medium
C09706,1035,1063.92,Chennai,low
C09707,1485,4955.14,Mumbai,medium
C09708,491,3431.49,Bengaluru,high
C09709,427,750.95,Ahmedabad,high
C09710,1297,894.91,Pune,medium
C09711,228,911.46,Hyderabad,low
C09712,1046,2796.78,Ahmedabad,medium
C09713,432,780.92,Mumbai,low
C09714,1046,1451.53,Pune,low
C09715,492,2418.98,Kolkata,low
C09716,1208,1724.23,Mumbai,low
C09717,330,2129.88,Pune,high
C09718,1225,900.34,Visakhapatnam,high
C09719,175,2649.69,Visakhapatnam,low
C09720,1086,1208.28,Ahmedabad,low
C09721,460,1457.59,Ahmedabad,low
C09722,418,2100.79,Chennai,high
C09723,406,1924.73,Chennai,medium
C09724,593,1828.28,Ahmedabad,medium
C09725,1156,1105.04,Visakhapatnam,low
C09726,584,1481.54,Ahmedabad,medium
C09727,82,1802.56,Ahmedabad,high
C09728,1124,736.37,Kolkata,low
C09729,491,1332.61,Pune,low
C09730,40,2315.85,Ahmedabad,medium
C09731,688,784.63,Bengaluru,high
C09732,176,3817.38,Ahmedabad,high
C09733,99,4108.41,Vijayawada,medium
C09734,213,801.27,Ahmedabad,high
C09735,519,4350.28,Mumbai,high
C09736,1244,1639.61,Pune,low
C09737,578,2362.74,Pune,medium
C09738,424,1303.38,Chennai,low
C09739,1269,3279.75,Bengaluru,high
C09740,755,2343.74,Vijayawada,low
C09741,735,1060.34,Pune,high
C09742,191,844.01,Bengaluru,medium
C09743,955,696.69,Chennai,medium
C09744,1298,2033.89,Kolkata,high
C09745,779,2611.42,Delhi,high
C09746,1394,2748.11,Bengaluru,medium
C09747,126,1667.12,Ahmedabad,medium
C09748,35,848.52,Hyderabad,medium
C09749,53,1155.39,Visakhapatnam,low
C09750,55,3806.89,Chennai,medium
C09751,668,1313.61,Bengaluru,high
C09752,595,1975.87,Hyderabad,low
C09753,1267,894.59,Vijayawada,low
C09754,394,2240.2,Bengaluru,high
C09755,79,1336.82,Delhi,high
C09756,813,3554.27,Kolkata,low
C09757,111,2976.06,Delhi,high
C09758,791,1304.18,Vijayawada,high
C09759,847,1657.74,Chennai,high
C09760,1450,1258.05,Hyderabad,high
C09761,940,715.45,Vijayawada,high
C09762,55,1030.92,Mumbai,medium
C09763,688,2047.52,Mumbai,high
C09764,1459,2223.77,Pune,low
C09765,812,1982.47,Chennai,high
C09766,925,1479.43,Visakhapatnam,low
C09767,447,3301.18,Delhi,medium
C09768,885,1875.9,Mumbai,low
C09769,143,2843.12,Delhi,high
C09770,989,568.27,Chennai,medium
C09771,72,140.61,Vijayawada,high
C09772,139,2164.63,Kolkata,medium
C09773,117,712.97,Vijayawada,high
C09774,1269,1567.83,Vijayawada,medium
C09775,117,1479.08,Visakhapatnam,low
C09776,114,5051.05,Bengaluru,high
C09777,1462,2334.47,Visakhapatnam,low
C09778,1137,2004.9,Chennai,low
C09779,191,3101.33,Bengaluru,low
C09780,1424,2287.16,Mumbai,medium
C09781,805,1336.82,Bengaluru,low
C09782,716,3611.94,Vijayawada,medium
C09783,1163,874.98,Pune,high
C09784,126,2220.87,Pune,low
C09785,847,658.27,Delhi,low
C09786,1377,2055.15,Bengaluru,low
C09787,1246,2040.57,Kolkata,low
C09788,634,5352.06,Ahmedabad,high
C09789,1406,650.87,Mumbai,low
C09790,67,1218.0,Pune,low
C09791,1260,3072.62,Ahmedabad,high
C09792,44,2238.36,Ahmedabad,medium
C09793,588,2023.82,Pune,high
C09794,600,966.86,Chennai,medium
C09795,1459,1226.0,Hyderabad,high
C09796,1420,4043.31,Mumbai,high
C09797,432,1740.73,Bengaluru,medium
C09798,160,2297.38,Chennai,medium
C09799,180,1670.15,Visakhapatnam,high
C09800,724,834.25,Delhi,high
C09801,587,3302.78,Kolkata,medium
C09802,823,2496.49,Kolkata,low
C09803,864,8056.27,Mumbai,low
C09804,699,930.21,Visakhapatnam,medium
C09805,35,3072.4,Pune,low
C09806,57,767.42,Mumbai,high
C09807,817,1993.84,Bengaluru,high
C09808,1124,3395.72,Chennai,low
C09809,295,468.09,Pune,medium
C09810,1167,1575.51,Ahmedabad,low
C09811,472,1248.2,Kolkata,high
C09812,851,1140.55,Hyderabad,medium
C09813,136,2312.14,Kolkata,low
C09814,115,3729.34,Kolkata,medium
C09815,518,1650.63,Kolkata,low
C09816,789,2057.21,Hyderabad,low
C09817,1117,1938.84,Bengaluru,high
C09818,1326,1802.11,Kolkata,medium
C09819,46,886.67,Visakhapatnam,high
C09820,1233,3699.79,Bengaluru,low
C09821,473,2180.74,Visakhapatnam,low
C09822,1243,2326.72,Bengaluru,low
C09823,150,1065.62,Delhi,high
C09824,89,1335.48,Mumbai,medium
C09825,307,1605.28,Hyderabad,high
C09826,567,664.05,Pune,low
C09827,1440,600.83,Delhi,medium
C09828,789,1218.11,Visakhapatnam,medium
C09829,1455,2527.99,Visakhapatnam,medium
C09830,503,1177.33,Bengaluru,high
C09831,1359,928.27,Mumbai,medium
C09832,115,1059.97,Hyderabad,high
C09833,1497,1338.85,Vijayawada,medium
C09834,118,1430.15,Mumbai,medium
C09835,744,7354.97,Ahmedabad,medium
C09836,1384,3572.59,Pune,medium
C09837,589,3503.95,Visakhapatnam,low
C09838,119,3847.27,Pune,medium
C09839,1170,940.4,Visakhapatnam,medium
C09840,1450,813.22,Chennai,medium
C09841,491,876.62,Vijayawada,low
C09842,284,4285.41,Vijayawada,low
C09843,1321,1261.26,Vijayawada,low
C09844,1152,798.04,Visakhapatnam,medium
C09845,742,1360.21,Pune,high
C09846,462,1541.4,Chennai,medium
C09847,706,2143.1,Kolkata,medium
C09848,351,2118.92,Mumbai,high
C09849,1434,1050.71,Pune,low
C09850,282,2810.78,Ahmedabad,high
C09851,1043,1188.05,Hyderabad,medium
C09852,1462,1626.14,Kolkata,medium
C09853,54,2812.83,Delhi,medium
C09854,240,1186.02,Kolkata,low
C09855,664,1243.22,Vijayawada,medium
C09856,92,2644.21,Ahmedabad,low
C09857,636,1030.72,Ahmedabad,high
C09858,345,1401.68,Kolkata,medium
C09859,62,2583.17,Mumbai,low
C09860,753,6841.09,Bengaluru,medium
C09861,1062,2667.92,Pune,low
C09862,175,2447.34,Pune,low
C09863,1424,2541.64,Hyderabad,low
C09864,933,896.02,Delhi,high
C09865,1330,1940.46,Bengaluru,medium
C09866,1047,1765.51,Bengaluru,medium
C09867,896,2218.47,Hyderabad,medium
C09868,1108,1941.61,Ahmedabad,high
C09869,156,2303.87,Pune,low
C09870,397,1470.1,Chennai,medium
C09871,183,1869.9,Delhi,low
C09872,1239,810.34,Pune,medium
C09873,935,1462.06,Visakhapatnam,medium
C09874,145,4445.22,Kolkata,medium
C09875,778,2214.47,Delhi,low
C09876,1422,1775.69,Pune,high
C09877,987,6173.51,Visakhapatnam,low
C09878,683,743.23,Ahmedabad,low
C09879,1202,875.15,Bengaluru,high
C09880,1104,5479.69,Visakhapatnam,high
C09881,844,1854.59,Kolkata,high
C09882,645,1537.42,Kolkata,high
C09883,469,825.56,Kolkata,medium
C09884,825,2407.98,Bengaluru,high
C09885,511,2564.3,Delhi,medium
C09886,1491,883.7,Visakhapatnam,medium
C09887,570,1643.14,Vijayawada,medium
C09888,840,1447.3,Vijayawada,low
C09889,796,2125.85,Ahmedabad,low
C09890,410,869.6,Delhi,high
C09891,1451,4061.5,Ahmedabad,medium
C09892,211,3264.39,Vijayawada,medium
C09893,530,1421.51,Hyderabad,high
C09894,235,1563.79,Visakhapatnam,low
C09895,365,1647.26,Hyderabad,high
C09896,767,1085.33,Kolkata,medium
C09897,525,1349.26,Delhi,low
C09898,324,1510.0,Visakhapatnam,high
C09899,1011,5135.37,Delhi,high
C09900,302,3330.39,Delhi,high
C09901,859,3304.59,Chennai,medium
C09902,111,2289.28,Mumbai,high
C09903,303,870.68,Pune,low
C09904,365,1752.1,Kolkata,medium
C09905,800,3382.46,Visakhapatnam,high
C09906,1366,794.47,Mumbai,medium
C09907,368,2722.49,Ahmedabad,medium
C09908,514,8145.64,Visakhapatnam,high
C09909,356,3589.34,Delhi,high
C09910,1125,4512.74,Pune,high
C09911,318,2074.47,Hyderabad,low
C09912,518,3376.85,Mumbai,low
C09913,1208,1128.83,Bengaluru,medium
C09914,1440,3019.52,Hyderabad,low
C09915,896,2754.23,Visakhapatnam,low
C09916,496,2173.26,Mumbai,high
C09917,601,4234.19,Chennai,low
C09918,465,1268.17,Chennai,medium
C09919,1381,1593.92,Bengaluru,high
C09920,1240,1915.23,Vijayawada,low
C09921,1275,921.77,Hyderabad,high
C09922,1019,2086.09,Pune,medium
C09923,202,588.89,Pune,medium
C09924,1443,3554.83,Pune,low
C09925,826,1855.4,Hyderabad,medium
C09926,692,1283.01,Kolkata,high
C09927,1442,1046.49,Visakhapatnam,high
C09928,172,1545.44,Delhi,high
C09929,482,2815.54,Bengaluru,low
C09930,37,2569.77,Kolkata,medium
C09931,533,1137.9,Delhi,high
C09932,346,1038.59,Mumbai,medium
C09933,1310,2758.73,Mumbai,low
C09934,1039,1125.54,Ahmedabad,medium
C09935,986,1871.48,Delhi,low
C09936,184,1950.78,Kolkata,high
C09937,1066,2204.78,Hyderabad,medium
C09938,852,3144.52,Chennai,high
C09939,1009,792.04,Hyderabad,medium
C09940,37,519.72,Delhi,high
C09941,770,1244.76,Hyderabad,low
C09942,805,5805.35,Hyderabad,medium
C09943,1288,6700.62,Pune,low
C09944,1307,5918.32,Vijayawada,medium
C09945,307,1587.8,Chennai,low
C09946,106,565.19,Ahmedabad,high
C09947,639,392.51,Hyderabad,low
C09948,1045,1207.63,Chennai,low
C09949,1413,1582.55,Kolkata,medium
C09950,781,4192.06,Vijayawada,low
C09951,906,3164.07,Ahmedabad,medium
C09952,312,2086.73,Pune,high
C09953,34,1009.43,Kolkata,low
C09954,58,963.95,Hyderabad,low
C09955,1477,2123.3,Kolkata,low
C09956,1071,2831.68,Pune,high
C09957,856,2322.19,Chennai,medium
C09958,175,918.79,Chennai,high
C09959,947,2747.58,Chennai,medium
C09960,1248,2374.12,Ahmedabad,high
C09961,1230,897.5,Delhi,low
C09962,1100,1081.1,Delhi,high
C09963,1461,2815.98,Visakhapatnam,high
C09964,1022,1545.51,Visakhapatnam,high
C09965,1480,5056.79,Chennai,high
C09966,188,2493.08,Chennai,high
C09967,1476,1311.9,Vijayawada,medium
C09968,100,1788.1,Visakhapatnam,high
C09969,1300,1875.71,Pune,medium
C09970,59,1121.13,Chennai,high
C09971,1468,994.62,Delhi,low
C09972,883,2839.68,Kolkata,medium
C09973,473,3118.07,Mumbai,low
C09974,485,2665.11,Visakhapatnam,medium
C09975,810,4819.85,Bengaluru,low
C09976,236,1265.71,Mumbai,high
C09977,1152,5344.47,Visakhapatnam,high
C09978,1122,1002.19,Bengaluru,high
C09979,243,931.97,Pune,high
C09980,620,573.39,Vijayawada,medium
C09981,496,1347.19,Chennai,low
C09982,38,1297.41,Bengaluru,low
C09983,1432,2533.61,Ahmedabad,medium
C09984,1461,2109.21,Mumbai,low
C09985,425,828.91,Visakhapatnam,high
C09986,1470,1394.47,Chennai,medium
C09987,644,1413.88,Mumbai,high
C09988,360,567.45,Pune,medium
C09989,1494,951.39,Ahmedabad,high
C09990,1062,1090.63,Ahmedabad,low
C09991,1081,4570.59,Vijayawada,high
C09992,319,2038.53,Mumbai,low
C09993,952,2768.2,Vijayawada,high
C09994,1148,679.55,Ahmedabad,low
C09995,705,3911.91,Vijayawada,medium
C09996,168,4193.36,Kolkata,high
C09997,131,491.09,Kolkata,high
C09998,187,1138.07,Delhi,high
C09999,553,2484.41,Visakhapatnam,high
C10000,787,2736.39,Kolkata,medium
